{
"type": "FeatureCollection",
"name": "London_GLA_Boundary",
"features": [
{ "type": "Feature", "properties": { "NAME": "London Euro Region", "HECTARES": 159469.7, "NONLD_AREA": 2129.716, "POLY_ID": 124433 }, "geometry": { "type": "Polygon", "coordinates": [ [ [ -0.096888, 51.6905515 ], [ -0.0972546, 51.6906078 ], [ -0.0982085, 51.6908391 ], [ -0.0984625, 51.6909232 ], [ -0.0987451, 51.6909476 ], [ -0.0993759, 51.6910162 ], [ -0.0995614, 51.6911119 ], [ -0.1002991, 51.6911858 ], [ -0.1010156, 51.6912828 ], [ -0.1017068, 51.6913624 ], [ -0.1023328, 51.6914777 ], [ -0.1028384, 51.6915659 ], [ -0.1033659, 51.6916832 ], [ -0.1038411, 51.6917727 ], [ -0.1041903, 51.6917963 ], [ -0.1048739, 51.6918478 ], [ -0.1055674, 51.6918716 ], [ -0.1058047, 51.6918727 ], [ -0.1061128, 51.6918741 ], [ -0.1067466, 51.6918726 ], [ -0.1075198, 51.691859 ], [ -0.1081756, 51.6918165 ], [ -0.1092826, 51.6917426 ], [ -0.1097746, 51.6916723 ], [ -0.1096462, 51.6914904 ], [ -0.1105601, 51.691328 ], [ -0.1112641, 51.6912044 ], [ -0.1122532, 51.691009 ], [ -0.1126368, 51.6909 ], [ -0.1129223, 51.6908192 ], [ -0.1134049, 51.6905923 ], [ -0.1137937, 51.6904267 ], [ -0.1141592, 51.6903013 ], [ -0.114796, 51.690156 ], [ -0.1151994, 51.6900231 ], [ -0.1157191, 51.6898435 ], [ -0.1162026, 51.6896633 ], [ -0.1168762, 51.689434 ], [ -0.1178197, 51.689218 ], [ -0.1180138, 51.6891087 ], [ -0.117996, 51.6889808 ], [ -0.1182728, 51.6889348 ], [ -0.1184423, 51.6890329 ], [ -0.1189537, 51.6889808 ], [ -0.1194464, 51.6889267 ], [ -0.1202203, 51.6888257 ], [ -0.1207425, 51.6887235 ], [ -0.1209041, 51.6887 ], [ -0.1212169, 51.6886564 ], [ -0.1212724, 51.6886447 ], [ -0.1213555, 51.6886281 ], [ -0.1214386, 51.6886132 ], [ -0.1215216, 51.6886002 ], [ -0.121606, 51.688588 ], [ -0.1216919, 51.6885768 ], [ -0.1217573, 51.6885698 ], [ -0.1218314, 51.688562 ], [ -0.1219054, 51.688555 ], [ -0.1219794, 51.6885499 ], [ -0.1220548, 51.6885466 ], [ -0.1221215, 51.6885441 ], [ -0.1222083, 51.6885428 ], [ -0.1222951, 51.6885424 ], [ -0.1223819, 51.6885438 ], [ -0.1223906, 51.6885439 ], [ -0.1224772, 51.6885471 ], [ -0.1225639, 51.6885512 ], [ -0.122649, 51.688557 ], [ -0.1230648, 51.6885772 ], [ -0.1241586, 51.6886459 ], [ -0.1251061, 51.6886853 ], [ -0.1260326, 51.6887424 ], [ -0.1266475, 51.6887764 ], [ -0.1272148, 51.688808 ], [ -0.127916, 51.6888542 ], [ -0.1287371, 51.6888718 ], [ -0.1294568, 51.6888896 ], [ -0.1298094, 51.6888997 ], [ -0.1302747, 51.6889125 ], [ -0.1312666, 51.6888932 ], [ -0.1321861, 51.6889087 ], [ -0.1327937, 51.6889103 ], [ -0.133281, 51.6888803 ], [ -0.1337097, 51.6888358 ], [ -0.1337126, 51.6887657 ], [ -0.1337549, 51.6887214 ], [ -0.1338279, 51.6887046 ], [ -0.1342367, 51.688685 ], [ -0.1346746, 51.6888035 ], [ -0.1354042, 51.6887224 ], [ -0.1361774, 51.6886007 ], [ -0.1369373, 51.688486 ], [ -0.1376817, 51.688362 ], [ -0.138426, 51.6882057 ], [ -0.1389363, 51.6880735 ], [ -0.1396111, 51.6879178 ], [ -0.140347, 51.6877181 ], [ -0.1410028, 51.6875298 ], [ -0.1416047, 51.6873532 ], [ -0.1424085, 51.6870844 ], [ -0.1432934, 51.6867792 ], [ -0.1435135, 51.6867035 ], [ -0.1440872, 51.6865067 ], [ -0.1446831, 51.6863318 ], [ -0.1450446, 51.6862673 ], [ -0.1453728, 51.6862347 ], [ -0.1456173, 51.6861298 ], [ -0.1461403, 51.686005 ], [ -0.1466514, 51.685924 ], [ -0.1473629, 51.6858588 ], [ -0.1479236, 51.6857678 ], [ -0.1487751, 51.6856059 ], [ -0.1493951, 51.685515 ], [ -0.1498399, 51.6855319 ], [ -0.1504862, 51.6855411 ], [ -0.1510109, 51.685589 ], [ -0.1514695, 51.6856241 ], [ -0.1520196, 51.6856858 ], [ -0.1526619, 51.6857579 ], [ -0.1532829, 51.685854 ], [ -0.1539915, 51.6860027 ], [ -0.1546916, 51.6861495 ], [ -0.1549036, 51.6862014 ], [ -0.1556198, 51.6863754 ], [ -0.1562296, 51.686537 ], [ -0.1569061, 51.6867625 ], [ -0.1570787, 51.6868245 ], [ -0.1570857, 51.6868283 ], [ -0.1571084, 51.6868394 ], [ -0.1571297, 51.6868514 ], [ -0.1571509, 51.6868634 ], [ -0.157172, 51.6868764 ], [ -0.1571917, 51.6868902 ], [ -0.1572127, 51.6869076 ], [ -0.1572337, 51.6869259 ], [ -0.1572547, 51.6869433 ], [ -0.1572786, 51.6869608 ], [ -0.1573025, 51.6869764 ], [ -0.157335, 51.6869958 ], [ -0.1573704, 51.6870153 ], [ -0.1574058, 51.6870329 ], [ -0.1574427, 51.6870506 ], [ -0.1574796, 51.6870682 ], [ -0.1575137, 51.6870832 ], [ -0.1575522, 51.6870981 ], [ -0.1575921, 51.6871132 ], [ -0.157632, 51.6871282 ], [ -0.157672, 51.6871414 ], [ -0.1577134, 51.6871537 ], [ -0.1580167, 51.6872376 ], [ -0.1592534, 51.6874944 ], [ -0.1596737, 51.6875828 ], [ -0.1600181, 51.6876152 ], [ -0.1605242, 51.6876933 ], [ -0.1610424, 51.687758 ], [ -0.1615121, 51.6878769 ], [ -0.1621005, 51.6879967 ], [ -0.1627129, 51.6880935 ], [ -0.1631929, 51.6881001 ], [ -0.163518, 51.6881115 ], [ -0.1635216, 51.6874857 ], [ -0.1635897, 51.6866972 ], [ -0.1635791, 51.6862438 ], [ -0.1635286, 51.6859193 ], [ -0.1634972, 51.685623 ], [ -0.1635018, 51.685079 ], [ -0.1635596, 51.6845098 ], [ -0.1635931, 51.6843953 ], [ -0.1636319, 51.6823996 ], [ -0.1646923, 51.6813254 ], [ -0.1651979, 51.6808046 ], [ -0.1653581, 51.6806704 ], [ -0.1654697, 51.6805948 ], [ -0.1670595, 51.6789093 ], [ -0.1678488, 51.678097 ], [ -0.1682581, 51.6776304 ], [ -0.1699674, 51.6757741 ], [ -0.1703455, 51.6753636 ], [ -0.1716002, 51.6740172 ], [ -0.1724982, 51.6730879 ], [ -0.1749837, 51.673212 ], [ -0.1753546, 51.6734462 ], [ -0.1756829, 51.6731599 ], [ -0.1754657, 51.6725891 ], [ -0.1764109, 51.6726416 ], [ -0.1770314, 51.6726764 ], [ -0.1767365, 51.6720963 ], [ -0.1778712, 51.6713541 ], [ -0.178325, 51.6710383 ], [ -0.1794235, 51.6703315 ], [ -0.179957, 51.6699755 ], [ -0.1815688, 51.6689448 ], [ -0.1821104, 51.6686007 ], [ -0.1825189, 51.6685845 ], [ -0.1849681, 51.6684875 ], [ -0.1849903, 51.6685472 ], [ -0.1858293, 51.6685062 ], [ -0.1878154, 51.667876 ], [ -0.1889784, 51.6664893 ], [ -0.1894924, 51.6658561 ], [ -0.189414, 51.6658261 ], [ -0.1903576, 51.6647193 ], [ -0.1909697, 51.6639824 ], [ -0.1910319, 51.6639447 ], [ -0.1910918, 51.6638935 ], [ -0.191244, 51.6641026 ], [ -0.1915538, 51.6643466 ], [ -0.1918499, 51.6645004 ], [ -0.1922743, 51.6646634 ], [ -0.1925559, 51.664746 ], [ -0.193852, 51.664988 ], [ -0.1951607, 51.6652051 ], [ -0.195777, 51.6653063 ], [ -0.1966898, 51.6654786 ], [ -0.1966733, 51.6654945 ], [ -0.1960717, 51.6663683 ], [ -0.1956317, 51.6670719 ], [ -0.1953467, 51.6675118 ], [ -0.1953189, 51.6676282 ], [ -0.1948771, 51.6683022 ], [ -0.19565, 51.66843 ], [ -0.1961841, 51.6685264 ], [ -0.196639, 51.6681431 ], [ -0.1969608, 51.6681588 ], [ -0.197385, 51.6681842 ], [ -0.1986205, 51.6682068 ], [ -0.1987347, 51.6682085 ], [ -0.1988795, 51.6682035 ], [ -0.1990299, 51.6682032 ], [ -0.199138, 51.6685034 ], [ -0.1992287, 51.668734 ], [ -0.1993754, 51.6690097 ], [ -0.1995304, 51.6693663 ], [ -0.1997003, 51.6698599 ], [ -0.1998964, 51.6701669 ], [ -0.2001453, 51.6701257 ], [ -0.2010892, 51.6700637 ], [ -0.2018111, 51.6700559 ], [ -0.2024064, 51.6700695 ], [ -0.2033776, 51.670123 ], [ -0.2026331, 51.6693113 ], [ -0.2026173, 51.6691268 ], [ -0.2025473, 51.6689593 ], [ -0.2024053, 51.6684554 ], [ -0.2022547, 51.6678021 ], [ -0.2026949, 51.6679338 ], [ -0.2028584, 51.6680046 ], [ -0.2031876, 51.6680888 ], [ -0.2032961, 51.6681615 ], [ -0.2035814, 51.6682234 ], [ -0.2038866, 51.6683324 ], [ -0.2047353, 51.668482 ], [ -0.2056592, 51.6685978 ], [ -0.2057606, 51.6684833 ], [ -0.2070865, 51.6674245 ], [ -0.2074516, 51.6671154 ], [ -0.2079842, 51.6665911 ], [ -0.2098635, 51.6675595 ], [ -0.2111585, 51.6669516 ], [ -0.2104462, 51.6661287 ], [ -0.209724, 51.6653012 ], [ -0.2078886, 51.6628579 ], [ -0.2081225, 51.6627931 ], [ -0.2100122, 51.6621718 ], [ -0.2110386, 51.6618089 ], [ -0.2115612, 51.6616109 ], [ -0.2119091, 51.6614768 ], [ -0.2121599, 51.6613503 ], [ -0.2124499, 51.6615876 ], [ -0.2128391, 51.6619469 ], [ -0.213418, 51.6623748 ], [ -0.2135256, 51.6623224 ], [ -0.2145466, 51.6618416 ], [ -0.2148055, 51.6616918 ], [ -0.2171525, 51.660616 ], [ -0.2189195, 51.6600583 ], [ -0.2192723, 51.6607965 ], [ -0.2194403, 51.6607514 ], [ -0.2198257, 51.6606574 ], [ -0.2202642, 51.6604626 ], [ -0.2212622, 51.6599733 ], [ -0.2216281, 51.6597495 ], [ -0.2229034, 51.6591547 ], [ -0.2239385, 51.6586038 ], [ -0.2249986, 51.6581154 ], [ -0.22559, 51.6578528 ], [ -0.2260689, 51.6576226 ], [ -0.2258882, 51.6574742 ], [ -0.2264875, 51.6571586 ], [ -0.226635, 51.6572679 ], [ -0.2270025, 51.6575585 ], [ -0.2273196, 51.657878 ], [ -0.2279933, 51.6584718 ], [ -0.2280828, 51.6585882 ], [ -0.2282361, 51.658845 ], [ -0.2284757, 51.6591885 ], [ -0.2282943, 51.6592065 ], [ -0.2283856, 51.6593868 ], [ -0.2284414, 51.6595504 ], [ -0.2285135, 51.6599624 ], [ -0.2288377, 51.6599161 ], [ -0.228944, 51.6599725 ], [ -0.2294877, 51.6598593 ], [ -0.2297734, 51.659726 ], [ -0.2299177, 51.6597336 ], [ -0.2301259, 51.6596585 ], [ -0.2305819, 51.6594595 ], [ -0.2307271, 51.659405 ], [ -0.2310397, 51.6593612 ], [ -0.2311536, 51.6592954 ], [ -0.2312985, 51.6592113 ], [ -0.2324524, 51.6587988 ], [ -0.2332685, 51.6585225 ], [ -0.2335644, 51.6584226 ], [ -0.2338892, 51.6583627 ], [ -0.2340974, 51.6583245 ], [ -0.2342521, 51.6582495 ], [ -0.2344132, 51.6585685 ], [ -0.234732, 51.6589977 ], [ -0.2349515, 51.6590046 ], [ -0.2351419, 51.6590155 ], [ -0.2357809, 51.6589424 ], [ -0.2362156, 51.6588797 ], [ -0.2364896, 51.6588236 ], [ -0.2367027, 51.6587719 ], [ -0.2370076, 51.6586632 ], [ -0.2371149, 51.6586189 ], [ -0.2372677, 51.6585925 ], [ -0.2376914, 51.6584046 ], [ -0.2383004, 51.6582465 ], [ -0.2379959, 51.657786 ], [ -0.2384931, 51.6576397 ], [ -0.239224, 51.6573962 ], [ -0.2396437, 51.657273 ], [ -0.239983, 51.6571728 ], [ -0.2410183, 51.6568323 ], [ -0.2413901, 51.6572011 ], [ -0.2419093, 51.6570461 ], [ -0.2421296, 51.6569577 ], [ -0.2423931, 51.6568726 ], [ -0.2426003, 51.6568227 ], [ -0.2427112, 51.6567974 ], [ -0.2428682, 51.6567763 ], [ -0.2430088, 51.6567667 ], [ -0.2431895, 51.6567659 ], [ -0.2433812, 51.6567435 ], [ -0.2436495, 51.6566855 ], [ -0.2439232, 51.6565979 ], [ -0.2440107, 51.6565794 ], [ -0.244171, 51.6565449 ], [ -0.244413, 51.6564928 ], [ -0.244715, 51.6563103 ], [ -0.2451557, 51.6561289 ], [ -0.2458579, 51.6559164 ], [ -0.2460291, 51.6558641 ], [ -0.2464988, 51.6556787 ], [ -0.2467631, 51.6555747 ], [ -0.2478904, 51.6552445 ], [ -0.2480199, 51.655375 ], [ -0.2482945, 51.6555625 ], [ -0.2485111, 51.6556449 ], [ -0.2489022, 51.6558512 ], [ -0.2490071, 51.6559418 ], [ -0.2493729, 51.6560543 ], [ -0.2497357, 51.6561676 ], [ -0.2498712, 51.6560653 ], [ -0.2499779, 51.6560354 ], [ -0.2501105, 51.6560473 ], [ -0.2502775, 51.6561388 ], [ -0.250409, 51.6561048 ], [ -0.2504353, 51.6560971 ], [ -0.2504837, 51.6560771 ], [ -0.2506075, 51.6560538 ], [ -0.2508351, 51.6559268 ], [ -0.2510623, 51.6558061 ], [ -0.2511781, 51.6557296 ], [ -0.2512321, 51.6556782 ], [ -0.2512751, 51.6555359 ], [ -0.2512774, 51.6555144 ], [ -0.2512055, 51.6553182 ], [ -0.2512812, 51.6552662 ], [ -0.2513569, 51.6552143 ], [ -0.2511704, 51.6550641 ], [ -0.2510722, 51.6549862 ], [ -0.2509159, 51.6548786 ], [ -0.250816, 51.6548061 ], [ -0.2507567, 51.654771 ], [ -0.2505926, 51.6547138 ], [ -0.2503776, 51.6546656 ], [ -0.249881, 51.6546114 ], [ -0.2504451, 51.6520876 ], [ -0.2508893, 51.6502365 ], [ -0.2510787, 51.649448 ], [ -0.2512171, 51.6489321 ], [ -0.2512967, 51.6487031 ], [ -0.251404, 51.6483926 ], [ -0.2514186, 51.6483533 ], [ -0.2515816, 51.6479493 ], [ -0.2517652, 51.6474961 ], [ -0.2519005, 51.6472104 ], [ -0.2520713, 51.6469027 ], [ -0.2522753, 51.6465613 ], [ -0.2525834, 51.6461406 ], [ -0.2529906, 51.6456251 ], [ -0.2536934, 51.644712 ], [ -0.2540695, 51.6441781 ], [ -0.2545137, 51.6436766 ], [ -0.2547665, 51.6436049 ], [ -0.2553802, 51.6434305 ], [ -0.2554444, 51.6433389 ], [ -0.2554827, 51.6432846 ], [ -0.2555118, 51.6432419 ], [ -0.256196, 51.6434885 ], [ -0.2564926, 51.6431422 ], [ -0.2569102, 51.6425801 ], [ -0.257268, 51.641956 ], [ -0.2573567, 51.6418287 ], [ -0.2575078, 51.6418831 ], [ -0.257615, 51.6419144 ], [ -0.2577282, 51.6419394 ], [ -0.2579079, 51.6419637 ], [ -0.2584069, 51.6419909 ], [ -0.258415, 51.6420827 ], [ -0.2587605, 51.6421175 ], [ -0.2589387, 51.6421444 ], [ -0.2593159, 51.6422201 ], [ -0.2594004, 51.6422412 ], [ -0.2597554, 51.6423292 ], [ -0.2600479, 51.6423911 ], [ -0.2601781, 51.6424254 ], [ -0.2602809, 51.6424584 ], [ -0.260473, 51.6425358 ], [ -0.2607367, 51.6426701 ], [ -0.2608704, 51.6427638 ], [ -0.2609136, 51.6428076 ], [ -0.2609547, 51.6428658 ], [ -0.2610361, 51.6430423 ], [ -0.2610701, 51.6430977 ], [ -0.2611872, 51.6432496 ], [ -0.261243, 51.6433395 ], [ -0.261265, 51.6434072 ], [ -0.2612724, 51.6435917 ], [ -0.2612939, 51.643672 ], [ -0.2613143, 51.6437056 ], [ -0.2613614, 51.6437584 ], [ -0.2615138, 51.6438911 ], [ -0.2616286, 51.643989 ], [ -0.2617257, 51.644057 ], [ -0.2618435, 51.6441154 ], [ -0.2620457, 51.6441939 ], [ -0.2622216, 51.644281 ], [ -0.2624619, 51.6444222 ], [ -0.2626873, 51.6445766 ], [ -0.2627792, 51.6446292 ], [ -0.2629694, 51.6447192 ], [ -0.2631247, 51.6447782 ], [ -0.263229, 51.6448094 ], [ -0.2632962, 51.6448302 ], [ -0.2640575, 51.6437812 ], [ -0.2642506, 51.6438327 ], [ -0.2643829, 51.6436242 ], [ -0.2644739, 51.643702 ], [ -0.2645327, 51.6437514 ], [ -0.2645727, 51.6437997 ], [ -0.2646351, 51.6438329 ], [ -0.2646758, 51.6438632 ], [ -0.264749, 51.6439147 ], [ -0.2648189, 51.6439022 ], [ -0.2652351, 51.6440172 ], [ -0.265555, 51.6440417 ], [ -0.2667911, 51.6441076 ], [ -0.2683699, 51.6438305 ], [ -0.2683657, 51.6437891 ], [ -0.2684056, 51.6436144 ], [ -0.2684143, 51.643574 ], [ -0.2684221, 51.6434842 ], [ -0.2684281, 51.6432514 ], [ -0.2684125, 51.6430524 ], [ -0.2683326, 51.6427599 ], [ -0.2682704, 51.6423831 ], [ -0.2688054, 51.6422984 ], [ -0.2694349, 51.6422393 ], [ -0.2694613, 51.6422694 ], [ -0.2697458, 51.6421612 ], [ -0.2700609, 51.642084 ], [ -0.2706472, 51.6420576 ], [ -0.271126, 51.6420475 ], [ -0.2715553, 51.6420844 ], [ -0.2719462, 51.6421037 ], [ -0.2728902, 51.642096 ], [ -0.2728781, 51.6419591 ], [ -0.2729203, 51.6417628 ], [ -0.2730875, 51.6414317 ], [ -0.2731289, 51.6412551 ], [ -0.2731458, 51.6411906 ], [ -0.2731767, 51.6410607 ], [ -0.2733789, 51.6407984 ], [ -0.2735639, 51.6404567 ], [ -0.2737244, 51.6402622 ], [ -0.2739111, 51.6398746 ], [ -0.2742001, 51.6393043 ], [ -0.2741836, 51.6390918 ], [ -0.2741742, 51.6389991 ], [ -0.2741645, 51.6389117 ], [ -0.273985, 51.6388425 ], [ -0.2737453, 51.6387608 ], [ -0.2737372, 51.6386707 ], [ -0.2740193, 51.6387 ], [ -0.2747506, 51.6387378 ], [ -0.2751212, 51.6387594 ], [ -0.2755133, 51.638784 ], [ -0.2759055, 51.6388078 ], [ -0.2764987, 51.6388651 ], [ -0.2767609, 51.6387718 ], [ -0.2770105, 51.6386693 ], [ -0.277346, 51.6385879 ], [ -0.2777976, 51.6384921 ], [ -0.2779638, 51.6384549 ], [ -0.2782436, 51.6383934 ], [ -0.2786365, 51.63832 ], [ -0.2790419, 51.6382999 ], [ -0.2794184, 51.6382793 ], [ -0.280051, 51.6382904 ], [ -0.2804304, 51.6383094 ], [ -0.2805474, 51.6383093 ], [ -0.2814147, 51.6383427 ], [ -0.2829358, 51.6380134 ], [ -0.283898, 51.6377919 ], [ -0.2842824, 51.6375996 ], [ -0.2846504, 51.6374234 ], [ -0.2850807, 51.6371257 ], [ -0.2851957, 51.6370645 ], [ -0.2855239, 51.6369452 ], [ -0.2860157, 51.6368552 ], [ -0.2865057, 51.6367761 ], [ -0.2869366, 51.6366924 ], [ -0.2872535, 51.6366431 ], [ -0.2878106, 51.6365091 ], [ -0.2881018, 51.6364882 ], [ -0.2883669, 51.6364705 ], [ -0.2891416, 51.6365834 ], [ -0.2892781, 51.6366034 ], [ -0.289412, 51.636617 ], [ -0.2899289, 51.6366668 ], [ -0.2905749, 51.6365881 ], [ -0.2913793, 51.6364883 ], [ -0.2917405, 51.6364882 ], [ -0.2918913, 51.6364751 ], [ -0.2920434, 51.6364287 ], [ -0.2921897, 51.6363796 ], [ -0.2933385, 51.6359952 ], [ -0.2935991, 51.6359046 ], [ -0.2941057, 51.6357285 ], [ -0.2944065, 51.6356466 ], [ -0.2961511, 51.6354435 ], [ -0.2972327, 51.6357317 ], [ -0.2977432, 51.6357615 ], [ -0.2982406, 51.6357912 ], [ -0.2984999, 51.6357743 ], [ -0.2987027, 51.635762 ], [ -0.2987635, 51.6357583 ], [ -0.2988272, 51.6357539 ], [ -0.2994284, 51.6357149 ], [ -0.2996127, 51.6357329 ], [ -0.2996602, 51.6357372 ], [ -0.2998776, 51.6357583 ], [ -0.3001018, 51.6357921 ], [ -0.3002052, 51.635808 ], [ -0.300337, 51.6358387 ], [ -0.300477, 51.6358839 ], [ -0.300618, 51.6359381 ], [ -0.3006679, 51.6359568 ], [ -0.3009266, 51.636072 ], [ -0.3011044, 51.6361088 ], [ -0.3012493, 51.6361378 ], [ -0.3017811, 51.6362534 ], [ -0.3024364, 51.636351 ], [ -0.3027466, 51.6361325 ], [ -0.3029441, 51.6362604 ], [ -0.3029967, 51.6362827 ], [ -0.3030423, 51.6363013 ], [ -0.3030778, 51.6363162 ], [ -0.3032031, 51.6363666 ], [ -0.3033626, 51.6364301 ], [ -0.3035696, 51.6364582 ], [ -0.3038087, 51.6364815 ], [ -0.303994, 51.6364716 ], [ -0.3041603, 51.636429 ], [ -0.3043013, 51.6363699 ], [ -0.3043496, 51.636313 ], [ -0.3044512, 51.6363397 ], [ -0.3044827, 51.6363473 ], [ -0.3045843, 51.636374 ], [ -0.304541, 51.6364507 ], [ -0.3045278, 51.6364955 ], [ -0.3045518, 51.636548 ], [ -0.3046099, 51.6366189 ], [ -0.3047023, 51.6366994 ], [ -0.3047573, 51.6367362 ], [ -0.3051508, 51.6369945 ], [ -0.3054011, 51.6371042 ], [ -0.3063622, 51.6373708 ], [ -0.3069916, 51.6375453 ], [ -0.3076953, 51.6377407 ], [ -0.3082332, 51.6378887 ], [ -0.3089327, 51.6380813 ], [ -0.309118, 51.6381479 ], [ -0.3108346, 51.6386231 ], [ -0.3110738, 51.6386796 ], [ -0.3112989, 51.6387278 ], [ -0.3117178, 51.6388102 ], [ -0.3123424, 51.6389577 ], [ -0.312711, 51.6390736 ], [ -0.3132116, 51.6392516 ], [ -0.3133829, 51.639308 ], [ -0.3139756, 51.6395 ], [ -0.3142639, 51.6395976 ], [ -0.3149162, 51.6397788 ], [ -0.3159217, 51.640178 ], [ -0.3166962, 51.6405318 ], [ -0.3169371, 51.640466 ], [ -0.3171354, 51.6404185 ], [ -0.3175176, 51.6402432 ], [ -0.3178024, 51.6400863 ], [ -0.3180871, 51.6399285 ], [ -0.3182564, 51.6397286 ], [ -0.3184299, 51.6395711 ], [ -0.3184598, 51.639504 ], [ -0.3185297, 51.6392937 ], [ -0.3186646, 51.6390843 ], [ -0.3187509, 51.6389804 ], [ -0.3191199, 51.6385756 ], [ -0.3194525, 51.6383727 ], [ -0.3198167, 51.6382169 ], [ -0.3205728, 51.637975 ], [ -0.3214934, 51.637776 ], [ -0.3223123, 51.6376321 ], [ -0.3231833, 51.6374881 ], [ -0.3246207, 51.6371867 ], [ -0.3256631, 51.6369777 ], [ -0.3259504, 51.6369053 ], [ -0.3265701, 51.6367155 ], [ -0.3267983, 51.6366036 ], [ -0.3270718, 51.6364358 ], [ -0.3273524, 51.636429 ], [ -0.3283466, 51.6360358 ], [ -0.3288484, 51.6358289 ], [ -0.3293474, 51.6356202 ], [ -0.3300068, 51.6353319 ], [ -0.3308505, 51.6348647 ], [ -0.3317585, 51.6343003 ], [ -0.3324797, 51.6338231 ], [ -0.3326071, 51.6337386 ], [ -0.3328749, 51.6338027 ], [ -0.3329952, 51.6338323 ], [ -0.3330714, 51.6337236 ], [ -0.3330918, 51.6336412 ], [ -0.3330871, 51.6335737 ], [ -0.3330839, 51.6335422 ], [ -0.3330323, 51.6334515 ], [ -0.3331129, 51.6333807 ], [ -0.3332864, 51.63326 ], [ -0.3335949, 51.6330423 ], [ -0.3337225, 51.6329533 ], [ -0.3341644, 51.632643 ], [ -0.3344877, 51.6324165 ], [ -0.3345707, 51.6323601 ], [ -0.3346582, 51.6323002 ], [ -0.3349411, 51.6321091 ], [ -0.3353669, 51.6317662 ], [ -0.3356988, 51.6315416 ], [ -0.3361551, 51.6312334 ], [ -0.3364512, 51.6309606 ], [ -0.3368277, 51.630662 ], [ -0.3372217, 51.6303583 ], [ -0.3374077, 51.6302116 ], [ -0.3374692, 51.6301873 ], [ -0.3374829, 51.63013 ], [ -0.3383075, 51.629469 ], [ -0.3385569, 51.629683 ], [ -0.3385649, 51.6297002 ], [ -0.3388483, 51.6299317 ], [ -0.338837, 51.6300053 ], [ -0.3387947, 51.630055 ], [ -0.338857, 51.6300883 ], [ -0.3390047, 51.6300814 ], [ -0.3393535, 51.6303408 ], [ -0.3396372, 51.630566 ], [ -0.3398349, 51.630808 ], [ -0.3398766, 51.6307366 ], [ -0.3399133, 51.6307201 ], [ -0.34045, 51.6304642 ], [ -0.3418429, 51.629831 ], [ -0.3441655, 51.628738 ], [ -0.3443316, 51.6286621 ], [ -0.3447494, 51.6284954 ], [ -0.3451297, 51.6283272 ], [ -0.3456606, 51.6281899 ], [ -0.3460991, 51.6280927 ], [ -0.3464303, 51.6280029 ], [ -0.3469766, 51.6277993 ], [ -0.3475519, 51.6275925 ], [ -0.3479186, 51.627443 ], [ -0.3482793, 51.6272952 ], [ -0.3489486, 51.6270069 ], [ -0.3490935, 51.626955 ], [ -0.3492456, 51.6269059 ], [ -0.3495601, 51.6268393 ], [ -0.3499042, 51.6267515 ], [ -0.3503776, 51.6266071 ], [ -0.3504402, 51.6265936 ], [ -0.3505027, 51.6265828 ], [ -0.3508149, 51.6265791 ], [ -0.3516001, 51.6264786 ], [ -0.3523129, 51.6263456 ], [ -0.3525513, 51.6263058 ], [ -0.3530387, 51.6262515 ], [ -0.3541438, 51.6260152 ], [ -0.3544192, 51.6259912 ], [ -0.3548371, 51.6259791 ], [ -0.3549956, 51.6259912 ], [ -0.3550809, 51.6259897 ], [ -0.355226, 51.6259728 ], [ -0.3552901, 51.6259584 ], [ -0.3557733, 51.6258195 ], [ -0.3560298, 51.6257584 ], [ -0.3562856, 51.6256748 ], [ -0.3565693, 51.6256203 ], [ -0.3569825, 51.625582 ], [ -0.3575503, 51.6254605 ], [ -0.35783, 51.6254356 ], [ -0.3581842, 51.6254298 ], [ -0.3585532, 51.6254115 ], [ -0.3590229, 51.6253677 ], [ -0.3594759, 51.6253048 ], [ -0.3597015, 51.6252585 ], [ -0.3597905, 51.6252346 ], [ -0.3601044, 51.625105 ], [ -0.3602075, 51.6250498 ], [ -0.3607373, 51.6247407 ], [ -0.3609267, 51.6246165 ], [ -0.3610925, 51.6244642 ], [ -0.3613349, 51.6242733 ], [ -0.3615418, 51.6240226 ], [ -0.3618154, 51.6237261 ], [ -0.3623997, 51.623549 ], [ -0.3624516, 51.6235102 ], [ -0.3625783, 51.6235641 ], [ -0.3626184, 51.6235332 ], [ -0.3626441, 51.6235012 ], [ -0.3633575, 51.6226254 ], [ -0.3634547, 51.6225341 ], [ -0.364741, 51.6218354 ], [ -0.3651791, 51.6215412 ], [ -0.3655594, 51.6213306 ], [ -0.3661967, 51.6210419 ], [ -0.3662628, 51.6210122 ], [ -0.366632, 51.620869 ], [ -0.3667866, 51.6208262 ], [ -0.3669411, 51.6207879 ], [ -0.3672846, 51.6207576 ], [ -0.3681971, 51.6206489 ], [ -0.3689017, 51.6204186 ], [ -0.3692956, 51.6203098 ], [ -0.3698993, 51.6200718 ], [ -0.370462, 51.6198072 ], [ -0.3713045, 51.6194754 ], [ -0.3716355, 51.6193496 ], [ -0.3724919, 51.6191133 ], [ -0.3727586, 51.6190459 ], [ -0.3728621, 51.6190204 ], [ -0.3732573, 51.6189548 ], [ -0.3740978, 51.6187588 ], [ -0.3749208, 51.6184473 ], [ -0.37541, 51.6182994 ], [ -0.3758619, 51.6181843 ], [ -0.3760432, 51.6181625 ], [ -0.3765685, 51.6180538 ], [ -0.3769886, 51.6179409 ], [ -0.3775872, 51.6178035 ], [ -0.3782848, 51.6178051 ], [ -0.3785328, 51.6177761 ], [ -0.3791059, 51.6177058 ], [ -0.3799915, 51.6175382 ], [ -0.3804695, 51.617462 ], [ -0.3809745, 51.617478 ], [ -0.3815248, 51.6174793 ], [ -0.3817723, 51.6174638 ], [ -0.3820134, 51.6174285 ], [ -0.3820484, 51.6174191 ], [ -0.3821114, 51.617393 ], [ -0.3832312, 51.6166504 ], [ -0.3835254, 51.6165033 ], [ -0.3839597, 51.616352 ], [ -0.384599, 51.6161647 ], [ -0.3852515, 51.6159741 ], [ -0.385894, 51.6158166 ], [ -0.3863982, 51.6156931 ], [ -0.3866863, 51.6156341 ], [ -0.3869085, 51.6155976 ], [ -0.3871321, 51.6155656 ], [ -0.3873163, 51.6155448 ], [ -0.3878654, 51.6154966 ], [ -0.3884582, 51.6155218 ], [ -0.3889838, 51.6155272 ], [ -0.3892253, 51.6154352 ], [ -0.3895557, 51.6154047 ], [ -0.3898948, 51.6153742 ], [ -0.3908121, 51.615332 ], [ -0.3916216, 51.615272 ], [ -0.3927009, 51.6151789 ], [ -0.393352, 51.6150259 ], [ -0.3942251, 51.6148841 ], [ -0.3948179, 51.614743 ], [ -0.3957648, 51.6144736 ], [ -0.3964951, 51.6143253 ], [ -0.3969964, 51.6142008 ], [ -0.397306, 51.6141044 ], [ -0.3979079, 51.6138671 ], [ -0.3984857, 51.613661 ], [ -0.399487, 51.6134039 ], [ -0.3996764, 51.6133984 ], [ -0.3999774, 51.6133405 ], [ -0.4004609, 51.6133507 ], [ -0.4005516, 51.61336 ], [ -0.4005949, 51.6133597 ], [ -0.4006718, 51.6133509 ], [ -0.4007286, 51.6133363 ], [ -0.4007872, 51.613312 ], [ -0.4011812, 51.6131995 ], [ -0.4013497, 51.6131722 ], [ -0.4014409, 51.6131662 ], [ -0.4016847, 51.613174 ], [ -0.4023234, 51.6132052 ], [ -0.4027652, 51.6131689 ], [ -0.4032024, 51.6131812 ], [ -0.4040098, 51.6131805 ], [ -0.4040719, 51.6131804 ], [ -0.4050466, 51.6133519 ], [ -0.4053966, 51.6134205 ], [ -0.4072021, 51.613543 ], [ -0.4076409, 51.6135922 ], [ -0.4081366, 51.6135836 ], [ -0.4083267, 51.6136006 ], [ -0.4089999, 51.6137203 ], [ -0.4100225, 51.6137611 ], [ -0.410448, 51.6137768 ], [ -0.4110225, 51.6137881 ], [ -0.4111561, 51.6138061 ], [ -0.411306, 51.6138585 ], [ -0.4116934, 51.6140157 ], [ -0.4118777, 51.6141126 ], [ -0.4120068, 51.6141791 ], [ -0.4120239, 51.6141875 ], [ -0.4126849, 51.6145759 ], [ -0.4126863, 51.6145759 ], [ -0.4128845, 51.6146919 ], [ -0.4132061, 51.6149111 ], [ -0.413355, 51.6149905 ], [ -0.4147143, 51.6156086 ], [ -0.4153407, 51.6158715 ], [ -0.4155597, 51.6159716 ], [ -0.4157116, 51.6160456 ], [ -0.4158434, 51.6161184 ], [ -0.4159156, 51.6161607 ], [ -0.4160586, 51.6162454 ], [ -0.4163212, 51.6163353 ], [ -0.4166389, 51.6164214 ], [ -0.4169731, 51.6164888 ], [ -0.4174084, 51.6165558 ], [ -0.417728, 51.6165853 ], [ -0.4181022, 51.6165832 ], [ -0.4182435, 51.6165923 ], [ -0.4183957, 51.6166168 ], [ -0.4187756, 51.616701 ], [ -0.4192962, 51.6167665 ], [ -0.4197431, 51.616831 ], [ -0.4198971, 51.6168492 ], [ -0.4205944, 51.6169009 ], [ -0.4209242, 51.6169296 ], [ -0.4211765, 51.616942 ], [ -0.4217513, 51.6169443 ], [ -0.4223215, 51.6169538 ], [ -0.4228086, 51.6169459 ], [ -0.4232303, 51.616948 ], [ -0.423424, 51.6169425 ], [ -0.4238384, 51.6169049 ], [ -0.4241434, 51.6169 ], [ -0.4244956, 51.6169065 ], [ -0.4249514, 51.6169261 ], [ -0.425273, 51.6169394 ], [ -0.4257164, 51.6169823 ], [ -0.4258362, 51.6169857 ], [ -0.4261138, 51.6169768 ], [ -0.4261947, 51.6169779 ], [ -0.426359, 51.6169882 ], [ -0.4265029, 51.6170036 ], [ -0.426612, 51.617023 ], [ -0.4267022, 51.6170458 ], [ -0.4268336, 51.6170899 ], [ -0.427036, 51.6171681 ], [ -0.4271869, 51.6172313 ], [ -0.4279714, 51.6176033 ], [ -0.4282883, 51.6177127 ], [ -0.4284171, 51.6177486 ], [ -0.4285735, 51.6177786 ], [ -0.4289948, 51.6178346 ], [ -0.4291599, 51.6178637 ], [ -0.4294569, 51.6179208 ], [ -0.430105, 51.6180589 ], [ -0.4303491, 51.6181027 ], [ -0.4308448, 51.6181803 ], [ -0.4312176, 51.6182168 ], [ -0.4313503, 51.6182239 ], [ -0.4314189, 51.6181592 ], [ -0.4319791, 51.6182512 ], [ -0.4327516, 51.6183452 ], [ -0.4329234, 51.6183879 ], [ -0.4330334, 51.6184236 ], [ -0.4331593, 51.6184603 ], [ -0.4333052, 51.6185018 ], [ -0.4334468, 51.6185415 ], [ -0.4335112, 51.6185594 ], [ -0.4337519, 51.6186175 ], [ -0.4338937, 51.6186517 ], [ -0.4342402, 51.6187427 ], [ -0.4344861, 51.6188143 ], [ -0.4347236, 51.6188822 ], [ -0.4347765, 51.6188982 ], [ -0.4351128, 51.618989 ], [ -0.4354197, 51.6190534 ], [ -0.4355875, 51.6190907 ], [ -0.4357693, 51.6191389 ], [ -0.4358866, 51.6191702 ], [ -0.4361227, 51.619194 ], [ -0.4362111, 51.6192707 ], [ -0.4362018, 51.6193299 ], [ -0.4363248, 51.6193657 ], [ -0.4367729, 51.6194823 ], [ -0.4368245, 51.6194947 ], [ -0.4369792, 51.6195345 ], [ -0.4370381, 51.6195434 ], [ -0.4374418, 51.6196072 ], [ -0.4377389, 51.6197047 ], [ -0.4379303, 51.6197684 ], [ -0.4381192, 51.6198608 ], [ -0.4381947, 51.6198924 ], [ -0.4383036, 51.619919 ], [ -0.438462, 51.6199319 ], [ -0.439171, 51.6199413 ], [ -0.4394028, 51.6199624 ], [ -0.4399795, 51.6200366 ], [ -0.4403056, 51.6200499 ], [ -0.4405967, 51.62007 ], [ -0.4407072, 51.6200481 ], [ -0.4410049, 51.6199594 ], [ -0.4411535, 51.6199218 ], [ -0.441343, 51.619874 ], [ -0.4418605, 51.6196938 ], [ -0.4421432, 51.619622 ], [ -0.442516, 51.6195775 ], [ -0.4428518, 51.6195577 ], [ -0.4430649, 51.6195353 ], [ -0.443277, 51.6194995 ], [ -0.4433697, 51.6194926 ], [ -0.4434646, 51.6195065 ], [ -0.443616, 51.6195139 ], [ -0.4441569, 51.6195786 ], [ -0.4443026, 51.6196255 ], [ -0.4443541, 51.6196415 ], [ -0.444455, 51.6196473 ], [ -0.4448689, 51.619669 ], [ -0.4451324, 51.619694 ], [ -0.4452896, 51.6196997 ], [ -0.4453837, 51.6196929 ], [ -0.4454831, 51.6196582 ], [ -0.4455696, 51.6196216 ], [ -0.4456285, 51.6195909 ], [ -0.4457246, 51.6195256 ], [ -0.4459614, 51.6193166 ], [ -0.4461184, 51.6191604 ], [ -0.4462884, 51.618963 ], [ -0.4464988, 51.6186816 ], [ -0.4469671, 51.6179532 ], [ -0.4472074, 51.6175985 ], [ -0.4473934, 51.6172709 ], [ -0.4474574, 51.6171738 ], [ -0.4476203, 51.6169691 ], [ -0.4477256, 51.6168059 ], [ -0.4478276, 51.6165681 ], [ -0.4479445, 51.6162324 ], [ -0.4479974, 51.6161216 ], [ -0.4480587, 51.6160172 ], [ -0.4481314, 51.6159193 ], [ -0.4482004, 51.6158447 ], [ -0.4482643, 51.6157907 ], [ -0.4487624, 51.615416 ], [ -0.4488999, 51.6153225 ], [ -0.4491914, 51.6151609 ], [ -0.4494115, 51.6150604 ], [ -0.4496428, 51.614969 ], [ -0.4497598, 51.6149265 ], [ -0.4501351, 51.6148056 ], [ -0.4505915, 51.6146389 ], [ -0.4517935, 51.6141629 ], [ -0.4524886, 51.613896 ], [ -0.4538056, 51.6133505 ], [ -0.4545815, 51.6130451 ], [ -0.4549074, 51.6128893 ], [ -0.4553688, 51.6126985 ], [ -0.4555776, 51.6126329 ], [ -0.4556605, 51.612616 ], [ -0.4559858, 51.6125645 ], [ -0.4560861, 51.6125434 ], [ -0.4565102, 51.612432 ], [ -0.4568477, 51.61236 ], [ -0.4571519, 51.6122912 ], [ -0.4573994, 51.6123601 ], [ -0.4578419, 51.6125152 ], [ -0.4587994, 51.6128146 ], [ -0.4597807, 51.6131395 ], [ -0.4598264, 51.6131545 ], [ -0.4603554, 51.6133556 ], [ -0.4606994, 51.6134762 ], [ -0.4619678, 51.6138956 ], [ -0.462153, 51.6139709 ], [ -0.4622381, 51.6140188 ], [ -0.4624132, 51.6141361 ], [ -0.4626197, 51.6140948 ], [ -0.4632616, 51.6143343 ], [ -0.4639019, 51.6145756 ], [ -0.4645048, 51.6148145 ], [ -0.4651048, 51.6150553 ], [ -0.4663814, 51.6155764 ], [ -0.4671291, 51.6159342 ], [ -0.4679303, 51.6162486 ], [ -0.4686587, 51.6165773 ], [ -0.4689261, 51.6167022 ], [ -0.4691905, 51.6168279 ], [ -0.4707519, 51.6180325 ], [ -0.4711073, 51.6182448 ], [ -0.4714916, 51.6184153 ], [ -0.4714945, 51.6184162 ], [ -0.4725537, 51.6189632 ], [ -0.4729695, 51.6191854 ], [ -0.4729414, 51.619247 ], [ -0.4734724, 51.619566 ], [ -0.4739273, 51.6199127 ], [ -0.4742642, 51.6201634 ], [ -0.474854, 51.6205362 ], [ -0.4754433, 51.6209269 ], [ -0.4756338, 51.6209752 ], [ -0.4757814, 51.6211408 ], [ -0.4761524, 51.6215368 ], [ -0.4762577, 51.6216271 ], [ -0.4764997, 51.6217778 ], [ -0.4767123, 51.6218983 ], [ -0.4769272, 51.6219946 ], [ -0.4770672, 51.6220432 ], [ -0.4773722, 51.6221245 ], [ -0.4777197, 51.6222297 ], [ -0.4781358, 51.6223565 ], [ -0.4781501, 51.6223612 ], [ -0.4783102, 51.6224109 ], [ -0.4783199, 51.6223804 ], [ -0.4783498, 51.6223934 ], [ -0.4788211, 51.6225992 ], [ -0.4794118, 51.6229071 ], [ -0.4801774, 51.6232965 ], [ -0.4807342, 51.6236238 ], [ -0.4808179, 51.6235854 ], [ -0.4813889, 51.6238319 ], [ -0.4816387, 51.6239655 ], [ -0.4817157, 51.6239971 ], [ -0.4819626, 51.6240857 ], [ -0.4820635, 51.6241365 ], [ -0.4823835, 51.624333 ], [ -0.4824745, 51.6243765 ], [ -0.4826901, 51.6244503 ], [ -0.4830957, 51.62455 ], [ -0.4833633, 51.6246263 ], [ -0.4835534, 51.6246854 ], [ -0.4837375, 51.6247543 ], [ -0.4839183, 51.6248357 ], [ -0.4842379, 51.6249972 ], [ -0.4844152, 51.6250984 ], [ -0.4845503, 51.6251622 ], [ -0.4845517, 51.6251622 ], [ -0.4849608, 51.6253716 ], [ -0.4853967, 51.6256012 ], [ -0.4856268, 51.6257183 ], [ -0.4861203, 51.6259558 ], [ -0.4865404, 51.6261815 ], [ -0.4867569, 51.6262742 ], [ -0.4871407, 51.6264194 ], [ -0.4875154, 51.6265789 ], [ -0.4878792, 51.6267599 ], [ -0.4881471, 51.6269144 ], [ -0.4885716, 51.6271842 ], [ -0.4886674, 51.6272556 ], [ -0.4888518, 51.6274018 ], [ -0.4889389, 51.6274785 ], [ -0.4890478, 51.6275914 ], [ -0.4891073, 51.6276722 ], [ -0.4892357, 51.6278941 ], [ -0.4892854, 51.627964 ], [ -0.4895129, 51.6282466 ], [ -0.4897758, 51.628597 ], [ -0.4905789, 51.6295174 ], [ -0.4911517, 51.6302387 ], [ -0.4915576, 51.6307636 ], [ -0.4918747, 51.6306562 ], [ -0.4920067, 51.6305986 ], [ -0.4920885, 51.6305699 ], [ -0.4922705, 51.6305282 ], [ -0.492362, 51.630515 ], [ -0.4924213, 51.6305131 ], [ -0.4925394, 51.6305245 ], [ -0.4927616, 51.6305768 ], [ -0.493015, 51.6306466 ], [ -0.4930939, 51.6306656 ], [ -0.4931371, 51.6306688 ], [ -0.4931935, 51.6306677 ], [ -0.4932387, 51.6306566 ], [ -0.4932664, 51.6306471 ], [ -0.4934207, 51.63057 ], [ -0.4934703, 51.6305553 ], [ -0.4935253, 51.6305515 ], [ -0.4935686, 51.6305548 ], [ -0.49363, 51.6305771 ], [ -0.4936554, 51.6305954 ], [ -0.4937053, 51.6306581 ], [ -0.4937762, 51.6307858 ], [ -0.4938193, 51.6308367 ], [ -0.4940211, 51.6309814 ], [ -0.4941249, 51.631034 ], [ -0.4941692, 51.6310489 ], [ -0.4942165, 51.6310603 ], [ -0.4942726, 51.6310664 ], [ -0.4943348, 51.6310663 ], [ -0.4945711, 51.6310424 ], [ -0.4946303, 51.6310441 ], [ -0.4947066, 51.6310504 ], [ -0.4950187, 51.6310958 ], [ -0.4953041, 51.6311156 ], [ -0.4955554, 51.6311611 ], [ -0.4956292, 51.6312016 ], [ -0.4956898, 51.6312501 ], [ -0.4957877, 51.6313466 ], [ -0.4958756, 51.6314413 ], [ -0.4959877, 51.631592 ], [ -0.4960184, 51.631622 ], [ -0.4960805, 51.6316678 ], [ -0.4961546, 51.6317002 ], [ -0.496239, 51.6317247 ], [ -0.4963396, 51.6317422 ], [ -0.4964764, 51.6317556 ], [ -0.4966034, 51.631759 ], [ -0.496715, 51.6317506 ], [ -0.4968674, 51.63173 ], [ -0.497017, 51.631705 ], [ -0.4970636, 51.6316948 ], [ -0.497247, 51.631654 ], [ -0.4974245, 51.6315744 ], [ -0.4976451, 51.6314576 ], [ -0.4978726, 51.631305 ], [ -0.4981468, 51.6310972 ], [ -0.4982088, 51.6310557 ], [ -0.4982528, 51.6310374 ], [ -0.4984689, 51.6309682 ], [ -0.4985877, 51.6309149 ], [ -0.499139, 51.6305847 ], [ -0.4992827, 51.6304769 ], [ -0.4993944, 51.6303758 ], [ -0.4994768, 51.6302869 ], [ -0.4995388, 51.6302032 ], [ -0.499617, 51.6300648 ], [ -0.4996512, 51.6299493 ], [ -0.4996592, 51.6298828 ], [ -0.4996697, 51.6297831 ], [ -0.4996641, 51.6296005 ], [ -0.4996673, 51.6295475 ], [ -0.4997121, 51.6293745 ], [ -0.4997322, 51.6293325 ], [ -0.4997653, 51.6292934 ], [ -0.4998365, 51.6292377 ], [ -0.4999861, 51.6291703 ], [ -0.5001269, 51.6291074 ], [ -0.5002239, 51.6290556 ], [ -0.5002896, 51.6289917 ], [ -0.5003281, 51.6289193 ], [ -0.5003239, 51.6288707 ], [ -0.5003291, 51.6288024 ], [ -0.5002891, 51.6287012 ], [ -0.5002517, 51.6286522 ], [ -0.500207, 51.6286049 ], [ -0.5000847, 51.6285008 ], [ -0.4996977, 51.6281883 ], [ -0.499532, 51.6280432 ], [ -0.4992704, 51.6277854 ], [ -0.4992141, 51.6277397 ], [ -0.4991208, 51.6276774 ], [ -0.4990033, 51.627604 ], [ -0.498653, 51.6274053 ], [ -0.4983371, 51.6271701 ], [ -0.4982563, 51.6271241 ], [ -0.4977773, 51.6268851 ], [ -0.4976957, 51.6268193 ], [ -0.497671, 51.6267794 ], [ -0.4976568, 51.6267289 ], [ -0.4976544, 51.6266695 ], [ -0.4976929, 51.6264209 ], [ -0.4977601, 51.6261799 ], [ -0.4978013, 51.6259386 ], [ -0.4978409, 51.6258348 ], [ -0.4978912, 51.6257563 ], [ -0.4981207, 51.6254103 ], [ -0.4982299, 51.6253407 ], [ -0.4983213, 51.625287 ], [ -0.4983921, 51.625242 ], [ -0.4983962, 51.625207 ], [ -0.4983105, 51.6250009 ], [ -0.4983156, 51.6248472 ], [ -0.4983625, 51.6247813 ], [ -0.4984473, 51.6247077 ], [ -0.4986136, 51.6246163 ], [ -0.4987734, 51.6245896 ], [ -0.499213, 51.6244001 ], [ -0.4994331, 51.6242537 ], [ -0.4995745, 51.6241727 ], [ -0.4996515, 51.6241153 ], [ -0.4997655, 51.6240736 ], [ -0.4998194, 51.6240167 ], [ -0.4999328, 51.6238635 ], [ -0.5000459, 51.6236752 ], [ -0.5001162, 51.6235169 ], [ -0.500144, 51.6234166 ], [ -0.5001584, 51.6233313 ], [ -0.5001622, 51.6232586 ], [ -0.5001492, 51.6231289 ], [ -0.5000712, 51.6229103 ], [ -0.5000485, 51.6227652 ], [ -0.5000463, 51.6227005 ], [ -0.5000656, 51.6225955 ], [ -0.5001371, 51.6223995 ], [ -0.500158, 51.6222928 ], [ -0.5002049, 51.6221846 ], [ -0.5001953, 51.622126 ], [ -0.5001756, 51.6220655 ], [ -0.5000883, 51.6219538 ], [ -0.4998225, 51.6216905 ], [ -0.4998113, 51.6216796 ], [ -0.4996261, 51.6214245 ], [ -0.4994872, 51.6213014 ], [ -0.4994039, 51.6211969 ], [ -0.4992812, 51.6211063 ], [ -0.4991171, 51.6210476 ], [ -0.4989985, 51.6210065 ], [ -0.4989591, 51.6209736 ], [ -0.4987265, 51.620932 ], [ -0.4981916, 51.6208577 ], [ -0.4978727, 51.6208024 ], [ -0.497603, 51.6207468 ], [ -0.4974696, 51.6207163 ], [ -0.4971762, 51.6206352 ], [ -0.4970905, 51.6206053 ], [ -0.4970336, 51.6205776 ], [ -0.4968297, 51.6204977 ], [ -0.4968265, 51.6204194 ], [ -0.4968141, 51.6203149 ], [ -0.4967994, 51.6202797 ], [ -0.4967635, 51.6200958 ], [ -0.4967224, 51.6200296 ], [ -0.4966873, 51.6199995 ], [ -0.4966376, 51.6199719 ], [ -0.4963976, 51.6198924 ], [ -0.4963236, 51.6198582 ], [ -0.4962329, 51.6198039 ], [ -0.4961313, 51.6197307 ], [ -0.4960315, 51.6196485 ], [ -0.4959531, 51.6195729 ], [ -0.495743, 51.6193301 ], [ -0.4955703, 51.6191786 ], [ -0.4955383, 51.6191431 ], [ -0.4954845, 51.6190669 ], [ -0.4954588, 51.6190126 ], [ -0.4954303, 51.6189151 ], [ -0.4954098, 51.6187908 ], [ -0.4954105, 51.6186847 ], [ -0.4954347, 51.6185636 ], [ -0.4956227, 51.618076 ], [ -0.4956681, 51.6180145 ], [ -0.495831, 51.6178493 ], [ -0.4958567, 51.6178146 ], [ -0.4959185, 51.6176922 ], [ -0.4959701, 51.6175301 ], [ -0.4960579, 51.617319 ], [ -0.4960817, 51.6172546 ], [ -0.4960901, 51.6171764 ], [ -0.4960712, 51.6169631 ], [ -0.4960739, 51.6169245 ], [ -0.4960859, 51.6168671 ], [ -0.4961063, 51.6168179 ], [ -0.4961355, 51.6167634 ], [ -0.4965073, 51.6162232 ], [ -0.4966388, 51.6160019 ], [ -0.4967113, 51.6158626 ], [ -0.4968818, 51.6154242 ], [ -0.4969344, 51.6153169 ], [ -0.4970428, 51.6150971 ], [ -0.4970568, 51.6149786 ], [ -0.4970647, 51.614914 ], [ -0.4970877, 51.6148756 ], [ -0.4971261, 51.6148482 ], [ -0.4972195, 51.6148188 ], [ -0.4974244, 51.614781 ], [ -0.4975824, 51.6147201 ], [ -0.4976707, 51.6146699 ], [ -0.4977019, 51.6146452 ], [ -0.4977498, 51.6145936 ], [ -0.4977834, 51.6145374 ], [ -0.4979072, 51.6142449 ], [ -0.4979364, 51.6141473 ], [ -0.4979555, 51.6140513 ], [ -0.4979642, 51.6139615 ], [ -0.4979572, 51.6137789 ], [ -0.4979455, 51.6136987 ], [ -0.4978979, 51.6135201 ], [ -0.4978875, 51.6134408 ], [ -0.4978883, 51.6133734 ], [ -0.4979145, 51.6132352 ], [ -0.4979628, 51.6131297 ], [ -0.4980679, 51.6129656 ], [ -0.4982204, 51.6127644 ], [ -0.498301, 51.6126422 ], [ -0.498517, 51.6122673 ], [ -0.4985714, 51.6121484 ], [ -0.4985777, 51.6120909 ], [ -0.4985518, 51.6119557 ], [ -0.4985308, 51.6118925 ], [ -0.4984675, 51.6117541 ], [ -0.4984606, 51.611701 ], [ -0.4984729, 51.6116337 ], [ -0.498501, 51.6115702 ], [ -0.4985356, 51.6115266 ], [ -0.4985727, 51.6114974 ], [ -0.4987341, 51.6114203 ], [ -0.4987709, 51.6113992 ], [ -0.498811, 51.6113665 ], [ -0.4988677, 51.6113097 ], [ -0.498916, 51.6112491 ], [ -0.4989452, 51.6111946 ], [ -0.4989613, 51.6111436 ], [ -0.498967, 51.6111041 ], [ -0.4989562, 51.6110365 ], [ -0.4989003, 51.6108919 ], [ -0.4988278, 51.6106383 ], [ -0.4988417, 51.6105666 ], [ -0.4989818, 51.6102608 ], [ -0.4989971, 51.6101459 ], [ -0.4989822, 51.6101152 ], [ -0.4989462, 51.6100698 ], [ -0.4989041, 51.6100333 ], [ -0.4987064, 51.6098967 ], [ -0.4983789, 51.6096237 ], [ -0.4983467, 51.6095487 ], [ -0.4983379, 51.6095081 ], [ -0.4983376, 51.6094748 ], [ -0.4983595, 51.6094238 ], [ -0.4983834, 51.6094008 ], [ -0.4984438, 51.6093638 ], [ -0.4989143, 51.6091971 ], [ -0.4990875, 51.6091139 ], [ -0.4991567, 51.6090725 ], [ -0.4991909, 51.6090442 ], [ -0.4992363, 51.60898 ], [ -0.4992526, 51.6089254 ], [ -0.4992561, 51.6088616 ], [ -0.4992451, 51.6088003 ], [ -0.4992168, 51.6087397 ], [ -0.4991739, 51.6086816 ], [ -0.4991361, 51.6086461 ], [ -0.4991051, 51.6086241 ], [ -0.4989217, 51.6085363 ], [ -0.4987232, 51.6084223 ], [ -0.49865, 51.6083665 ], [ -0.4985917, 51.6082947 ], [ -0.4985449, 51.6081817 ], [ -0.4985203, 51.608051 ], [ -0.498535, 51.6078678 ], [ -0.4985275, 51.6077885 ], [ -0.4985076, 51.6077352 ], [ -0.4984547, 51.607632 ], [ -0.4981457, 51.6071048 ], [ -0.4980587, 51.6068986 ], [ -0.498027, 51.6067642 ], [ -0.4979878, 51.6064202 ], [ -0.4979649, 51.6062824 ], [ -0.497867, 51.6060554 ], [ -0.4977677, 51.6057826 ], [ -0.4975422, 51.6052645 ], [ -0.4972842, 51.6049006 ], [ -0.4972737, 51.6048672 ], [ -0.4972683, 51.6048132 ], [ -0.4972999, 51.6047299 ], [ -0.4973927, 51.6045863 ], [ -0.4974256, 51.6045094 ], [ -0.4974517, 51.6044181 ], [ -0.4974744, 51.6042556 ], [ -0.4974543, 51.6041196 ], [ -0.49724, 51.6034811 ], [ -0.497215, 51.6033198 ], [ -0.4971852, 51.6032187 ], [ -0.4971608, 51.6031698 ], [ -0.4971073, 51.6030855 ], [ -0.4970489, 51.6030164 ], [ -0.4969803, 51.6029517 ], [ -0.4968618, 51.6028657 ], [ -0.4966501, 51.6027605 ], [ -0.4964716, 51.6026575 ], [ -0.4964208, 51.6026208 ], [ -0.4963804, 51.6025772 ], [ -0.4963488, 51.6025273 ], [ -0.4963304, 51.602474 ], [ -0.4963276, 51.6024272 ], [ -0.4963344, 51.6023958 ], [ -0.4963662, 51.6023513 ], [ -0.4965031, 51.6022298 ], [ -0.4965256, 51.6022032 ], [ -0.4965494, 51.6021387 ], [ -0.4965765, 51.6019745 ], [ -0.4967104, 51.6017658 ], [ -0.496751, 51.6016746 ], [ -0.4967522, 51.6016378 ], [ -0.4967404, 51.6016016 ], [ -0.4966867, 51.6015227 ], [ -0.4966711, 51.6014704 ], [ -0.4966876, 51.6014085 ], [ -0.4967074, 51.6013764 ], [ -0.496788, 51.6012956 ], [ -0.496983, 51.6011632 ], [ -0.4970535, 51.6011273 ], [ -0.497301, 51.6010216 ], [ -0.4975021, 51.6009235 ], [ -0.4976581, 51.6008769 ], [ -0.4977333, 51.6008734 ], [ -0.4978701, 51.6008851 ], [ -0.4982162, 51.6009416 ], [ -0.4983465, 51.6009739 ], [ -0.4984748, 51.601025 ], [ -0.4988266, 51.6012588 ], [ -0.49895, 51.6013269 ], [ -0.4990614, 51.6013634 ], [ -0.4991246, 51.6013759 ], [ -0.4992151, 51.6013878 ], [ -0.4993361, 51.6013966 ], [ -0.4994574, 51.6013972 ], [ -0.499563, 51.6013905 ], [ -0.4999343, 51.6013422 ], [ -0.5000809, 51.6013171 ], [ -0.5002524, 51.6012842 ], [ -0.5003063, 51.6012687 ], [ -0.5003532, 51.6012486 ], [ -0.5003931, 51.6012212 ], [ -0.5004319, 51.601184 ], [ -0.5005169, 51.6010583 ], [ -0.5005419, 51.601001 ], [ -0.5006478, 51.6005906 ], [ -0.5007616, 51.6003798 ], [ -0.5008958, 51.6002053 ], [ -0.5009026, 51.6001757 ], [ -0.5009026, 51.6001316 ], [ -0.5008878, 51.6000991 ], [ -0.5007863, 51.59998 ], [ -0.5006842, 51.5998366 ], [ -0.5006169, 51.5996874 ], [ -0.5005797, 51.5995448 ], [ -0.5005622, 51.5994187 ], [ -0.5005515, 51.5992603 ], [ -0.5006056, 51.5988474 ], [ -0.5006072, 51.5987548 ], [ -0.5006001, 51.5986621 ], [ -0.5005866, 51.5985909 ], [ -0.5005658, 51.5985195 ], [ -0.5005218, 51.5984093 ], [ -0.5001216, 51.5976722 ], [ -0.4997756, 51.5969556 ], [ -0.4996299, 51.5966462 ], [ -0.499526, 51.5963814 ], [ -0.499516, 51.5959398 ], [ -0.4994993, 51.5957013 ], [ -0.4994722, 51.5954726 ], [ -0.4994545, 51.595395 ], [ -0.4994226, 51.5953128 ], [ -0.4993845, 51.5952421 ], [ -0.4993377, 51.5951732 ], [ -0.499285, 51.5951069 ], [ -0.4992333, 51.5950541 ], [ -0.4991772, 51.5950057 ], [ -0.4987681, 51.5947136 ], [ -0.4987413, 51.5946944 ], [ -0.4987064, 51.5946598 ], [ -0.4986563, 51.5946034 ], [ -0.4986219, 51.5945508 ], [ -0.4985992, 51.5944948 ], [ -0.4985894, 51.5944416 ], [ -0.4985905, 51.5941467 ], [ -0.4986097, 51.5939581 ], [ -0.4986267, 51.5938801 ], [ -0.4986994, 51.5936445 ], [ -0.4987337, 51.5934354 ], [ -0.4988022, 51.5932861 ], [ -0.4988091, 51.5932521 ], [ -0.4987965, 51.5931089 ], [ -0.4988034, 51.5930739 ], [ -0.4988494, 51.5929918 ], [ -0.4988885, 51.5929437 ], [ -0.4989437, 51.5928896 ], [ -0.4990075, 51.5928383 ], [ -0.4991137, 51.5927713 ], [ -0.499337, 51.5926527 ], [ -0.4993783, 51.5926272 ], [ -0.499408, 51.5926006 ], [ -0.4994412, 51.5925579 ], [ -0.4994949, 51.5924623 ], [ -0.4995495, 51.5923389 ], [ -0.4995736, 51.5922646 ], [ -0.4995794, 51.5922197 ], [ -0.4995763, 51.592181 ], [ -0.4995632, 51.5921404 ], [ -0.4995317, 51.5920878 ], [ -0.4994886, 51.5920396 ], [ -0.4994348, 51.5920066 ], [ -0.4993707, 51.5919806 ], [ -0.4992876, 51.5919615 ], [ -0.4991654, 51.5919465 ], [ -0.499109, 51.5919493 ], [ -0.4989854, 51.5919325 ], [ -0.4988449, 51.5919478 ], [ -0.4987727, 51.5919468 ], [ -0.4986999, 51.5919207 ], [ -0.4986415, 51.5918993 ], [ -0.4985979, 51.5917747 ], [ -0.4987034, 51.5915971 ], [ -0.4988113, 51.5914339 ], [ -0.4988392, 51.591374 ], [ -0.4988528, 51.5913121 ], [ -0.4988562, 51.5912528 ], [ -0.4988496, 51.5912339 ], [ -0.498843, 51.5912158 ], [ -0.4988139, 51.5911795 ], [ -0.4987674, 51.5911447 ], [ -0.4986978, 51.5911105 ], [ -0.4986753, 51.5910464 ], [ -0.4985512, 51.5910034 ], [ -0.4983852, 51.5910013 ], [ -0.4982118, 51.5910072 ], [ -0.4980459, 51.5910051 ], [ -0.4979333, 51.5909587 ], [ -0.4978728, 51.5907799 ], [ -0.497785, 51.5904235 ], [ -0.4977752, 51.5903704 ], [ -0.4977181, 51.5901754 ], [ -0.4976889, 51.5900986 ], [ -0.4975901, 51.5898968 ], [ -0.4973338, 51.5894844 ], [ -0.4972304, 51.5893365 ], [ -0.4971135, 51.5892055 ], [ -0.4969764, 51.5890725 ], [ -0.496703, 51.5888262 ], [ -0.4966599, 51.5887789 ], [ -0.4965848, 51.5886484 ], [ -0.4965598, 51.5886184 ], [ -0.4965275, 51.5885902 ], [ -0.496485, 51.5885653 ], [ -0.4964308, 51.5885449 ], [ -0.4962364, 51.5884884 ], [ -0.4961057, 51.5884256 ], [ -0.4960208, 51.5883715 ], [ -0.4959251, 51.5882983 ], [ -0.4958495, 51.5882272 ], [ -0.4957623, 51.5881137 ], [ -0.4956342, 51.5878827 ], [ -0.4956033, 51.5878149 ], [ -0.4954809, 51.5874977 ], [ -0.4953745, 51.5871376 ], [ -0.4953569, 51.5871005 ], [ -0.4952856, 51.586989 ], [ -0.4950431, 51.5866828 ], [ -0.4949625, 51.5865442 ], [ -0.4949539, 51.5864973 ], [ -0.4949488, 51.5863903 ], [ -0.4949775, 51.5861775 ], [ -0.4950915, 51.5858274 ], [ -0.4951323, 51.5855995 ], [ -0.4951378, 51.5855205 ], [ -0.4951348, 51.5854368 ], [ -0.4951338, 51.5854215 ], [ -0.4951199, 51.5853197 ], [ -0.4950981, 51.5852367 ], [ -0.495035, 51.5850911 ], [ -0.4948463, 51.5847749 ], [ -0.4947232, 51.5846132 ], [ -0.494638, 51.5845249 ], [ -0.4945624, 51.5844565 ], [ -0.4944695, 51.5843825 ], [ -0.4943694, 51.584312 ], [ -0.4942461, 51.5842429 ], [ -0.4938498, 51.5840499 ], [ -0.4932184, 51.583719 ], [ -0.4929281, 51.5835939 ], [ -0.4925862, 51.5834573 ], [ -0.4917452, 51.5831372 ], [ -0.4916384, 51.5830935 ], [ -0.4913966, 51.582987 ], [ -0.4911905, 51.58289 ], [ -0.4911593, 51.5828734 ], [ -0.4910585, 51.5828217 ], [ -0.4908547, 51.5827013 ], [ -0.4905291, 51.5824651 ], [ -0.4900547, 51.582147 ], [ -0.4900434, 51.5821388 ], [ -0.4899123, 51.5820454 ], [ -0.4897983, 51.5819558 ], [ -0.4897367, 51.5818992 ], [ -0.4896241, 51.5817701 ], [ -0.4894521, 51.5815152 ], [ -0.4893181, 51.5812482 ], [ -0.489225, 51.5810941 ], [ -0.4890459, 51.5808805 ], [ -0.4889349, 51.5807029 ], [ -0.4887218, 51.5802082 ], [ -0.4886536, 51.5799151 ], [ -0.4885986, 51.5797472 ], [ -0.4885741, 51.5796165 ], [ -0.488586, 51.5795186 ], [ -0.4886237, 51.5794256 ], [ -0.488666, 51.5793668 ], [ -0.4887393, 51.5792913 ], [ -0.4888151, 51.5792248 ], [ -0.4889748, 51.57911 ], [ -0.4890657, 51.5790221 ], [ -0.4891168, 51.5789598 ], [ -0.4891549, 51.5788992 ], [ -0.4891659, 51.5788741 ], [ -0.4891842, 51.5787566 ], [ -0.4892199, 51.5786824 ], [ -0.4894308, 51.5784576 ], [ -0.4894781, 51.5783809 ], [ -0.4895016, 51.5782796 ], [ -0.4894995, 51.578213 ], [ -0.4894871, 51.5781526 ], [ -0.4894341, 51.5780548 ], [ -0.4892317, 51.5777591 ], [ -0.4890341, 51.5773627 ], [ -0.4889564, 51.5772691 ], [ -0.4888817, 51.5772151 ], [ -0.4888038, 51.5771718 ], [ -0.4887454, 51.5771477 ], [ -0.4886811, 51.5771288 ], [ -0.4884357, 51.577087 ], [ -0.4883643, 51.5770645 ], [ -0.4882703, 51.5770264 ], [ -0.4882022, 51.5769923 ], [ -0.4881419, 51.5769394 ], [ -0.4881191, 51.5768851 ], [ -0.4881195, 51.5767889 ], [ -0.4881252, 51.5767467 ], [ -0.488176, 51.5766071 ], [ -0.4881725, 51.576581 ], [ -0.4881579, 51.5765448 ], [ -0.4881276, 51.5765013 ], [ -0.4880814, 51.5764557 ], [ -0.4879167, 51.5763322 ], [ -0.4877394, 51.5762391 ], [ -0.48762, 51.5761836 ], [ -0.4873764, 51.5760878 ], [ -0.4870938, 51.5759943 ], [ -0.486978, 51.5759613 ], [ -0.4866486, 51.5758833 ], [ -0.4864491, 51.575852 ], [ -0.4861928, 51.5758352 ], [ -0.4861913, 51.5758352 ], [ -0.486053, 51.5757848 ], [ -0.4859745, 51.5757604 ], [ -0.4858051, 51.5756899 ], [ -0.4857313, 51.5756503 ], [ -0.4856763, 51.5756145 ], [ -0.4855513, 51.5755086 ], [ -0.4854636, 51.5754571 ], [ -0.4853341, 51.5754024 ], [ -0.4851897, 51.575361 ], [ -0.4850146, 51.5753308 ], [ -0.4849326, 51.5753235 ], [ -0.4847955, 51.5753244 ], [ -0.4843975, 51.5753588 ], [ -0.4843082, 51.5753523 ], [ -0.4842696, 51.5753428 ], [ -0.4842042, 51.5753123 ], [ -0.4841453, 51.5752629 ], [ -0.4840474, 51.575125 ], [ -0.4840151, 51.5750535 ], [ -0.4840022, 51.5749662 ], [ -0.4840076, 51.5749339 ], [ -0.4840556, 51.5748356 ], [ -0.484194, 51.5746647 ], [ -0.4843744, 51.5744917 ], [ -0.4845628, 51.5742936 ], [ -0.4846352, 51.5742424 ], [ -0.4847338, 51.5741852 ], [ -0.4848219, 51.5741405 ], [ -0.4849126, 51.5741021 ], [ -0.4854554, 51.5739221 ], [ -0.4855289, 51.5738825 ], [ -0.4855439, 51.5738666 ], [ -0.4855549, 51.5738388 ], [ -0.4855501, 51.57381 ], [ -0.4854927, 51.5737121 ], [ -0.4854625, 51.5736236 ], [ -0.4853574, 51.5730081 ], [ -0.4852281, 51.5727295 ], [ -0.485198, 51.5725924 ], [ -0.4851778, 51.5725049 ], [ -0.4851258, 51.5723766 ], [ -0.4850823, 51.5722969 ], [ -0.4850355, 51.5722288 ], [ -0.4849689, 51.5721497 ], [ -0.4848322, 51.5720077 ], [ -0.4846079, 51.5718106 ], [ -0.4842519, 51.5715353 ], [ -0.4842127, 51.5714997 ], [ -0.4841528, 51.5714351 ], [ -0.484102, 51.5713589 ], [ -0.4840586, 51.5712738 ], [ -0.4840339, 51.5711935 ], [ -0.4840243, 51.5710468 ], [ -0.4840429, 51.5708771 ], [ -0.484102, 51.5705775 ], [ -0.484108, 51.5703087 ], [ -0.4841174, 51.5702423 ], [ -0.4841386, 51.5701707 ], [ -0.4842595, 51.5698755 ], [ -0.4843699, 51.5695505 ], [ -0.4844811, 51.5693307 ], [ -0.4845094, 51.569216 ], [ -0.484512, 51.5690524 ], [ -0.4845227, 51.5689896 ], [ -0.4845793, 51.5688509 ], [ -0.4845846, 51.5688204 ], [ -0.484582, 51.5687691 ], [ -0.4845605, 51.5687212 ], [ -0.4844731, 51.5686158 ], [ -0.484332, 51.5684772 ], [ -0.4843023, 51.5684166 ], [ -0.4842974, 51.5683887 ], [ -0.4843035, 51.5683366 ], [ -0.4843862, 51.5681488 ], [ -0.48456, 51.5675639 ], [ -0.4846525, 51.5672989 ], [ -0.4847837, 51.566869 ], [ -0.4847717, 51.5668401 ], [ -0.4847331, 51.5667856 ], [ -0.4846911, 51.5667446 ], [ -0.4846517, 51.5667162 ], [ -0.4845565, 51.5666718 ], [ -0.484335, 51.5666078 ], [ -0.4841625, 51.5665436 ], [ -0.4841341, 51.5665324 ], [ -0.4839413, 51.5664724 ], [ -0.483878, 51.5664671 ], [ -0.4836832, 51.5664672 ], [ -0.4836329, 51.5664612 ], [ -0.4835899, 51.5664507 ], [ -0.4835358, 51.5664303 ], [ -0.4834691, 51.566397 ], [ -0.4832104, 51.5662363 ], [ -0.4829766, 51.566066 ], [ -0.4828741, 51.5659793 ], [ -0.4825998, 51.565724 ], [ -0.4828279, 51.565503 ], [ -0.4829979, 51.5652948 ], [ -0.483038, 51.565129 ], [ -0.4832426, 51.5651379 ], [ -0.483241, 51.5650983 ], [ -0.4832197, 51.5650018 ], [ -0.4831784, 51.5648988 ], [ -0.4831294, 51.5648127 ], [ -0.4830698, 51.5647382 ], [ -0.48294, 51.5646053 ], [ -0.4826601, 51.5643894 ], [ -0.4825158, 51.5642617 ], [ -0.4824222, 51.5641687 ], [ -0.4823637, 51.564105 ], [ -0.4823169, 51.5640379 ], [ -0.4822776, 51.563961 ], [ -0.4822662, 51.5639132 ], [ -0.4822842, 51.5638504 ], [ -0.4823416, 51.5637738 ], [ -0.4823774, 51.5637383 ], [ -0.4825057, 51.5636537 ], [ -0.4825384, 51.5636262 ], [ -0.4825778, 51.5635674 ], [ -0.4827306, 51.5631827 ], [ -0.482776, 51.5630331 ], [ -0.4828148, 51.5628196 ], [ -0.4815849, 51.5624063 ], [ -0.4815024, 51.5623719 ], [ -0.4814259, 51.5623314 ], [ -0.4813482, 51.5622818 ], [ -0.4812891, 51.5622352 ], [ -0.4811642, 51.562087 ], [ -0.4811068, 51.5620359 ], [ -0.4807734, 51.5617789 ], [ -0.480735, 51.5617208 ], [ -0.4807371, 51.561657 ], [ -0.4807574, 51.5616096 ], [ -0.4807954, 51.5615517 ], [ -0.4808329, 51.561509 ], [ -0.4809524, 51.5614305 ], [ -0.4809867, 51.561395 ], [ -0.4809954, 51.5613528 ], [ -0.4809671, 51.5612482 ], [ -0.4809998, 51.5611758 ], [ -0.481064, 51.5611118 ], [ -0.4811651, 51.5610637 ], [ -0.4811902, 51.561046 ], [ -0.4812084, 51.5610202 ], [ -0.481218, 51.5609933 ], [ -0.4812174, 51.5609664 ], [ -0.4811945, 51.5608761 ], [ -0.4811643, 51.5607858 ], [ -0.4811492, 51.5607614 ], [ -0.4811126, 51.5607339 ], [ -0.4810617, 51.5607036 ], [ -0.4810161, 51.5606868 ], [ -0.4809659, 51.5606772 ], [ -0.480914, 51.5606756 ], [ -0.4808662, 51.560684 ], [ -0.4808398, 51.5606944 ], [ -0.4806112, 51.5608021 ], [ -0.4805414, 51.5608182 ], [ -0.4805096, 51.5608205 ], [ -0.4804421, 51.5608125 ], [ -0.480402, 51.5608029 ], [ -0.4803164, 51.560774 ], [ -0.4797848, 51.5605791 ], [ -0.4795159, 51.5605091 ], [ -0.479318, 51.5604724 ], [ -0.4791875, 51.5604518 ], [ -0.4789931, 51.5604394 ], [ -0.4788603, 51.5604431 ], [ -0.4785091, 51.560461 ], [ -0.4784486, 51.5604584 ], [ -0.4783235, 51.5604451 ], [ -0.4781185, 51.5604083 ], [ -0.4778649, 51.5603564 ], [ -0.4775399, 51.5602803 ], [ -0.47752, 51.5602719 ], [ -0.4773579, 51.5599002 ], [ -0.4770881, 51.5596827 ], [ -0.4770079, 51.5596232 ], [ -0.4769105, 51.559559 ], [ -0.4768054, 51.5594651 ], [ -0.4767014, 51.5593396 ], [ -0.4766543, 51.5592401 ], [ -0.4766416, 51.5591869 ], [ -0.4766377, 51.5591302 ], [ -0.4766499, 51.5590674 ], [ -0.4766751, 51.5590039 ], [ -0.4767085, 51.5589566 ], [ -0.4767457, 51.5589212 ], [ -0.4767913, 51.5588957 ], [ -0.4769138, 51.5588559 ], [ -0.4769711, 51.5588243 ], [ -0.4769986, 51.5587788 ], [ -0.4770039, 51.5587492 ], [ -0.4769984, 51.5586978 ], [ -0.4769667, 51.558612 ], [ -0.4766699, 51.5582107 ], [ -0.4766243, 51.5581076 ], [ -0.4766155, 51.5580679 ], [ -0.4766168, 51.5580293 ], [ -0.4766294, 51.5579971 ], [ -0.4766491, 51.5579685 ], [ -0.4767771, 51.5578515 ], [ -0.476837, 51.5577857 ], [ -0.4768703, 51.5577394 ], [ -0.4768843, 51.557709 ], [ -0.476893, 51.5576651 ], [ -0.4768943, 51.5575824 ], [ -0.4768869, 51.5575013 ], [ -0.4768154, 51.5572244 ], [ -0.4768161, 51.5571165 ], [ -0.4768575, 51.5570424 ], [ -0.4769463, 51.5569338 ], [ -0.4771569, 51.5566308 ], [ -0.4772096, 51.55652 ], [ -0.4772795, 51.5561136 ], [ -0.4772763, 51.5559481 ], [ -0.4772344, 51.5557776 ], [ -0.4772345, 51.5556903 ], [ -0.4772419, 51.5556392 ], [ -0.4772631, 51.5555657 ], [ -0.4773354, 51.5554327 ], [ -0.477344, 51.5553914 ], [ -0.4773398, 51.5552988 ], [ -0.4773509, 51.5552701 ], [ -0.4773673, 51.5552542 ], [ -0.4775023, 51.5551849 ], [ -0.4775365, 51.5551547 ], [ -0.4776052, 51.5550414 ], [ -0.4777395, 51.5548651 ], [ -0.4777689, 51.5548466 ], [ -0.4778053, 51.5548363 ], [ -0.4778819, 51.5548337 ], [ -0.4779462, 51.5548498 ], [ -0.4780588, 51.554934 ], [ -0.4785137, 51.5546612 ], [ -0.4789031, 51.5548344 ], [ -0.4797593, 51.5540326 ], [ -0.4797607, 51.5540326 ], [ -0.4814169, 51.5526827 ], [ -0.4817342, 51.5523775 ], [ -0.4821425, 51.5520276 ], [ -0.4826859, 51.5515203 ], [ -0.4827984, 51.5514768 ], [ -0.482874, 51.551458 ], [ -0.4829523, 51.5514455 ], [ -0.4830159, 51.5514436 ], [ -0.4830763, 51.5514489 ], [ -0.4833226, 51.5515015 ], [ -0.4834432, 51.5515184 ], [ -0.4836762, 51.5515367 ], [ -0.4838583, 51.5515282 ], [ -0.4840046, 51.5515095 ], [ -0.4841483, 51.5514798 ], [ -0.4842487, 51.5514533 ], [ -0.4842955, 51.551435 ], [ -0.4843573, 51.551398 ], [ -0.4843872, 51.5513669 ], [ -0.4844993, 51.5512065 ], [ -0.4847397, 51.5509587 ], [ -0.484793, 51.5509181 ], [ -0.484897, 51.55087 ], [ -0.4851093, 51.5508187 ], [ -0.4853674, 51.550734 ], [ -0.4854083, 51.5507192 ], [ -0.4855309, 51.5506749 ], [ -0.4856893, 51.550596 ], [ -0.4858901, 51.5504565 ], [ -0.4859783, 51.5504064 ], [ -0.4862082, 51.5503006 ], [ -0.4863714, 51.5502074 ], [ -0.4866181, 51.5500325 ], [ -0.4867426, 51.5499298 ], [ -0.4870602, 51.5496606 ], [ -0.4871587, 51.5495188 ], [ -0.4873092, 51.5493302 ], [ -0.4874078, 51.5491831 ], [ -0.4874999, 51.5490161 ], [ -0.487579, 51.548804 ], [ -0.4876454, 51.548411 ], [ -0.4876733, 51.5482657 ], [ -0.4876925, 51.5482093 ], [ -0.4877488, 51.5480778 ], [ -0.4878963, 51.5478046 ], [ -0.4880845, 51.5475201 ], [ -0.4881698, 51.5474286 ], [ -0.4882362, 51.5473836 ], [ -0.4883094, 51.5473486 ], [ -0.4884014, 51.5473165 ], [ -0.4884726, 51.5472985 ], [ -0.4885637, 51.5472916 ], [ -0.4888679, 51.5472964 ], [ -0.4891553, 51.547284 ], [ -0.4893232, 51.5472645 ], [ -0.4894421, 51.5472454 ], [ -0.4894771, 51.5472333 ], [ -0.489511, 51.5472112 ], [ -0.4895352, 51.5471791 ], [ -0.4895431, 51.5471154 ], [ -0.489508, 51.5469549 ], [ -0.4894707, 51.54686 ], [ -0.4894282, 51.5467956 ], [ -0.4893277, 51.5466936 ], [ -0.4892948, 51.5466419 ], [ -0.4892665, 51.5465822 ], [ -0.4892566, 51.5465317 ], [ -0.4892611, 51.5464832 ], [ -0.4892843, 51.5464359 ], [ -0.4893323, 51.5463816 ], [ -0.4893945, 51.5463303 ], [ -0.4894977, 51.5462651 ], [ -0.4896395, 51.5462048 ], [ -0.4897299, 51.5461763 ], [ -0.4899115, 51.5461355 ], [ -0.4899984, 51.546124 ], [ -0.4901242, 51.5461167 ], [ -0.4902684, 51.5461149 ], [ -0.490411, 51.5461204 ], [ -0.4905577, 51.546133 ], [ -0.491195, 51.5462249 ], [ -0.4912255, 51.5462181 ], [ -0.4912796, 51.5461963 ], [ -0.4913297, 51.5461645 ], [ -0.4913758, 51.546122 ], [ -0.4914134, 51.5460757 ], [ -0.4914333, 51.5460409 ], [ -0.4914519, 51.5459125 ], [ -0.4914691, 51.5458741 ], [ -0.4915418, 51.545768 ], [ -0.4915673, 51.5456964 ], [ -0.4915512, 51.5455281 ], [ -0.4915948, 51.5453874 ], [ -0.4915956, 51.5453632 ], [ -0.4915852, 51.5453271 ], [ -0.4915587, 51.5453007 ], [ -0.4915162, 51.5452767 ], [ -0.4914606, 51.5452571 ], [ -0.4913891, 51.5452391 ], [ -0.4913002, 51.5452245 ], [ -0.4911243, 51.545224 ], [ -0.4910812, 51.545219 ], [ -0.4909769, 51.545188 ], [ -0.4909215, 51.5451639 ], [ -0.4908748, 51.5451354 ], [ -0.490837, 51.5451025 ], [ -0.4908149, 51.5450726 ], [ -0.490803, 51.5450401 ], [ -0.4908014, 51.5450023 ], [ -0.4908129, 51.5449584 ], [ -0.4908752, 51.5448198 ], [ -0.4910512, 51.5445568 ], [ -0.4911527, 51.5444942 ], [ -0.4912162, 51.5444501 ], [ -0.4913011, 51.5443694 ], [ -0.4913328, 51.5443248 ], [ -0.4915064, 51.5440033 ], [ -0.491527, 51.5439487 ], [ -0.4915387, 51.5439003 ], [ -0.491545, 51.543708 ], [ -0.4915525, 51.5436559 ], [ -0.4915792, 51.5435466 ], [ -0.4916217, 51.5434383 ], [ -0.491721, 51.5432714 ], [ -0.4918636, 51.5431024 ], [ -0.4919109, 51.5430221 ], [ -0.4920523, 51.5426705 ], [ -0.4921189, 51.5424466 ], [ -0.4921248, 51.5423972 ], [ -0.4921194, 51.5423423 ], [ -0.4920996, 51.5422863 ], [ -0.4919813, 51.5421157 ], [ -0.4919338, 51.5420252 ], [ -0.491804, 51.5417205 ], [ -0.4917916, 51.5416574 ], [ -0.4917938, 51.5416367 ], [ -0.4918064, 51.5416027 ], [ -0.4918277, 51.5415715 ], [ -0.4919078, 51.5415033 ], [ -0.4920708, 51.5414128 ], [ -0.4921906, 51.5413657 ], [ -0.4923217, 51.5413261 ], [ -0.492467, 51.5412947 ], [ -0.4927492, 51.5412641 ], [ -0.4930567, 51.5412087 ], [ -0.4931788, 51.5411797 ], [ -0.4934321, 51.5411074 ], [ -0.4935273, 51.5410637 ], [ -0.4936057, 51.5410035 ], [ -0.4936311, 51.5409751 ], [ -0.493642, 51.540951 ], [ -0.4936456, 51.5408854 ], [ -0.4936501, 51.5407946 ], [ -0.4936886, 51.5406332 ], [ -0.4937383, 51.5405242 ], [ -0.49381, 51.5404055 ], [ -0.4938991, 51.5402853 ], [ -0.4943702, 51.5397302 ], [ -0.4946756, 51.5392566 ], [ -0.4947895, 51.5391277 ], [ -0.4948561, 51.5390755 ], [ -0.4948929, 51.5390517 ], [ -0.4950175, 51.5389895 ], [ -0.4950469, 51.5389745 ], [ -0.4950838, 51.538948 ], [ -0.4951647, 51.5388556 ], [ -0.4952165, 51.538814 ], [ -0.4952798, 51.5387761 ], [ -0.4954734, 51.538632 ], [ -0.4954885, 51.5386115 ], [ -0.4955081, 51.5385434 ], [ -0.4955105, 51.5384275 ], [ -0.4954876, 51.5383328 ], [ -0.4954646, 51.5382893 ], [ -0.495441, 51.5382593 ], [ -0.4954088, 51.5382319 ], [ -0.4952664, 51.5381321 ], [ -0.4952063, 51.5380747 ], [ -0.4950589, 51.53791 ], [ -0.4950029, 51.537859 ], [ -0.4947099, 51.5376511 ], [ -0.4946539, 51.5376 ], [ -0.4944992, 51.5374371 ], [ -0.4944441, 51.5373572 ], [ -0.4943161, 51.5371299 ], [ -0.4941308, 51.536846 ], [ -0.4940565, 51.5366077 ], [ -0.4940022, 51.5365054 ], [ -0.4939582, 51.5364392 ], [ -0.4938152, 51.5362719 ], [ -0.4937327, 51.5361953 ], [ -0.493522, 51.5360271 ], [ -0.4933495, 51.5358352 ], [ -0.4932666, 51.5357712 ], [ -0.4931547, 51.5357104 ], [ -0.4929087, 51.5356038 ], [ -0.4924702, 51.5353914 ], [ -0.4917533, 51.5350081 ], [ -0.4916165, 51.5349155 ], [ -0.4915426, 51.5348399 ], [ -0.4915167, 51.5347937 ], [ -0.4914592, 51.5346168 ], [ -0.4914149, 51.5345164 ], [ -0.4913889, 51.5344747 ], [ -0.4913556, 51.5344338 ], [ -0.4912844, 51.5343636 ], [ -0.4912281, 51.5343233 ], [ -0.4911855, 51.5343012 ], [ -0.4911285, 51.5342825 ], [ -0.491054, 51.5342689 ], [ -0.4906556, 51.5342395 ], [ -0.4905756, 51.5342169 ], [ -0.4905501, 51.5342031 ], [ -0.4905178, 51.5341766 ], [ -0.4905026, 51.5341557 ], [ -0.4905022, 51.5341243 ], [ -0.4905157, 51.5341083 ], [ -0.4905453, 51.5340862 ], [ -0.4906933, 51.5340134 ], [ -0.4907744, 51.5339605 ], [ -0.49094, 51.5338359 ], [ -0.4910459, 51.5337284 ], [ -0.4911105, 51.5336483 ], [ -0.4911738, 51.5335673 ], [ -0.4912169, 51.5334851 ], [ -0.4912255, 51.533443 ], [ -0.4912248, 51.5333764 ], [ -0.4912095, 51.533271 ], [ -0.4911717, 51.5331491 ], [ -0.4910558, 51.5329067 ], [ -0.490995, 51.5328241 ], [ -0.4908798, 51.5327335 ], [ -0.4908439, 51.5326854 ], [ -0.4908389, 51.532662 ], [ -0.4908672, 51.5325472 ], [ -0.4908583, 51.532513 ], [ -0.4908373, 51.5324938 ], [ -0.4908146, 51.5324809 ], [ -0.4907903, 51.5324752 ], [ -0.49075, 51.5324747 ], [ -0.4905863, 51.5324978 ], [ -0.4905388, 51.5324963 ], [ -0.4904944, 51.5324858 ], [ -0.4904634, 51.5324656 ], [ -0.4904469, 51.5324402 ], [ -0.4904451, 51.5324078 ], [ -0.4904837, 51.5322878 ], [ -0.4904754, 51.532232 ], [ -0.4904574, 51.5322093 ], [ -0.4904264, 51.5321873 ], [ -0.4903796, 51.532166 ], [ -0.4902226, 51.5321172 ], [ -0.49018, 51.5320969 ], [ -0.4901492, 51.5320695 ], [ -0.4901343, 51.5320406 ], [ -0.4901337, 51.5320136 ], [ -0.4901882, 51.5318911 ], [ -0.4901954, 51.531848 ], [ -0.4901901, 51.5317922 ], [ -0.4901472, 51.5316496 ], [ -0.4901174, 51.5315916 ], [ -0.4899991, 51.5314202 ], [ -0.4899816, 51.5313831 ], [ -0.4899487, 51.5312864 ], [ -0.4899276, 51.5311836 ], [ -0.4898918, 51.5310033 ], [ -0.4898885, 51.5308855 ], [ -0.4899152, 51.5306871 ], [ -0.4899192, 51.5306116 ], [ -0.4899198, 51.5305055 ], [ -0.4899077, 51.5304352 ], [ -0.4898459, 51.5302987 ], [ -0.489732, 51.5301237 ], [ -0.4896865, 51.530061 ], [ -0.4893873, 51.5296498 ], [ -0.4890831, 51.5293024 ], [ -0.4890176, 51.5291892 ], [ -0.4890033, 51.5291413 ], [ -0.4889913, 51.5290692 ], [ -0.48897, 51.5288001 ], [ -0.4889847, 51.5286609 ], [ -0.488998, 51.5286071 ], [ -0.4891051, 51.5283333 ], [ -0.489333, 51.5278489 ], [ -0.4894762, 51.5276179 ], [ -0.4895738, 51.5275004 ], [ -0.489742, 51.5273389 ], [ -0.4898901, 51.5271754 ], [ -0.4899422, 51.5271275 ], [ -0.4900377, 51.5270721 ], [ -0.490124, 51.5270354 ], [ -0.4902496, 51.5269849 ], [ -0.4905001, 51.5269081 ], [ -0.4905865, 51.5268687 ], [ -0.4906189, 51.5268457 ], [ -0.4906592, 51.5268067 ], [ -0.4907318, 51.5267033 ], [ -0.4908158, 51.5265147 ], [ -0.4908399, 51.5264421 ], [ -0.4908785, 51.5262322 ], [ -0.4908829, 51.5261442 ], [ -0.4908718, 51.525957 ], [ -0.4908346, 51.525774 ], [ -0.4907839, 51.5256501 ], [ -0.4906925, 51.5254925 ], [ -0.4905762, 51.5253039 ], [ -0.4903973, 51.5250481 ], [ -0.4903443, 51.5249503 ], [ -0.4903073, 51.5248482 ], [ -0.4902834, 51.5247445 ], [ -0.4902748, 51.5246553 ], [ -0.4902771, 51.5245834 ], [ -0.4902907, 51.5244793 ], [ -0.4903409, 51.5242237 ], [ -0.4905245, 51.5235984 ], [ -0.4906074, 51.5233153 ], [ -0.4906047, 51.5232208 ], [ -0.4905224, 51.5226155 ], [ -0.4905427, 51.5224809 ], [ -0.4905783, 51.5223627 ], [ -0.4906034, 51.5223027 ], [ -0.4906678, 51.5221858 ], [ -0.4910331, 51.5216878 ], [ -0.4911414, 51.5215058 ], [ -0.4911683, 51.5214333 ], [ -0.4911868, 51.5213526 ], [ -0.4911936, 51.521278 ], [ -0.491186, 51.5212033 ], [ -0.4911623, 51.5211364 ], [ -0.4911255, 51.521073 ], [ -0.4910728, 51.5210103 ], [ -0.4910138, 51.520961 ], [ -0.4909672, 51.5209343 ], [ -0.4909216, 51.5209184 ], [ -0.49074, 51.520872 ], [ -0.4906861, 51.520848 ], [ -0.4906181, 51.520812 ], [ -0.4905559, 51.5207726 ], [ -0.4905012, 51.5207296 ], [ -0.4904495, 51.5206777 ], [ -0.4904069, 51.5206151 ], [ -0.4903855, 51.5205644 ], [ -0.4903769, 51.5205203 ], [ -0.4903718, 51.5204573 ], [ -0.4903871, 51.5201679 ], [ -0.4904183, 51.5200083 ], [ -0.4904444, 51.5199187 ], [ -0.4905002, 51.5197998 ], [ -0.4905333, 51.5197571 ], [ -0.4905942, 51.5197021 ], [ -0.4906856, 51.5196412 ], [ -0.4908118, 51.5195745 ], [ -0.4910633, 51.5194635 ], [ -0.4911397, 51.5194205 ], [ -0.4912296, 51.5193605 ], [ -0.4914503, 51.5191799 ], [ -0.4915684, 51.5190519 ], [ -0.4916108, 51.5189913 ], [ -0.4916356, 51.5189377 ], [ -0.4916514, 51.5188956 ], [ -0.4916656, 51.5188589 ], [ -0.491815, 51.5185677 ], [ -0.4919096, 51.5183675 ], [ -0.4920972, 51.517923 ], [ -0.4923331, 51.5172822 ], [ -0.4923538, 51.5171799 ], [ -0.4923559, 51.517117 ], [ -0.49235, 51.5170756 ], [ -0.492323, 51.5170204 ], [ -0.4921939, 51.5168704 ], [ -0.4921236, 51.5167759 ], [ -0.4920646, 51.5166843 ], [ -0.4920007, 51.5165666 ], [ -0.4919401, 51.5164382 ], [ -0.491907, 51.5163514 ], [ -0.4918973, 51.5162946 ], [ -0.491902, 51.5161526 ], [ -0.4918831, 51.5160697 ], [ -0.4918124, 51.5159411 ], [ -0.4917503, 51.5158584 ], [ -0.4916488, 51.5157474 ], [ -0.4913474, 51.5154459 ], [ -0.4912447, 51.5152845 ], [ -0.4912197, 51.5152554 ], [ -0.4911579, 51.5152061 ], [ -0.4911366, 51.5151968 ], [ -0.4910924, 51.5151827 ], [ -0.4909019, 51.515147 ], [ -0.4908606, 51.5151321 ], [ -0.4907529, 51.5150768 ], [ -0.4905949, 51.5149722 ], [ -0.4904671, 51.5148717 ], [ -0.489985, 51.5144572 ], [ -0.4897702, 51.5142854 ], [ -0.4896347, 51.514156 ], [ -0.4895811, 51.5140762 ], [ -0.4895706, 51.5140445 ], [ -0.4895664, 51.5139995 ], [ -0.4895743, 51.5139331 ], [ -0.4895983, 51.5138615 ], [ -0.4896246, 51.5138078 ], [ -0.4896503, 51.5137713 ], [ -0.4899001, 51.513494 ], [ -0.4899417, 51.5134127 ], [ -0.4899372, 51.5133308 ], [ -0.4898599, 51.5131419 ], [ -0.4897636, 51.5128286 ], [ -0.4897333, 51.5126547 ], [ -0.4897285, 51.5124514 ], [ -0.4897533, 51.5123564 ], [ -0.4897955, 51.5123003 ], [ -0.4899355, 51.5122059 ], [ -0.4899713, 51.5121694 ], [ -0.4899915, 51.5121265 ], [ -0.4899952, 51.5120996 ], [ -0.4899905, 51.5120258 ], [ -0.4899572, 51.5118986 ], [ -0.4898477, 51.5116814 ], [ -0.4898231, 51.5115516 ], [ -0.4898067, 51.5115253 ], [ -0.4897535, 51.5114769 ], [ -0.4897182, 51.5114567 ], [ -0.489657, 51.5114325 ], [ -0.4895585, 51.5114052 ], [ -0.4894668, 51.5113896 ], [ -0.4894079, 51.5113835 ], [ -0.489356, 51.5113846 ], [ -0.4891724, 51.5114002 ], [ -0.4890859, 51.5114027 ], [ -0.4889691, 51.511403 ], [ -0.4888759, 51.511391 ], [ -0.4887604, 51.5113527 ], [ -0.4886766, 51.5113156 ], [ -0.488444, 51.511202 ], [ -0.4884132, 51.5111755 ], [ -0.4883375, 51.5111107 ], [ -0.4879537, 51.510997 ], [ -0.4875472, 51.5108245 ], [ -0.4873543, 51.5108615 ], [ -0.4868166, 51.5104769 ], [ -0.4864028, 51.5104833 ], [ -0.4862983, 51.5101573 ], [ -0.4860763, 51.5101167 ], [ -0.4857448, 51.5102041 ], [ -0.485725, 51.510194 ], [ -0.48557, 51.5100868 ], [ -0.4855562, 51.5100263 ], [ -0.4855056, 51.5098135 ], [ -0.4858375, 51.5098007 ], [ -0.4855152, 51.5096104 ], [ -0.4852814, 51.5094482 ], [ -0.4852291, 51.5094161 ], [ -0.4851625, 51.5093837 ], [ -0.484972, 51.5093039 ], [ -0.4849055, 51.5091385 ], [ -0.4848057, 51.5090194 ], [ -0.4847591, 51.508946 ], [ -0.4847161, 51.508896 ], [ -0.4846641, 51.5088566 ], [ -0.4845806, 51.5088115 ], [ -0.4845095, 51.50878 ], [ -0.4843711, 51.5087413 ], [ -0.4843356, 51.5087247 ], [ -0.4843047, 51.5087009 ], [ -0.484262, 51.5086419 ], [ -0.4842305, 51.5085489 ], [ -0.4842385, 51.5084357 ], [ -0.4842252, 51.5084032 ], [ -0.4841611, 51.5083385 ], [ -0.4840298, 51.508255 ], [ -0.4839035, 51.5081985 ], [ -0.483855, 51.5081826 ], [ -0.4838092, 51.5081739 ], [ -0.4836312, 51.5081536 ], [ -0.4835855, 51.5081404 ], [ -0.4835614, 51.5081275 ], [ -0.4835321, 51.5080984 ], [ -0.4835005, 51.5080512 ], [ -0.4834877, 51.5080052 ], [ -0.4834948, 51.5079648 ], [ -0.4835101, 51.5079362 ], [ -0.483528, 51.5079194 ], [ -0.4836097, 51.5078871 ], [ -0.4838931, 51.5078593 ], [ -0.4839485, 51.5078385 ], [ -0.4839738, 51.5078163 ], [ -0.4839892, 51.5077859 ], [ -0.4839999, 51.5077231 ], [ -0.4840037, 51.5076521 ], [ -0.4839965, 51.5076098 ], [ -0.4839788, 51.5075772 ], [ -0.4839538, 51.507549 ], [ -0.4839158, 51.5075233 ], [ -0.4838576, 51.5074965 ], [ -0.4837963, 51.5074759 ], [ -0.4837491, 51.5074645 ], [ -0.4835669, 51.5074415 ], [ -0.4834572, 51.5074032 ], [ -0.4833906, 51.5073691 ], [ -0.4833271, 51.5073278 ], [ -0.4832739, 51.5072821 ], [ -0.4832322, 51.5072366 ], [ -0.4832075, 51.5072003 ], [ -0.4831825, 51.5071263 ], [ -0.4831802, 51.5070246 ], [ -0.4831948, 51.5068018 ], [ -0.4831793, 51.5067036 ], [ -0.4831942, 51.5066463 ], [ -0.4832107, 51.5066267 ], [ -0.4832633, 51.506604 ], [ -0.4834198, 51.5065772 ], [ -0.4835566, 51.5065349 ], [ -0.4836107, 51.5065132 ], [ -0.483646, 51.506492 ], [ -0.4836802, 51.5064583 ], [ -0.4836984, 51.5064325 ], [ -0.4837338, 51.5062774 ], [ -0.4838584, 51.5059966 ], [ -0.4838986, 51.505784 ], [ -0.4839082, 51.5056672 ], [ -0.483922, 51.5056422 ], [ -0.4839414, 51.5056236 ], [ -0.4839692, 51.5056096 ], [ -0.4840085, 51.5055984 ], [ -0.4840533, 51.5055936 ], [ -0.4842014, 51.5056018 ], [ -0.4842803, 51.5056145 ], [ -0.4844314, 51.5056623 ], [ -0.4844975, 51.5056695 ], [ -0.4845742, 51.5056588 ], [ -0.4846193, 51.5056441 ], [ -0.4846677, 51.5056204 ], [ -0.4847164, 51.505586 ], [ -0.4847685, 51.5055354 ], [ -0.4848077, 51.5054828 ], [ -0.4848248, 51.5054462 ], [ -0.4848243, 51.5054165 ], [ -0.4847796, 51.5052864 ], [ -0.4847778, 51.5052532 ], [ -0.4847861, 51.5052209 ], [ -0.4848027, 51.5051977 ], [ -0.4848307, 51.5051792 ], [ -0.4849984, 51.5051211 ], [ -0.4850291, 51.5051062 ], [ -0.4850648, 51.5050734 ], [ -0.4852536, 51.5046793 ], [ -0.4852574, 51.5046524 ], [ -0.4852511, 51.5046262 ], [ -0.48524, 51.5046117 ], [ -0.48493, 51.5044872 ], [ -0.4849005, 51.5044661 ], [ -0.4848783, 51.5044398 ], [ -0.4848634, 51.5044108 ], [ -0.4848572, 51.5043801 ], [ -0.4848627, 51.5043451 ], [ -0.4848974, 51.504297 ], [ -0.4851035, 51.5041675 ], [ -0.48516, 51.5041143 ], [ -0.4851801, 51.5040732 ], [ -0.4851903, 51.5040257 ], [ -0.4851891, 51.5039735 ], [ -0.4851792, 51.5039257 ], [ -0.4851617, 51.5038886 ], [ -0.4851382, 51.5038586 ], [ -0.4851045, 51.5038321 ], [ -0.4850507, 51.5038035 ], [ -0.4849283, 51.5037588 ], [ -0.4847739, 51.5037208 ], [ -0.4847441, 51.5037079 ], [ -0.4847173, 51.5036886 ], [ -0.4846787, 51.5036369 ], [ -0.4846724, 51.5036089 ], [ -0.4846792, 51.5035775 ], [ -0.4846915, 51.503557 ], [ -0.4849127, 51.5034016 ], [ -0.4849336, 51.5033794 ], [ -0.4849445, 51.5033571 ], [ -0.4849425, 51.503331 ], [ -0.4849261, 51.503302 ], [ -0.4848369, 51.5032127 ], [ -0.4848224, 51.5031702 ], [ -0.4848244, 51.503155 ], [ -0.4848691, 51.5031106 ], [ -0.4850221, 51.5030155 ], [ -0.4850826, 51.5029713 ], [ -0.4851139, 51.5029402 ], [ -0.4851337, 51.5029081 ], [ -0.4851406, 51.502874 ], [ -0.4851408, 51.502651 ], [ -0.4851502, 51.5026269 ], [ -0.4851682, 51.5026055 ], [ -0.4851932, 51.5025905 ], [ -0.4853691, 51.5025443 ], [ -0.4854611, 51.5025068 ], [ -0.4855654, 51.5024452 ], [ -0.4856916, 51.5023353 ], [ -0.4858107, 51.5022622 ], [ -0.4858625, 51.5022206 ], [ -0.4858791, 51.5021983 ], [ -0.4859275, 51.5020848 ], [ -0.4859626, 51.5020259 ], [ -0.4859881, 51.5019947 ], [ -0.4860077, 51.5019689 ], [ -0.4860404, 51.5019388 ], [ -0.4860684, 51.5019211 ], [ -0.486223, 51.5018638 ], [ -0.4862451, 51.501847 ], [ -0.4862603, 51.5018238 ], [ -0.4862684, 51.501796 ], [ -0.4862689, 51.5017376 ], [ -0.4862575, 51.5016035 ], [ -0.4862209, 51.501362 ], [ -0.4862224, 51.5013153 ], [ -0.4862435, 51.5012004 ], [ -0.4862269, 51.5011382 ], [ -0.4861665, 51.5010475 ], [ -0.48616, 51.5010258 ], [ -0.4861716, 51.5009351 ], [ -0.4861869, 51.5009092 ], [ -0.4862122, 51.5008835 ], [ -0.4862607, 51.5008544 ], [ -0.4863264, 51.500831 ], [ -0.4863944, 51.5008202 ], [ -0.4864549, 51.500821 ], [ -0.4865179, 51.5008335 ], [ -0.4866006, 51.5008597 ], [ -0.4867668, 51.500932 ], [ -0.486838, 51.5009563 ], [ -0.4869208, 51.500979 ], [ -0.4869967, 51.5009934 ], [ -0.4870728, 51.5010007 ], [ -0.4871636, 51.5010001 ], [ -0.4872561, 51.5009905 ], [ -0.4873127, 51.5009786 ], [ -0.4873419, 51.5009673 ], [ -0.4873758, 51.5009453 ], [ -0.4874058, 51.5009097 ], [ -0.4874275, 51.50082 ], [ -0.487313, 51.5005767 ], [ -0.4873098, 51.5005434 ], [ -0.4873198, 51.5005039 ], [ -0.4873413, 51.5004619 ], [ -0.4873788, 51.5004175 ], [ -0.4874292, 51.5003768 ], [ -0.4874776, 51.5003486 ], [ -0.4875287, 51.5003304 ], [ -0.4875938, 51.5003204 ], [ -0.4877696, 51.5003218 ], [ -0.4878071, 51.5003178 ], [ -0.4879305, 51.5002915 ], [ -0.4880011, 51.5002897 ], [ -0.488034, 51.5002973 ], [ -0.488098, 51.5003242 ], [ -0.4881517, 51.5003546 ], [ -0.4882159, 51.5004175 ], [ -0.48824, 51.5004286 ], [ -0.4882701, 51.5004326 ], [ -0.4883021, 51.5004258 ], [ -0.4883211, 51.500417 ], [ -0.4884053, 51.5003525 ], [ -0.4886985, 51.5001998 ], [ -0.4887, 51.5002007 ], [ -0.4887646, 51.5002051 ], [ -0.4888002, 51.500175 ], [ -0.4888258, 51.5001421 ], [ -0.4888382, 51.5001153 ], [ -0.4888389, 51.5000955 ], [ -0.4887876, 51.4999905 ], [ -0.488784, 51.4999689 ], [ -0.4888005, 51.4999044 ], [ -0.4888807, 51.4997885 ], [ -0.4889135, 51.4997565 ], [ -0.4890625, 51.4996497 ], [ -0.4892578, 51.4994957 ], [ -0.4895826, 51.499213 ], [ -0.489709, 51.4990528 ], [ -0.4897637, 51.4989654 ], [ -0.4897826, 51.498918 ], [ -0.4897837, 51.4988847 ], [ -0.4897749, 51.498845 ], [ -0.4897019, 51.4986984 ], [ -0.4896659, 51.4986557 ], [ -0.4895922, 51.4986197 ], [ -0.4895507, 51.4986102 ], [ -0.4893709, 51.4986006 ], [ -0.489163, 51.4986159 ], [ -0.4890002, 51.4986139 ], [ -0.4889215, 51.4985994 ], [ -0.4888889, 51.4985836 ], [ -0.4888679, 51.4985645 ], [ -0.4888557, 51.498541 ], [ -0.4888522, 51.4985148 ], [ -0.4888646, 51.4984449 ], [ -0.4888921, 51.4983544 ], [ -0.4889368, 51.4982677 ], [ -0.4889853, 51.4981955 ], [ -0.4890151, 51.4981635 ], [ -0.4890534, 51.4981398 ], [ -0.4891807, 51.4980793 ], [ -0.4892237, 51.4980439 ], [ -0.4892597, 51.4979985 ], [ -0.4892843, 51.497953 ], [ -0.4892972, 51.4979109 ], [ -0.4892899, 51.4977391 ], [ -0.4893063, 51.4976808 ], [ -0.4893415, 51.4976606 ], [ -0.4894548, 51.4976324 ], [ -0.4894798, 51.4976183 ], [ -0.4894905, 51.4975996 ], [ -0.4894884, 51.4975744 ], [ -0.4894719, 51.4975499 ], [ -0.4894044, 51.4975004 ], [ -0.4893589, 51.4974819 ], [ -0.4892127, 51.4974602 ], [ -0.4891743, 51.4974462 ], [ -0.4891332, 51.4974232 ], [ -0.4890941, 51.4973876 ], [ -0.4890227, 51.4972797 ], [ -0.4889933, 51.4971669 ], [ -0.488955, 51.4971062 ], [ -0.4888753, 51.4970323 ], [ -0.4888052, 51.4969739 ], [ -0.4886855, 51.4968905 ], [ -0.4886216, 51.4968195 ], [ -0.488606, 51.4967681 ], [ -0.4886103, 51.496725 ], [ -0.488631, 51.4966659 ], [ -0.4886765, 51.4965972 ], [ -0.4887613, 51.4965174 ], [ -0.4887753, 51.4964843 ], [ -0.4887812, 51.4964367 ], [ -0.4887716, 51.4963368 ], [ -0.4886838, 51.4959841 ], [ -0.488693, 51.495968 ], [ -0.4887212, 51.4959423 ], [ -0.4887652, 51.4959204 ], [ -0.4888408, 51.4958971 ], [ -0.4888423, 51.4958971 ], [ -0.4889151, 51.4958746 ], [ -0.4890142, 51.495839 ], [ -0.4890807, 51.4957896 ], [ -0.4891575, 51.4956871 ], [ -0.4891826, 51.4956686 ], [ -0.4892308, 51.4956476 ], [ -0.4894593, 51.4955795 ], [ -0.4895263, 51.4955552 ], [ -0.4896231, 51.4955052 ], [ -0.489663, 51.4954742 ], [ -0.4897005, 51.4954298 ], [ -0.4896985, 51.495401 ], [ -0.4896806, 51.4953782 ], [ -0.4895668, 51.4952905 ], [ -0.4895516, 51.4952714 ], [ -0.4895438, 51.4952452 ], [ -0.489542, 51.4952119 ], [ -0.4895521, 51.495168 ], [ -0.4895753, 51.4951206 ], [ -0.4896037, 51.4950886 ], [ -0.4896347, 51.4950674 ], [ -0.4898382, 51.4949666 ], [ -0.4899381, 51.4949095 ], [ -0.4899952, 51.4948365 ], [ -0.4900443, 51.4947463 ], [ -0.4900505, 51.4947338 ], [ -0.4901363, 51.4945775 ], [ -0.4901703, 51.4944655 ], [ -0.4902587, 51.4942743 ], [ -0.4902738, 51.4942547 ], [ -0.4903007, 51.4942253 ], [ -0.4903272, 51.4942068 ], [ -0.4904467, 51.4941661 ], [ -0.4904851, 51.4941369 ], [ -0.490492, 51.4941028 ], [ -0.490449, 51.4940069 ], [ -0.4904417, 51.4939682 ], [ -0.4904379, 51.4939088 ], [ -0.4904418, 51.4938783 ], [ -0.4904556, 51.4938524 ], [ -0.4904824, 51.4938248 ], [ -0.4905206, 51.4938037 ], [ -0.4907369, 51.4937526 ], [ -0.4908041, 51.4937247 ], [ -0.4908703, 51.4936841 ], [ -0.490953, 51.4936214 ], [ -0.4911001, 51.4934866 ], [ -0.4914465, 51.4930729 ], [ -0.4914641, 51.4930623 ], [ -0.4915035, 51.4930467 ], [ -0.4915528, 51.4930374 ], [ -0.4916842, 51.4930265 ], [ -0.4922139, 51.4929973 ], [ -0.49224, 51.4929923 ], [ -0.4923681, 51.4929517 ], [ -0.4925464, 51.4928748 ], [ -0.4925846, 51.492851 ], [ -0.4926707, 51.492773 ], [ -0.4927028, 51.4927608 ], [ -0.4927448, 51.4927551 ], [ -0.4927865, 51.4927556 ], [ -0.4929127, 51.4927734 ], [ -0.4931704, 51.4928208 ], [ -0.4932336, 51.492827 ], [ -0.493284, 51.4928267 ], [ -0.4933581, 51.4928097 ], [ -0.493532, 51.4927328 ], [ -0.4935726, 51.4927243 ], [ -0.4936823, 51.4927195 ], [ -0.4938634, 51.4927299 ], [ -0.4945764, 51.4927327 ], [ -0.4947081, 51.492712 ], [ -0.4947692, 51.4926965 ], [ -0.4948144, 51.4926782 ], [ -0.4948497, 51.4926562 ], [ -0.4948693, 51.4926295 ], [ -0.4948791, 51.4925963 ], [ -0.4948788, 51.4924741 ], [ -0.4948882, 51.492449 ], [ -0.4949092, 51.4924241 ], [ -0.4949373, 51.492402 ], [ -0.4951018, 51.492307 ], [ -0.4952243, 51.4922168 ], [ -0.4953315, 51.4921121 ], [ -0.4953682, 51.4920451 ], [ -0.495368, 51.4920091 ], [ -0.4953503, 51.4919765 ], [ -0.4952868, 51.4919362 ], [ -0.4951673, 51.4918924 ], [ -0.4951135, 51.4918638 ], [ -0.494993, 51.4917615 ], [ -0.4949365, 51.4916835 ], [ -0.4949219, 51.4916455 ], [ -0.4949123, 51.4915438 ], [ -0.4949351, 51.491375 ], [ -0.4949615, 51.491316 ], [ -0.4950238, 51.4912638 ], [ -0.4951174, 51.4912191 ], [ -0.4951944, 51.4912012 ], [ -0.495357, 51.4912051 ], [ -0.4954019, 51.4911967 ], [ -0.4954723, 51.4911598 ], [ -0.4955687, 51.4910756 ], [ -0.4957595, 51.4909243 ], [ -0.4958579, 51.490824 ], [ -0.4958839, 51.4907766 ], [ -0.4959025, 51.4906483 ], [ -0.4959179, 51.4906179 ], [ -0.4959433, 51.4905904 ], [ -0.4960054, 51.4905417 ], [ -0.4960419, 51.4905269 ], [ -0.4960869, 51.4905185 ], [ -0.4961114, 51.4905179 ], [ -0.4962619, 51.4905387 ], [ -0.4965279, 51.4905529 ], [ -0.4966288, 51.4905533 ], [ -0.4966678, 51.4905493 ], [ -0.4967216, 51.4905329 ], [ -0.4967808, 51.490486 ], [ -0.4968572, 51.4903953 ], [ -0.4969651, 51.4903112 ], [ -0.496986, 51.490289 ], [ -0.4969947, 51.490245 ], [ -0.4969909, 51.490227 ], [ -0.4969884, 51.4902171 ], [ -0.4969651, 51.4901808 ], [ -0.4967903, 51.4901534 ], [ -0.4966361, 51.4901541 ], [ -0.4966003, 51.4901483 ], [ -0.4965135, 51.4901157 ], [ -0.496481, 51.4900955 ], [ -0.4964601, 51.4900745 ], [ -0.4964478, 51.4900537 ], [ -0.4964457, 51.4900312 ], [ -0.4964537, 51.490007 ], [ -0.4964958, 51.4899536 ], [ -0.4965509, 51.4898977 ], [ -0.4965995, 51.489865 ], [ -0.49667, 51.4898254 ], [ -0.4967489, 51.4897905 ], [ -0.4968523, 51.4897567 ], [ -0.4970571, 51.4897045 ], [ -0.4973926, 51.4898824 ], [ -0.4974013, 51.4898816 ], [ -0.4974897, 51.4898225 ], [ -0.497563, 51.489782 ], [ -0.4976391, 51.4897461 ], [ -0.4977586, 51.4897036 ], [ -0.4979355, 51.4896672 ], [ -0.4980159, 51.4896323 ], [ -0.4980518, 51.4895923 ], [ -0.4980924, 51.4894948 ], [ -0.4981281, 51.489462 ], [ -0.4981906, 51.4894439 ], [ -0.4983336, 51.4894322 ], [ -0.4983641, 51.4894245 ], [ -0.4984036, 51.489407 ], [ -0.4986489, 51.48926 ], [ -0.4986585, 51.4892332 ], [ -0.4986383, 51.4891906 ], [ -0.4984708, 51.4890266 ], [ -0.4984016, 51.4889853 ], [ -0.4983572, 51.4889775 ], [ -0.4983138, 51.4889815 ], [ -0.4981771, 51.4890211 ], [ -0.4981368, 51.4890215 ], [ -0.4980954, 51.4890092 ], [ -0.4980546, 51.4889799 ], [ -0.4980187, 51.4889327 ], [ -0.4979974, 51.4888812 ], [ -0.497999, 51.4888327 ], [ -0.4980055, 51.4888085 ], [ -0.4980401, 51.4887639 ], [ -0.498163, 51.4886621 ], [ -0.4983001, 51.4884777 ], [ -0.4983269, 51.4884538 ], [ -0.4983473, 51.4884451 ], [ -0.4983719, 51.4884418 ], [ -0.4983976, 51.4884493 ], [ -0.4984143, 51.4884666 ], [ -0.4984598, 51.4885715 ], [ -0.498499, 51.4886053 ], [ -0.4985247, 51.4886119 ], [ -0.4985492, 51.4886122 ], [ -0.4985826, 51.4886036 ], [ -0.4986163, 51.4885879 ], [ -0.4988054, 51.4884428 ], [ -0.4988477, 51.4884281 ], [ -0.4988822, 51.4884276 ], [ -0.498905, 51.488436 ], [ -0.498994, 51.4885325 ], [ -0.4990714, 51.4885892 ], [ -0.4991071, 51.4885987 ], [ -0.4991459, 51.4886019 ], [ -0.4991706, 51.488595 ], [ -0.4991884, 51.4885799 ], [ -0.4991978, 51.4885567 ], [ -0.4991882, 51.4884109 ], [ -0.4992279, 51.4881641 ], [ -0.4992379, 51.4880356 ], [ -0.4992326, 51.4880221 ], [ -0.499195, 51.487982 ], [ -0.4990735, 51.4879103 ], [ -0.4990499, 51.487883 ], [ -0.4990436, 51.4878569 ], [ -0.4990516, 51.4878318 ], [ -0.4990977, 51.4877883 ], [ -0.4992928, 51.4876811 ], [ -0.499356, 51.4876406 ], [ -0.4993681, 51.4876254 ], [ -0.4993734, 51.4875949 ], [ -0.4993437, 51.4874912 ], [ -0.4993594, 51.4874509 ], [ -0.4993802, 51.4874314 ], [ -0.4995184, 51.4873441 ], [ -0.4996137, 51.48725 ], [ -0.4996487, 51.487192 ], [ -0.4996589, 51.4871472 ], [ -0.4996592, 51.4870923 ], [ -0.4996446, 51.4870544 ], [ -0.4995634, 51.4869841 ], [ -0.4995553, 51.4869687 ], [ -0.4995679, 51.4869356 ], [ -0.4996753, 51.4868668 ], [ -0.4996917, 51.4868473 ], [ -0.4996951, 51.4868329 ], [ -0.4996608, 51.4867821 ], [ -0.499634, 51.4867638 ], [ -0.4996041, 51.4867517 ], [ -0.499577, 51.486746 ], [ -0.4995424, 51.4867473 ], [ -0.499406, 51.4867762 ], [ -0.4993179, 51.486784 ], [ -0.4992169, 51.4867881 ], [ -0.4991609, 51.4867847 ], [ -0.4991223, 51.486777 ], [ -0.4990796, 51.4867612 ], [ -0.499016, 51.4867235 ], [ -0.4989799, 51.4866817 ], [ -0.4989748, 51.486661 ], [ -0.4989801, 51.4866322 ], [ -0.499037, 51.4865233 ], [ -0.4990561, 51.4864669 ], [ -0.499086, 51.486345 ], [ -0.4990956, 51.4862722 ], [ -0.4990919, 51.4862551 ], [ -0.4990823, 51.4862397 ], [ -0.4990582, 51.4862259 ], [ -0.4990268, 51.4862192 ], [ -0.4988984, 51.4862248 ], [ -0.49881, 51.4861993 ], [ -0.4987688, 51.486179 ], [ -0.4987393, 51.4861571 ], [ -0.4987214, 51.4861326 ], [ -0.4987136, 51.4861064 ], [ -0.4987189, 51.4860786 ], [ -0.4987371, 51.4860482 ], [ -0.4987655, 51.4860189 ], [ -0.4988097, 51.4859862 ], [ -0.4988537, 51.4859625 ], [ -0.498954, 51.4859359 ], [ -0.4989805, 51.4859183 ], [ -0.4989841, 51.4858967 ], [ -0.4989316, 51.4858295 ], [ -0.4988953, 51.485749 ], [ -0.4988968, 51.4857023 ], [ -0.4989179, 51.4856765 ], [ -0.4989369, 51.4856668 ], [ -0.4989703, 51.4856592 ], [ -0.4990207, 51.4856589 ], [ -0.4991023, 51.4856725 ], [ -0.4993, 51.485488 ], [ -0.499869, 51.4849567 ], [ -0.5004462, 51.4843958 ], [ -0.500835, 51.4840473 ], [ -0.5010865, 51.4837997 ], [ -0.5013817, 51.483495 ], [ -0.5017262, 51.4831334 ], [ -0.5019743, 51.4828569 ], [ -0.5022789, 51.4824832 ], [ -0.5025, 51.4821524 ], [ -0.5027019, 51.4818357 ], [ -0.502705, 51.4818313 ], [ -0.5030073, 51.4813496 ], [ -0.503065, 51.4812595 ], [ -0.5031834, 51.4810748 ], [ -0.5032213, 51.481016 ], [ -0.5035141, 51.4805189 ], [ -0.5037392, 51.4800209 ], [ -0.5039312, 51.4796097 ], [ -0.5040687, 51.4793237 ], [ -0.5041454, 51.4791367 ], [ -0.5042075, 51.4789559 ], [ -0.5042442, 51.4787585 ], [ -0.5042637, 51.4785582 ], [ -0.5042637, 51.4785573 ], [ -0.5042285, 51.4783591 ], [ -0.5042032, 51.4782508 ], [ -0.5042448, 51.4779474 ], [ -0.5042928, 51.4777556 ], [ -0.5044683, 51.4775429 ], [ -0.5045353, 51.4774323 ], [ -0.5045832, 51.4772423 ], [ -0.5047428, 51.4764134 ], [ -0.5048743, 51.4757829 ], [ -0.5049665, 51.4753417 ], [ -0.5049995, 51.4751236 ], [ -0.5050011, 51.4751209 ], [ -0.5050412, 51.4749065 ], [ -0.5050481, 51.4748715 ], [ -0.5050984, 51.4746555 ], [ -0.5051544, 51.4744395 ], [ -0.5052092, 51.4742594 ], [ -0.505219, 51.4742245 ], [ -0.5052542, 51.4741179 ], [ -0.5053301, 51.4739085 ], [ -0.5054133, 51.4736991 ], [ -0.5055007, 51.4734916 ], [ -0.5055413, 51.4733941 ], [ -0.5055911, 51.4732806 ], [ -0.5057937, 51.4728092 ], [ -0.5058493, 51.4726931 ], [ -0.5059615, 51.4724778 ], [ -0.5060808, 51.4722635 ], [ -0.5061648, 51.4721153 ], [ -0.5063703, 51.4717735 ], [ -0.506498, 51.4715683 ], [ -0.5067438, 51.4711839 ], [ -0.5068343, 51.4710573 ], [ -0.5069305, 51.4709327 ], [ -0.507031, 51.470809 ], [ -0.5070865, 51.4707431 ], [ -0.5072047, 51.4706052 ], [ -0.5073286, 51.4704692 ], [ -0.5074568, 51.4703351 ], [ -0.5075847, 51.4702108 ], [ -0.50769, 51.470116 ], [ -0.5077982, 51.470022 ], [ -0.5079107, 51.469929 ], [ -0.5080259, 51.4698388 ], [ -0.508144, 51.4697495 ], [ -0.5081499, 51.469745 ], [ -0.5082636, 51.4696593 ], [ -0.5083772, 51.4695735 ], [ -0.5084951, 51.4694914 ], [ -0.5086228, 51.4694147 ], [ -0.5087589, 51.4693499 ], [ -0.5088056, 51.4693307 ], [ -0.5088537, 51.4693125 ], [ -0.5089017, 51.4692951 ], [ -0.5089498, 51.4692786 ], [ -0.5090007, 51.4692631 ], [ -0.5090501, 51.4692484 ], [ -0.5091023, 51.4692365 ], [ -0.5091545, 51.4692255 ], [ -0.5091589, 51.4692246 ], [ -0.5091965, 51.4692179 ], [ -0.5092341, 51.4692121 ], [ -0.5092732, 51.4692072 ], [ -0.5093108, 51.4692023 ], [ -0.5093498, 51.4691983 ], [ -0.5093887, 51.4691961 ], [ -0.5094277, 51.4691939 ], [ -0.5094536, 51.4691933 ], [ -0.5094882, 51.4691928 ], [ -0.5095242, 51.4691933 ], [ -0.5095601, 51.4691938 ], [ -0.5095946, 51.469196 ], [ -0.5096291, 51.4691982 ], [ -0.509665, 51.4692014 ], [ -0.5096894, 51.4692044 ], [ -0.5097206, 51.4691751 ], [ -0.510173, 51.4687672 ], [ -0.5102096, 51.4685717 ], [ -0.5102809, 51.4683693 ], [ -0.5103521, 51.4682165 ], [ -0.5103751, 51.4680873 ], [ -0.5103636, 51.4679523 ], [ -0.5103383, 51.4678449 ], [ -0.5102993, 51.4677599 ], [ -0.5102961, 51.4675045 ], [ -0.5095162, 51.4673606 ], [ -0.5094275, 51.4673442 ], [ -0.5091467, 51.4672111 ], [ -0.5088007, 51.4670943 ], [ -0.5084938, 51.467058 ], [ -0.5083445, 51.4670463 ], [ -0.5081544, 51.4670465 ], [ -0.5079098, 51.4670416 ], [ -0.507822, 51.4670414 ], [ -0.5077577, 51.467028 ], [ -0.5077029, 51.4670282 ], [ -0.5074047, 51.466948 ], [ -0.5073366, 51.4669165 ], [ -0.5071698, 51.4670871 ], [ -0.5070457, 51.4671835 ], [ -0.5069351, 51.467352 ], [ -0.5069171, 51.4673743 ], [ -0.5068977, 51.4673956 ], [ -0.5068769, 51.467416 ], [ -0.5068546, 51.4674364 ], [ -0.5068323, 51.4674568 ], [ -0.5068087, 51.4674763 ], [ -0.506788, 51.4674922 ], [ -0.5067629, 51.4675108 ], [ -0.5067378, 51.4675294 ], [ -0.5067099, 51.467547 ], [ -0.506682, 51.4675646 ], [ -0.5066541, 51.4675814 ], [ -0.5066247, 51.4675981 ], [ -0.506594, 51.467613 ], [ -0.5065619, 51.4676278 ], [ -0.5065297, 51.4676418 ], [ -0.5065151, 51.4676479 ], [ -0.506486, 51.4676592 ], [ -0.5064554, 51.4676696 ], [ -0.5064248, 51.4676792 ], [ -0.5063943, 51.4676878 ], [ -0.5063624, 51.4676963 ], [ -0.5063305, 51.467704 ], [ -0.5062985, 51.4677117 ], [ -0.5062652, 51.4677185 ], [ -0.5062333, 51.4677244 ], [ -0.5062, 51.4677311 ], [ -0.5061797, 51.4677345 ], [ -0.5061349, 51.467742 ], [ -0.5060886, 51.4677486 ], [ -0.5060423, 51.4677543 ], [ -0.5059946, 51.4677591 ], [ -0.5059484, 51.4677639 ], [ -0.5059008, 51.4677669 ], [ -0.5058532, 51.4677708 ], [ -0.5058243, 51.4677722 ], [ -0.5057551, 51.4677758 ], [ -0.5056845, 51.4677785 ], [ -0.5056153, 51.4677794 ], [ -0.5055448, 51.4677803 ], [ -0.5054757, 51.4677795 ], [ -0.5054052, 51.4677768 ], [ -0.5053362, 51.4677741 ], [ -0.5052658, 51.4677696 ], [ -0.5051969, 51.4677633 ], [ -0.505128, 51.467757 ], [ -0.5050678, 51.46775 ], [ -0.5047541, 51.4677451 ], [ -0.5044391, 51.4677357 ], [ -0.5043844, 51.4677341 ], [ -0.5040695, 51.467722 ], [ -0.5037562, 51.4677054 ], [ -0.5035423, 51.4676865 ], [ -0.503419, 51.4676714 ], [ -0.5032958, 51.4676536 ], [ -0.503174, 51.4676341 ], [ -0.5030523, 51.4676137 ], [ -0.5029306, 51.4675923 ], [ -0.5028089, 51.4675719 ], [ -0.5027789, 51.467567 ], [ -0.5021287, 51.4674616 ], [ -0.5014596, 51.4673613 ], [ -0.5009221, 51.4672456 ], [ -0.5003688, 51.4671289 ], [ -0.4998392, 51.466989 ], [ -0.4993942, 51.4668619 ], [ -0.4988942, 51.4667 ], [ -0.4985293, 51.4665451 ], [ -0.4982669, 51.466424 ], [ -0.4981371, 51.4664304 ], [ -0.4975594, 51.4661811 ], [ -0.4972805, 51.4660381 ], [ -0.4970572, 51.4659103 ], [ -0.4970051, 51.4658755 ], [ -0.4970529, 51.4657358 ], [ -0.4966414, 51.4654634 ], [ -0.4962109, 51.4651153 ], [ -0.4958997, 51.4648604 ], [ -0.4955943, 51.4646038 ], [ -0.4954057, 51.4644279 ], [ -0.4953088, 51.4643115 ], [ -0.4952236, 51.4642313 ], [ -0.4949182, 51.4639306 ], [ -0.494558, 51.4636329 ], [ -0.4943301, 51.4633863 ], [ -0.4940547, 51.4630482 ], [ -0.4938812, 51.4627223 ], [ -0.4937174, 51.462713 ], [ -0.4934645, 51.4626989 ], [ -0.4934584, 51.4627087 ], [ -0.4934462, 51.4627284 ], [ -0.4934326, 51.462748 ], [ -0.4934191, 51.4627667 ], [ -0.4934115, 51.4627765 ], [ -0.4934041, 51.4627854 ], [ -0.4933966, 51.4627943 ], [ -0.4933891, 51.4628023 ], [ -0.4933802, 51.4628103 ], [ -0.4933698, 51.4628191 ], [ -0.493358, 51.4628279 ], [ -0.4933448, 51.4628368 ], [ -0.493333, 51.4628447 ], [ -0.4933242, 51.46285 ], [ -0.493311, 51.462857 ], [ -0.4932978, 51.4628649 ], [ -0.4932832, 51.4628719 ], [ -0.4932686, 51.4628781 ], [ -0.4931314, 51.4629356 ], [ -0.4928734, 51.462989 ], [ -0.4926229, 51.4629876 ], [ -0.492229, 51.4629717 ], [ -0.4919799, 51.4628408 ], [ -0.4915768, 51.4627106 ], [ -0.4907105, 51.4624423 ], [ -0.4906804, 51.4624365 ], [ -0.4906447, 51.4624289 ], [ -0.490609, 51.4624203 ], [ -0.4905733, 51.4624109 ], [ -0.4905376, 51.4624005 ], [ -0.490502, 51.4623902 ], [ -0.4904678, 51.4623789 ], [ -0.4904351, 51.4623668 ], [ -0.4904024, 51.4623538 ], [ -0.4903967, 51.4623519 ], [ -0.4903697, 51.4623417 ], [ -0.4903569, 51.4623361 ], [ -0.4903427, 51.4623306 ], [ -0.49033, 51.462325 ], [ -0.4903172, 51.4623185 ], [ -0.4903059, 51.4623121 ], [ -0.4903031, 51.4623103 ], [ -0.4902736, 51.4622883 ], [ -0.490247, 51.4622664 ], [ -0.4902301, 51.4622527 ], [ -0.4902036, 51.462229 ], [ -0.4901784, 51.4622053 ], [ -0.4901312, 51.4621534 ], [ -0.4900314, 51.462037 ], [ -0.4899622, 51.4619516 ], [ -0.4899252, 51.4618963 ], [ -0.4898955, 51.4618815 ], [ -0.4898657, 51.4618676 ], [ -0.4898359, 51.4618546 ], [ -0.4898061, 51.4618426 ], [ -0.4897733, 51.4618305 ], [ -0.489742, 51.4618193 ], [ -0.4897278, 51.4618146 ], [ -0.489695, 51.4618043 ], [ -0.4896623, 51.461794 ], [ -0.4896295, 51.4617845 ], [ -0.4895952, 51.461776 ], [ -0.4895609, 51.4617684 ], [ -0.4895252, 51.4617607 ], [ -0.4894908, 51.4617549 ], [ -0.489455, 51.4617499 ], [ -0.4894392, 51.4617479 ], [ -0.4894105, 51.4617449 ], [ -0.4893804, 51.4617427 ], [ -0.4893517, 51.4617405 ], [ -0.4893215, 51.4617392 ], [ -0.4892927, 51.4617379 ], [ -0.4892625, 51.4617376 ], [ -0.4892337, 51.461739 ], [ -0.4892048, 51.4617404 ], [ -0.4891745, 51.4617427 ], [ -0.4891485, 51.461746 ], [ -0.4891268, 51.4617502 ], [ -0.489105, 51.4617544 ], [ -0.4890833, 51.4617604 ], [ -0.4890615, 51.4617664 ], [ -0.4890411, 51.4617725 ], [ -0.4890208, 51.4617785 ], [ -0.488999, 51.4617845 ], [ -0.4889772, 51.4617896 ], [ -0.4889627, 51.4617921 ], [ -0.488925, 51.4618006 ], [ -0.4888873, 51.4618092 ], [ -0.4888483, 51.4618122 ], [ -0.4888383, 51.4618121 ], [ -0.4888282, 51.461812 ], [ -0.4888182, 51.4618101 ], [ -0.4888081, 51.461809 ], [ -0.4887982, 51.4618062 ], [ -0.4887881, 51.4618043 ], [ -0.4887782, 51.4618015 ], [ -0.4887596, 51.4617958 ], [ -0.4887496, 51.4617939 ], [ -0.4887396, 51.4617911 ], [ -0.4887325, 51.4617892 ], [ -0.4882178, 51.4616809 ], [ -0.4875972, 51.4615578 ], [ -0.4870339, 51.4614409 ], [ -0.4868562, 51.4614152 ], [ -0.4866771, 51.4613913 ], [ -0.4866527, 51.4613883 ], [ -0.4864735, 51.4613671 ], [ -0.4862927, 51.4613495 ], [ -0.4861319, 51.4613348 ], [ -0.4858821, 51.4613136 ], [ -0.4856308, 51.4612968 ], [ -0.4855144, 51.4612908 ], [ -0.4853404, 51.461285 ], [ -0.4851663, 51.461281 ], [ -0.4849937, 51.4612787 ], [ -0.4848698, 51.4612798 ], [ -0.4837587, 51.4612745 ], [ -0.4822004, 51.4612984 ], [ -0.4820425, 51.4613709 ], [ -0.4813122, 51.4613867 ], [ -0.4810855, 51.4613621 ], [ -0.4803441, 51.4614074 ], [ -0.4796723, 51.4614383 ], [ -0.478935, 51.4614467 ], [ -0.4780603, 51.461429 ], [ -0.4779669, 51.461426 ], [ -0.4778749, 51.4614221 ], [ -0.4777815, 51.4614155 ], [ -0.4776896, 51.4614089 ], [ -0.4775978, 51.4613996 ], [ -0.4775031, 51.4613894 ], [ -0.4774114, 51.4613783 ], [ -0.4773211, 51.4613664 ], [ -0.4772294, 51.4613517 ], [ -0.4771407, 51.4613362 ], [ -0.477052, 51.4613188 ], [ -0.4769634, 51.4612988 ], [ -0.4769163, 51.4612874 ], [ -0.4768478, 51.4612694 ], [ -0.4767808, 51.4612506 ], [ -0.4767138, 51.4612317 ], [ -0.4766482, 51.4612111 ], [ -0.4765842, 51.4611887 ], [ -0.4765217, 51.4611645 ], [ -0.4764606, 51.4611394 ], [ -0.4764478, 51.4611338 ], [ -0.4764067, 51.4611144 ], [ -0.4763642, 51.4610941 ], [ -0.4763246, 51.4610729 ], [ -0.476285, 51.4610517 ], [ -0.4762455, 51.4610287 ], [ -0.4762088, 51.4610057 ], [ -0.4761722, 51.4609819 ], [ -0.4761385, 51.4609572 ], [ -0.4761202, 51.4609425 ], [ -0.476095, 51.4609215 ], [ -0.4760712, 51.4609005 ], [ -0.4760475, 51.4608786 ], [ -0.4760252, 51.4608559 ], [ -0.4760058, 51.4608331 ], [ -0.4759975, 51.460824 ], [ -0.4759823, 51.460805 ], [ -0.4759686, 51.460785 ], [ -0.4759548, 51.460765 ], [ -0.4759426, 51.4607442 ], [ -0.4759318, 51.4607234 ], [ -0.4759209, 51.4607025 ], [ -0.475921, 51.4607016 ], [ -0.4759156, 51.4606899 ], [ -0.4761604, 51.4606454 ], [ -0.4763182, 51.460616 ], [ -0.4763127, 51.4606087 ], [ -0.4758969, 51.4600854 ], [ -0.475167, 51.4596128 ], [ -0.4744961, 51.4591401 ], [ -0.4739694, 51.4587915 ], [ -0.4739326, 51.4587721 ], [ -0.4738944, 51.4587527 ], [ -0.4738547, 51.4587351 ], [ -0.473815, 51.4587175 ], [ -0.4737752, 51.4587008 ], [ -0.4737425, 51.4586878 ], [ -0.4736998, 51.4586729 ], [ -0.4736586, 51.458658 ], [ -0.4736144, 51.4586439 ], [ -0.4735802, 51.4586336 ], [ -0.4735403, 51.4586231 ], [ -0.4734989, 51.4586136 ], [ -0.4734588, 51.458605 ], [ -0.4734174, 51.4585964 ], [ -0.4733759, 51.4585877 ], [ -0.4733602, 51.4585839 ], [ -0.4731115, 51.4585321 ], [ -0.4728612, 51.458483 ], [ -0.4726094, 51.4584384 ], [ -0.4725221, 51.4584228 ], [ -0.471485, 51.4582286 ], [ -0.4714821, 51.4582286 ], [ -0.4706342, 51.4581024 ], [ -0.4696076, 51.4579838 ], [ -0.4689921, 51.4579218 ], [ -0.4689621, 51.457916 ], [ -0.4689321, 51.4579102 ], [ -0.4689006, 51.4579053 ], [ -0.4688705, 51.4579004 ], [ -0.4688389, 51.4578973 ], [ -0.4688117, 51.4578943 ], [ -0.4687801, 51.4578921 ], [ -0.4687485, 51.4578907 ], [ -0.4687168, 51.4578903 ], [ -0.4686851, 51.4578908 ], [ -0.4686218, 51.4578918 ], [ -0.4685901, 51.4578914 ], [ -0.4685757, 51.4578912 ], [ -0.4683714, 51.4578885 ], [ -0.4678534, 51.4578844 ], [ -0.4674216, 51.4578842 ], [ -0.4672978, 51.4578826 ], [ -0.4671742, 51.4578783 ], [ -0.4670506, 51.4578722 ], [ -0.4669285, 51.4578652 ], [ -0.4669041, 51.457863 ], [ -0.4667806, 51.4578533 ], [ -0.4666587, 51.4578419 ], [ -0.4665368, 51.4578286 ], [ -0.466425, 51.4578145 ], [ -0.4663218, 51.4577988 ], [ -0.4662188, 51.4577803 ], [ -0.4661173, 51.457761 ], [ -0.4660157, 51.4577417 ], [ -0.4659385, 51.4577272 ], [ -0.4651475, 51.4575784 ], [ -0.464534, 51.4575011 ], [ -0.4637132, 51.4574274 ], [ -0.4636457, 51.4574211 ], [ -0.4624593, 51.457304 ], [ -0.4616918, 51.4572696 ], [ -0.4615599, 51.4572535 ], [ -0.4614296, 51.4572347 ], [ -0.4612993, 51.457215 ], [ -0.4611704, 51.4571936 ], [ -0.4610632, 51.4571733 ], [ -0.4610431, 51.4571694 ], [ -0.4609159, 51.4571434 ], [ -0.4608373, 51.4571271 ], [ -0.460713, 51.4570985 ], [ -0.4605888, 51.4570672 ], [ -0.4604647, 51.457035 ], [ -0.4603435, 51.4570002 ], [ -0.4602224, 51.4569644 ], [ -0.4601042, 51.456926 ], [ -0.4599874, 51.4568885 ], [ -0.4598551, 51.4568427 ], [ -0.4597229, 51.4567951 ], [ -0.4595936, 51.4567448 ], [ -0.4594729, 51.4566947 ], [ -0.4593807, 51.4566539 ], [ -0.4592915, 51.4566114 ], [ -0.4592037, 51.4565679 ], [ -0.4591174, 51.4565236 ], [ -0.4590425, 51.4564822 ], [ -0.4586609, 51.4563153 ], [ -0.4588761, 51.4560385 ], [ -0.4589002, 51.4558356 ], [ -0.4589018, 51.4553608 ], [ -0.4589701, 51.4546558 ], [ -0.459018, 51.4538759 ], [ -0.4590869, 51.453411 ], [ -0.4593147, 51.4527153 ], [ -0.4595593, 51.4526754 ], [ -0.4595774, 51.4526486 ], [ -0.4598589, 51.4522396 ], [ -0.4612243, 51.4523798 ], [ -0.4613405, 51.4523912 ], [ -0.461379, 51.4515033 ], [ -0.4614318, 51.450317 ], [ -0.4615023, 51.4489925 ], [ -0.4613378, 51.4490047 ], [ -0.4608214, 51.4490411 ], [ -0.4601192, 51.4490786 ], [ -0.4588721, 51.4491477 ], [ -0.4579212, 51.4492224 ], [ -0.4577085, 51.4492133 ], [ -0.4575772, 51.449181 ], [ -0.4574824, 51.4490907 ], [ -0.4574818, 51.4488929 ], [ -0.4575535, 51.4483048 ], [ -0.4576217, 51.4478588 ], [ -0.45764, 51.4477017 ], [ -0.4576432, 51.4475624 ], [ -0.4576362, 51.4472997 ], [ -0.4576246, 51.4471763 ], [ -0.4575428, 51.446955 ], [ -0.4575051, 51.4467063 ], [ -0.4574268, 51.4460002 ], [ -0.4573982, 51.4456519 ], [ -0.4573347, 51.4453147 ], [ -0.4573193, 51.4446635 ], [ -0.4573224, 51.4444414 ], [ -0.4573383, 51.4442258 ], [ -0.457457, 51.4431393 ], [ -0.4574646, 51.4429991 ], [ -0.4563106, 51.442528 ], [ -0.4558772, 51.4423668 ], [ -0.4555952, 51.4422794 ], [ -0.4554779, 51.4422158 ], [ -0.4554121, 51.4421196 ], [ -0.4554206, 51.4419525 ], [ -0.4556686, 51.4413829 ], [ -0.4557133, 51.4412513 ], [ -0.4557537, 51.4411215 ], [ -0.455801, 51.4408703 ], [ -0.4558559, 51.4406516 ], [ -0.4558773, 51.4404415 ], [ -0.4558747, 51.4403929 ], [ -0.4558041, 51.4403102 ], [ -0.4558179, 51.4401557 ], [ -0.4559416, 51.4399873 ], [ -0.4560267, 51.4398095 ], [ -0.4560363, 51.4396514 ], [ -0.4562225, 51.4391647 ], [ -0.4563045, 51.4389095 ], [ -0.4563822, 51.4386551 ], [ -0.4564082, 51.438436 ], [ -0.456465, 51.4383307 ], [ -0.4564959, 51.438225 ], [ -0.4564884, 51.4381071 ], [ -0.4560741, 51.4381484 ], [ -0.4543521, 51.4383972 ], [ -0.4542451, 51.4384138 ], [ -0.4538126, 51.4384819 ], [ -0.4536812, 51.4384945 ], [ -0.4521294, 51.4387735 ], [ -0.4509768, 51.4389893 ], [ -0.4496191, 51.4392717 ], [ -0.4482577, 51.4395757 ], [ -0.4463096, 51.4399968 ], [ -0.4464702, 51.4395052 ], [ -0.4466883, 51.4386314 ], [ -0.4469692, 51.437815 ], [ -0.4470437, 51.4374869 ], [ -0.4471834, 51.4370589 ], [ -0.4473327, 51.4363882 ], [ -0.447479, 51.4359361 ], [ -0.4475502, 51.4355746 ], [ -0.4477379, 51.4350034 ], [ -0.4469892, 51.4349764 ], [ -0.4459895, 51.4349299 ], [ -0.4451974, 51.4349104 ], [ -0.444408, 51.4348567 ], [ -0.4434572, 51.4348081 ], [ -0.4424551, 51.4347481 ], [ -0.4412738, 51.4347099 ], [ -0.4397734, 51.4346198 ], [ -0.4399278, 51.4341435 ], [ -0.4400181, 51.4335197 ], [ -0.4401487, 51.4328101 ], [ -0.4401259, 51.4325086 ], [ -0.4400646, 51.4321966 ], [ -0.4400529, 51.4320328 ], [ -0.440047, 51.4318664 ], [ -0.4400635, 51.4315096 ], [ -0.4400635, 51.4311715 ], [ -0.4400643, 51.4309386 ], [ -0.4400093, 51.430651 ], [ -0.4400044, 51.4306267 ], [ -0.4390856, 51.430404 ], [ -0.43818, 51.4301726 ], [ -0.4361725, 51.4296872 ], [ -0.4348132, 51.4293912 ], [ -0.4337361, 51.4291682 ], [ -0.4334571, 51.4291249 ], [ -0.4329203, 51.4290494 ], [ -0.432661, 51.429018 ], [ -0.432433, 51.428997 ], [ -0.4322106, 51.4289787 ], [ -0.431834, 51.4289719 ], [ -0.4314924, 51.4289493 ], [ -0.431104, 51.4289073 ], [ -0.4306677, 51.4288763 ], [ -0.4299939, 51.4288106 ], [ -0.42977, 51.4287959 ], [ -0.4295556, 51.4287975 ], [ -0.4294459, 51.4293949 ], [ -0.4278527, 51.4292522 ], [ -0.4278546, 51.4294051 ], [ -0.4278372, 51.4295343 ], [ -0.4276742, 51.4303442 ], [ -0.4275555, 51.4306996 ], [ -0.4275068, 51.4308194 ], [ -0.4273957, 51.4308287 ], [ -0.427098, 51.4308274 ], [ -0.4267495, 51.4308389 ], [ -0.4263686, 51.4307879 ], [ -0.4258827, 51.4307787 ], [ -0.425663, 51.4308081 ], [ -0.4249441, 51.4309235 ], [ -0.4243586, 51.4309633 ], [ -0.4242143, 51.4309784 ], [ -0.42352, 51.4308774 ], [ -0.4235963, 51.4310447 ], [ -0.4236009, 51.4311608 ], [ -0.4235195, 51.431184 ], [ -0.4229618, 51.4314229 ], [ -0.4227478, 51.4315387 ], [ -0.4224428, 51.4317477 ], [ -0.4220934, 51.431868 ], [ -0.4217678, 51.4319643 ], [ -0.4214499, 51.4320886 ], [ -0.4211752, 51.4321713 ], [ -0.4209016, 51.4322188 ], [ -0.4205812, 51.4322091 ], [ -0.4203435, 51.4322176 ], [ -0.4201568, 51.4322502 ], [ -0.4200152, 51.432268 ], [ -0.4192772, 51.4323525 ], [ -0.4191, 51.4323591 ], [ -0.4190104, 51.4323282 ], [ -0.419009, 51.4323282 ], [ -0.4188097, 51.4322662 ], [ -0.4186539, 51.4321553 ], [ -0.4186051, 51.4321096 ], [ -0.4185758, 51.4320832 ], [ -0.4184964, 51.4320066 ], [ -0.4183775, 51.4318665 ], [ -0.4177259, 51.4320312 ], [ -0.4173155, 51.4319178 ], [ -0.4177974, 51.4312103 ], [ -0.4179217, 51.4310276 ], [ -0.416385, 51.430622 ], [ -0.4161654, 51.4305642 ], [ -0.4160631, 51.430695 ], [ -0.4138275, 51.4300749 ], [ -0.4143738, 51.4292954 ], [ -0.412474, 51.4287814 ], [ -0.4131074, 51.4278548 ], [ -0.4128385, 51.4278116 ], [ -0.4126608, 51.4277921 ], [ -0.4122119, 51.4277537 ], [ -0.41206, 51.4277363 ], [ -0.4117437, 51.4276907 ], [ -0.4115864, 51.4276625 ], [ -0.4113277, 51.4275744 ], [ -0.4112089, 51.4275162 ], [ -0.4108898, 51.4273419 ], [ -0.4108109, 51.4272113 ], [ -0.4105471, 51.4268553 ], [ -0.4104888, 51.4266692 ], [ -0.4104219, 51.4265658 ], [ -0.4103478, 51.4264641 ], [ -0.41018, 51.4262838 ], [ -0.4100771, 51.4262221 ], [ -0.4097411, 51.4260404 ], [ -0.4095324, 51.4258775 ], [ -0.4093626, 51.4257556 ], [ -0.409028, 51.4254507 ], [ -0.4089724, 51.4252692 ], [ -0.4088704, 51.4251006 ], [ -0.4088063, 51.4249585 ], [ -0.4087732, 51.4245858 ], [ -0.4087421, 51.4244064 ], [ -0.4086583, 51.4242497 ], [ -0.4085584, 51.4241027 ], [ -0.4085431, 51.423964 ], [ -0.4084628, 51.4238343 ], [ -0.4082786, 51.4237536 ], [ -0.4077971, 51.423578 ], [ -0.4069756, 51.4231685 ], [ -0.4065128, 51.4229113 ], [ -0.406367, 51.4228455 ], [ -0.4059317, 51.4226651 ], [ -0.4053829, 51.4224796 ], [ -0.4049273, 51.4225957 ], [ -0.4043371, 51.4227342 ], [ -0.4041572, 51.4227776 ], [ -0.4038931, 51.4228433 ], [ -0.4036305, 51.4229098 ], [ -0.4033678, 51.4229773 ], [ -0.4031037, 51.4230429 ], [ -0.4028397, 51.4231068 ], [ -0.402573, 51.423167 ], [ -0.402305, 51.4232227 ], [ -0.4020314, 51.423272 ], [ -0.4017812, 51.4233118 ], [ -0.4014819, 51.4233554 ], [ -0.4011814, 51.4233944 ], [ -0.4008781, 51.4234289 ], [ -0.400575, 51.4234599 ], [ -0.4002706, 51.4234863 ], [ -0.3999649, 51.4235082 ], [ -0.3996579, 51.4235265 ], [ -0.3994533, 51.4235372 ], [ -0.3991235, 51.4235489 ], [ -0.3987939, 51.4235561 ], [ -0.398463, 51.4235587 ], [ -0.3981337, 51.423556 ], [ -0.3981179, 51.4235558 ], [ -0.3978031, 51.4235497 ], [ -0.3974726, 51.4235389 ], [ -0.3971438, 51.4235236 ], [ -0.3969299, 51.4235117 ], [ -0.3966716, 51.4234956 ], [ -0.3964133, 51.4234768 ], [ -0.3961552, 51.4234552 ], [ -0.3958986, 51.423431 ], [ -0.3956435, 51.4234033 ], [ -0.3953886, 51.4233719 ], [ -0.3951352, 51.423337 ], [ -0.3950165, 51.4233192 ], [ -0.3948834, 51.4232985 ], [ -0.3947862, 51.4232827 ], [ -0.3945332, 51.4232379 ], [ -0.3942817, 51.4231904 ], [ -0.3940332, 51.4231384 ], [ -0.3937849, 51.4230838 ], [ -0.3935395, 51.4230256 ], [ -0.3932957, 51.4229638 ], [ -0.3932615, 51.4229552 ], [ -0.3930435, 51.4228965 ], [ -0.3928285, 51.422836 ], [ -0.3926149, 51.4227728 ], [ -0.3926007, 51.4227681 ], [ -0.3924044, 51.422707 ], [ -0.3921954, 51.4226375 ], [ -0.3919893, 51.4225664 ], [ -0.3917848, 51.4224925 ], [ -0.3915833, 51.4224151 ], [ -0.3913847, 51.4223351 ], [ -0.3913635, 51.4223258 ], [ -0.3912813, 51.4222905 ], [ -0.3910872, 51.422206 ], [ -0.3908961, 51.4221188 ], [ -0.3903684, 51.4218688 ], [ -0.3897162, 51.4215595 ], [ -0.3866631, 51.4200805 ], [ -0.3866928, 51.4200531 ], [ -0.3870472, 51.4197513 ], [ -0.387715, 51.419328 ], [ -0.3874163, 51.4190289 ], [ -0.3874122, 51.4190243 ], [ -0.3872464, 51.4187901 ], [ -0.3870097, 51.4182401 ], [ -0.3868977, 51.4179085 ], [ -0.3868963, 51.4179085 ], [ -0.386783, 51.4176542 ], [ -0.3867747, 51.4175642 ], [ -0.3867413, 51.4174504 ], [ -0.3865943, 51.4168046 ], [ -0.386532, 51.416533 ], [ -0.3865708, 51.4164913 ], [ -0.3865141, 51.4158979 ], [ -0.3865078, 51.4157504 ], [ -0.3864597, 51.4155231 ], [ -0.3864406, 51.4153718 ], [ -0.386456, 51.4153 ], [ -0.3866012, 51.4150574 ], [ -0.3866154, 51.4150217 ], [ -0.3863527, 51.4146413 ], [ -0.3863014, 51.4145461 ], [ -0.38623, 51.4143671 ], [ -0.3861801, 51.4143143 ], [ -0.3861439, 51.4142805 ], [ -0.3875867, 51.4143507 ], [ -0.3885436, 51.4143738 ], [ -0.3890271, 51.4143651 ], [ -0.3897377, 51.4143578 ], [ -0.3903137, 51.4143378 ], [ -0.3901675, 51.4134636 ], [ -0.3900598, 51.4128038 ], [ -0.3899294, 51.4122184 ], [ -0.3897926, 51.4114055 ], [ -0.3896709, 51.4106934 ], [ -0.3893169, 51.4107029 ], [ -0.389198, 51.41032 ], [ -0.3878765, 51.4103234 ], [ -0.3873579, 51.4103486 ], [ -0.3870752, 51.4103726 ], [ -0.3868499, 51.4104019 ], [ -0.3866569, 51.4104118 ], [ -0.3865019, 51.4104034 ], [ -0.3862612, 51.4103785 ], [ -0.3851015, 51.4102357 ], [ -0.3843303, 51.4101667 ], [ -0.3837985, 51.4101189 ], [ -0.383832, 51.4095366 ], [ -0.3834457, 51.4094827 ], [ -0.3833711, 51.4085384 ], [ -0.3830223, 51.4084401 ], [ -0.3824081, 51.408285 ], [ -0.3816576, 51.4081191 ], [ -0.3813799, 51.4080442 ], [ -0.3812056, 51.4080121 ], [ -0.3802291, 51.407897 ], [ -0.379617, 51.4078418 ], [ -0.3794491, 51.4078341 ], [ -0.3781186, 51.4078885 ], [ -0.377892, 51.4079115 ], [ -0.3777243, 51.4079388 ], [ -0.3774228, 51.4080075 ], [ -0.3770857, 51.4080649 ], [ -0.3764495, 51.4082458 ], [ -0.3763902, 51.4082558 ], [ -0.3761476, 51.4082857 ], [ -0.3755802, 51.4083111 ], [ -0.3749027, 51.4083583 ], [ -0.3742184, 51.4084379 ], [ -0.3738814, 51.4084934 ], [ -0.3735415, 51.4085499 ], [ -0.3731716, 51.4085996 ], [ -0.3728636, 51.4086888 ], [ -0.3726394, 51.4087667 ], [ -0.3702661, 51.4097193 ], [ -0.3693287, 51.4100803 ], [ -0.3691351, 51.4101459 ], [ -0.3690478, 51.4101753 ], [ -0.3683269, 51.4103928 ], [ -0.3678479, 51.4105588 ], [ -0.367607, 51.4106597 ], [ -0.3673315, 51.4107638 ], [ -0.3667657, 51.4110275 ], [ -0.3666446, 51.4110762 ], [ -0.3665018, 51.4111281 ], [ -0.3661951, 51.411221 ], [ -0.3660456, 51.4112593 ], [ -0.3658137, 51.4113119 ], [ -0.3651369, 51.4115003 ], [ -0.3647612, 51.4115921 ], [ -0.3644192, 51.4116647 ], [ -0.3631236, 51.4119056 ], [ -0.3624411, 51.4119716 ], [ -0.3616588, 51.4120119 ], [ -0.3612595, 51.4120405 ], [ -0.3607113, 51.4120508 ], [ -0.3603751, 51.4120407 ], [ -0.3600114, 51.4120392 ], [ -0.3597949, 51.4120209 ], [ -0.3596733, 51.4120021 ], [ -0.3591606, 51.4119032 ], [ -0.3590651, 51.4118812 ], [ -0.3588022, 51.4117948 ], [ -0.3584943, 51.411679 ], [ -0.3583926, 51.4116281 ], [ -0.3583272, 51.4116074 ], [ -0.3578199, 51.4115167 ], [ -0.3576674, 51.4114786 ], [ -0.3573389, 51.4113768 ], [ -0.3571161, 51.4112937 ], [ -0.3565588, 51.4111168 ], [ -0.3556452, 51.4108504 ], [ -0.3553784, 51.4107522 ], [ -0.3553059, 51.4106892 ], [ -0.3552688, 51.4106401 ], [ -0.3552399, 51.4105651 ], [ -0.355231, 51.4103707 ], [ -0.3552562, 51.4102685 ], [ -0.3552608, 51.4101814 ], [ -0.3552553, 51.410095 ], [ -0.3552079, 51.409892 ], [ -0.3551654, 51.4098338 ], [ -0.3551304, 51.4098073 ], [ -0.3544357, 51.409454 ], [ -0.3541439, 51.4092907 ], [ -0.3538099, 51.4091422 ], [ -0.3529809, 51.4087232 ], [ -0.3526414, 51.4085682 ], [ -0.3519813, 51.4082118 ], [ -0.3516395, 51.4080407 ], [ -0.3513176, 51.4078743 ], [ -0.3511381, 51.4077872 ], [ -0.3507017, 51.4076075 ], [ -0.3506187, 51.4075578 ], [ -0.3504814, 51.4074578 ], [ -0.3500539, 51.4070705 ], [ -0.3499641, 51.4070099 ], [ -0.3499119, 51.4069804 ], [ -0.3496969, 51.4068821 ], [ -0.3495953, 51.4068285 ], [ -0.3492203, 51.4066209 ], [ -0.3488378, 51.4064626 ], [ -0.3482528, 51.4062592 ], [ -0.3480226, 51.4061832 ], [ -0.3480212, 51.4061831 ], [ -0.3478635, 51.4061306 ], [ -0.3475567, 51.4060264 ], [ -0.3471755, 51.4059113 ], [ -0.3471018, 51.4058815 ], [ -0.3469621, 51.4058085 ], [ -0.3466512, 51.4056593 ], [ -0.3463901, 51.4055235 ], [ -0.3462476, 51.4054477 ], [ -0.3446465, 51.4043946 ], [ -0.3444387, 51.4042981 ], [ -0.3441312, 51.4041346 ], [ -0.3438089, 51.4039808 ], [ -0.3435246, 51.4038904 ], [ -0.3433076, 51.4038082 ], [ -0.343167, 51.4037604 ], [ -0.3430631, 51.4037319 ], [ -0.3429191, 51.4036984 ], [ -0.3426305, 51.4036467 ], [ -0.3421532, 51.4035689 ], [ -0.3419289, 51.403528 ], [ -0.3414271, 51.4034111 ], [ -0.3412324, 51.403349 ], [ -0.3410169, 51.4032642 ], [ -0.3408781, 51.4032064 ], [ -0.3406579, 51.4030945 ], [ -0.3405298, 51.4030172 ], [ -0.3402455, 51.4028099 ], [ -0.3400517, 51.4026813 ], [ -0.3398027, 51.4024907 ], [ -0.3396103, 51.4023261 ], [ -0.3392032, 51.4019364 ], [ -0.3389732, 51.4017362 ], [ -0.3386325, 51.4012583 ], [ -0.3385024, 51.4010416 ], [ -0.3383668, 51.4008562 ], [ -0.3383571, 51.4008444 ], [ -0.3381352, 51.4005814 ], [ -0.3379278, 51.400314 ], [ -0.3377245, 51.4000917 ], [ -0.337227, 51.3996189 ], [ -0.3370937, 51.3994902 ], [ -0.3369528, 51.3993713 ], [ -0.3365367, 51.3990327 ], [ -0.3359872, 51.3986049 ], [ -0.3358287, 51.398457 ], [ -0.335714, 51.398369 ], [ -0.335009, 51.3978716 ], [ -0.334029, 51.3971886 ], [ -0.3324846, 51.3960552 ], [ -0.3322855, 51.3959184 ], [ -0.3321212, 51.3957722 ], [ -0.3317408, 51.3953225 ], [ -0.3311267, 51.3944604 ], [ -0.330876, 51.394161 ], [ -0.3308081, 51.3940917 ], [ -0.3302805, 51.3936201 ], [ -0.3301518, 51.3934825 ], [ -0.3299973, 51.3933454 ], [ -0.3292128, 51.3927425 ], [ -0.3286939, 51.3923098 ], [ -0.3283917, 51.392122 ], [ -0.3282296, 51.3920352 ], [ -0.327981, 51.3919148 ], [ -0.3278401, 51.3918381 ], [ -0.3276872, 51.3917721 ], [ -0.3276091, 51.3917458 ], [ -0.3275253, 51.3917203 ], [ -0.3270848, 51.3916205 ], [ -0.3267237, 51.3915506 ], [ -0.3259901, 51.3914457 ], [ -0.3258825, 51.3914406 ], [ -0.3256931, 51.3914316 ], [ -0.3256168, 51.3914359 ], [ -0.324868, 51.3914728 ], [ -0.3246125, 51.3915033 ], [ -0.3237158, 51.3916956 ], [ -0.3223253, 51.3920632 ], [ -0.3220877, 51.3921165 ], [ -0.3216128, 51.3922086 ], [ -0.3212321, 51.3922832 ], [ -0.3209387, 51.3923671 ], [ -0.3207486, 51.3924147 ], [ -0.3204675, 51.3924763 ], [ -0.3200683, 51.3925444 ], [ -0.3198552, 51.3925944 ], [ -0.3193929, 51.3927766 ], [ -0.3190702, 51.3929122 ], [ -0.3187953, 51.3930414 ], [ -0.3185388, 51.3931762 ], [ -0.3182893, 51.3933165 ], [ -0.3177201, 51.393668 ], [ -0.3172946, 51.3933553 ], [ -0.3171135, 51.3931989 ], [ -0.3169976, 51.3931055 ], [ -0.3167553, 51.3929312 ], [ -0.3163435, 51.3925601 ], [ -0.3157325, 51.3919759 ], [ -0.3152426, 51.3914598 ], [ -0.3151466, 51.3913362 ], [ -0.3149269, 51.3910542 ], [ -0.3148199, 51.3909169 ], [ -0.3146822, 51.3907513 ], [ -0.3142739, 51.3903623 ], [ -0.3141341, 51.3902182 ], [ -0.3149808, 51.3897457 ], [ -0.3154576, 51.3894801 ], [ -0.3158481, 51.3892582 ], [ -0.3163579, 51.3890362 ], [ -0.3164252, 51.3890039 ], [ -0.3164896, 51.3889698 ], [ -0.3165455, 51.3889364 ], [ -0.3166058, 51.3888986 ], [ -0.3166633, 51.3888598 ], [ -0.3167165, 51.3888183 ], [ -0.3167599, 51.3887731 ], [ -0.3167782, 51.3887446 ], [ -0.3167922, 51.388716 ], [ -0.3168004, 51.3886865 ], [ -0.3168058, 51.3886569 ], [ -0.3168098, 51.3886263 ], [ -0.3168118, 51.388612 ], [ -0.316816, 51.3885743 ], [ -0.3166173, 51.3885858 ], [ -0.316599, 51.3884561 ], [ -0.3165183, 51.3882661 ], [ -0.315981, 51.3876334 ], [ -0.3133481, 51.3887645 ], [ -0.313189, 51.3888333 ], [ -0.3131585, 51.3888004 ], [ -0.3128724, 51.3884906 ], [ -0.31174, 51.387432 ], [ -0.3118455, 51.3873778 ], [ -0.3117351, 51.3872539 ], [ -0.3117688, 51.3872364 ], [ -0.311823, 51.3872084 ], [ -0.3116938, 51.3871256 ], [ -0.311364, 51.3869114 ], [ -0.3115, 51.3868468 ], [ -0.3114589, 51.3867931 ], [ -0.3114093, 51.3867331 ], [ -0.3108689, 51.3861875 ], [ -0.3117877, 51.3857862 ], [ -0.3111272, 51.3851436 ], [ -0.31095, 51.3850385 ], [ -0.3107298, 51.3848906 ], [ -0.310665, 51.3848168 ], [ -0.310631, 51.3847651 ], [ -0.3105803, 51.3846573 ], [ -0.3105665, 51.384605 ], [ -0.3106545, 51.3845163 ], [ -0.3105408, 51.3843645 ], [ -0.3104429, 51.3842525 ], [ -0.3104128, 51.3842107 ], [ -0.3103073, 51.3839547 ], [ -0.3102883, 51.383806 ], [ -0.3103472, 51.3836522 ], [ -0.3099113, 51.3828825 ], [ -0.3098868, 51.382847 ], [ -0.3098426, 51.3828383 ], [ -0.3097519, 51.3826454 ], [ -0.3096546, 51.3825181 ], [ -0.3095581, 51.3824466 ], [ -0.3094984, 51.3818442 ], [ -0.3093309, 51.3818642 ], [ -0.3093022, 51.3817082 ], [ -0.3093005, 51.3816381 ], [ -0.3093173, 51.3814935 ], [ -0.3092936, 51.3813574 ], [ -0.3092822, 51.3813141 ], [ -0.3092455, 51.3811409 ], [ -0.3093186, 51.381106 ], [ -0.3092767, 51.3804489 ], [ -0.3085175, 51.3805018 ], [ -0.308326, 51.3800836 ], [ -0.308302, 51.3800329 ], [ -0.3075206, 51.3790099 ], [ -0.3073885, 51.3783849 ], [ -0.3078922, 51.3783651 ], [ -0.3078421, 51.3775398 ], [ -0.3079646, 51.3770632 ], [ -0.3079936, 51.3766652 ], [ -0.3083421, 51.3760597 ], [ -0.3084572, 51.3758608 ], [ -0.3086951, 51.3754497 ], [ -0.309097, 51.3753826 ], [ -0.3096427, 51.3753123 ], [ -0.3104838, 51.3751428 ], [ -0.3110897, 51.3749986 ], [ -0.311542, 51.3749269 ], [ -0.3121552, 51.3748197 ], [ -0.3125105, 51.37477 ], [ -0.3126749, 51.3747526 ], [ -0.3129605, 51.3747216 ], [ -0.3133771, 51.3746845 ], [ -0.3138863, 51.3746693 ], [ -0.3143415, 51.374639 ], [ -0.314783, 51.3744304 ], [ -0.3152228, 51.3742335 ], [ -0.3156679, 51.3739674 ], [ -0.3159917, 51.3737554 ], [ -0.3162244, 51.3735618 ], [ -0.3164262, 51.3733884 ], [ -0.3166943, 51.3731675 ], [ -0.3169492, 51.3729184 ], [ -0.3171092, 51.3727085 ], [ -0.3172843, 51.3724386 ], [ -0.3173977, 51.3722046 ], [ -0.317485, 51.3720188 ], [ -0.3175055, 51.3719705 ], [ -0.3177479, 51.3712366 ], [ -0.3179495, 51.3706352 ], [ -0.3180294, 51.3702965 ], [ -0.3179057, 51.3699098 ], [ -0.3179152, 51.3698461 ], [ -0.3179212, 51.3697994 ], [ -0.3179231, 51.3697877 ], [ -0.3180169, 51.3695805 ], [ -0.3181188, 51.3689165 ], [ -0.318294, 51.3678992 ], [ -0.3184195, 51.366982 ], [ -0.3185233, 51.3661868 ], [ -0.3185222, 51.3658648 ], [ -0.3184469, 51.3654096 ], [ -0.3184366, 51.3653393 ], [ -0.3184103, 51.3646843 ], [ -0.3183047, 51.3636846 ], [ -0.3182854, 51.3635063 ], [ -0.3190602, 51.3623133 ], [ -0.3191875, 51.3616227 ], [ -0.3194086, 51.3609191 ], [ -0.3195466, 51.360484 ], [ -0.3197924, 51.35993 ], [ -0.319957, 51.359632 ], [ -0.3201651, 51.3595954 ], [ -0.3201783, 51.3595497 ], [ -0.3200793, 51.3594287 ], [ -0.3202594, 51.3590995 ], [ -0.3207449, 51.3583933 ], [ -0.3209482, 51.3580968 ], [ -0.3212176, 51.3576816 ], [ -0.3215292, 51.3572104 ], [ -0.321953, 51.3566193 ], [ -0.3222597, 51.3562038 ], [ -0.3225761, 51.3558396 ], [ -0.3228619, 51.3555236 ], [ -0.3231848, 51.3551766 ], [ -0.323535, 51.3546708 ], [ -0.3237527, 51.3544132 ], [ -0.3241587, 51.3541087 ], [ -0.3244539, 51.3538917 ], [ -0.3248377, 51.3537255 ], [ -0.3257661, 51.353353 ], [ -0.3264799, 51.3530349 ], [ -0.3268418, 51.3528009 ], [ -0.3272756, 51.352522 ], [ -0.3277597, 51.3522807 ], [ -0.327947, 51.3521863 ], [ -0.3280465, 51.3521356 ], [ -0.3283531, 51.3517218 ], [ -0.3287652, 51.3511297 ], [ -0.329036, 51.3507145 ], [ -0.3293112, 51.3503335 ], [ -0.3294729, 51.3500714 ], [ -0.3295632, 51.3499181 ], [ -0.329752, 51.3495458 ], [ -0.3299369, 51.3492373 ], [ -0.3301026, 51.348986 ], [ -0.3302156, 51.3487619 ], [ -0.3303672, 51.3485797 ], [ -0.3305338, 51.3484211 ], [ -0.3303272, 51.347902 ], [ -0.3299708, 51.3472801 ], [ -0.3293458, 51.3461435 ], [ -0.3292057, 51.3458888 ], [ -0.3288984, 51.3452972 ], [ -0.3286668, 51.3449153 ], [ -0.3284835, 51.3445458 ], [ -0.3281773, 51.3440414 ], [ -0.3274808, 51.3440072 ], [ -0.3277961, 51.3439038 ], [ -0.3279068, 51.3437435 ], [ -0.3279442, 51.3433475 ], [ -0.3280101, 51.3429546 ], [ -0.3282012, 51.3423197 ], [ -0.3283461, 51.3420475 ], [ -0.3285254, 51.3417767 ], [ -0.3285421, 51.34175 ], [ -0.3287805, 51.341078 ], [ -0.3289091, 51.3407786 ], [ -0.3289792, 51.3402329 ], [ -0.3289593, 51.3401103 ], [ -0.3288762, 51.3397494 ], [ -0.3288707, 51.3395838 ], [ -0.3288655, 51.3394129 ], [ -0.3288823, 51.3390301 ], [ -0.3288692, 51.3386792 ], [ -0.3289004, 51.338176 ], [ -0.3290415, 51.3375728 ], [ -0.3291921, 51.3367081 ], [ -0.3292124, 51.3363082 ], [ -0.3291973, 51.335933 ], [ -0.3292082, 51.3356337 ], [ -0.3293592, 51.3353104 ], [ -0.3294107, 51.3351178 ], [ -0.3294319, 51.3348501 ], [ -0.3295464, 51.334465 ], [ -0.3294843, 51.3343553 ], [ -0.3295505, 51.3341557 ], [ -0.3296289, 51.3338529 ], [ -0.3296433, 51.3334961 ], [ -0.3297136, 51.3328658 ], [ -0.3297187, 51.3327661 ], [ -0.3297193, 51.3326708 ], [ -0.32969, 51.3324896 ], [ -0.3295942, 51.3322814 ], [ -0.3295789, 51.3321868 ], [ -0.3295545, 51.3318717 ], [ -0.3293627, 51.331619 ], [ -0.3293029, 51.3315282 ], [ -0.3291913, 51.3309655 ], [ -0.3291711, 51.3307296 ], [ -0.3291129, 51.330396 ], [ -0.3291163, 51.3302639 ], [ -0.3292144, 51.3300908 ], [ -0.3293209, 51.3299664 ], [ -0.3294287, 51.3298421 ], [ -0.3296336, 51.3296571 ], [ -0.3299134, 51.3294605 ], [ -0.3302921, 51.3292708 ], [ -0.3304092, 51.3292086 ], [ -0.3305061, 51.3291488 ], [ -0.3305944, 51.329088 ], [ -0.330679, 51.329011 ], [ -0.3307193, 51.3289288 ], [ -0.3307564, 51.3288556 ], [ -0.3306741, 51.3286314 ], [ -0.3305904, 51.3284081 ], [ -0.3304804, 51.3281961 ], [ -0.3303987, 51.3279953 ], [ -0.3303396, 51.327883 ], [ -0.3301572, 51.3275702 ], [ -0.330139, 51.3275186 ], [ -0.32959, 51.3271808 ], [ -0.3295886, 51.3271808 ], [ -0.329251, 51.3269916 ], [ -0.3289261, 51.3268098 ], [ -0.3283143, 51.3264639 ], [ -0.3275976, 51.3263196 ], [ -0.327323, 51.3266862 ], [ -0.3272316, 51.3266723 ], [ -0.3269817, 51.3266391 ], [ -0.3267064, 51.326592 ], [ -0.3260039, 51.3265693 ], [ -0.3256049, 51.3265699 ], [ -0.3251135, 51.3265836 ], [ -0.3246389, 51.3266092 ], [ -0.3244487, 51.326628 ], [ -0.32426, 51.3266487 ], [ -0.3240286, 51.3266958 ], [ -0.3239704, 51.3267174 ], [ -0.3238366, 51.3267668 ], [ -0.3235504, 51.3268993 ], [ -0.3230957, 51.327088 ], [ -0.3230943, 51.327088 ], [ -0.3226481, 51.3272012 ], [ -0.3221021, 51.3273336 ], [ -0.3217743, 51.3274261 ], [ -0.3215995, 51.3274568 ], [ -0.321236, 51.3275074 ], [ -0.3200823, 51.3276563 ], [ -0.3196085, 51.3277367 ], [ -0.3193073, 51.3278115 ], [ -0.318979, 51.3279579 ], [ -0.318394, 51.3282534 ], [ -0.3178313, 51.3285295 ], [ -0.3171482, 51.3289181 ], [ -0.3168502, 51.3290973 ], [ -0.3167651, 51.3291473 ], [ -0.3161425, 51.32957 ], [ -0.3159789, 51.3296872 ], [ -0.3159625, 51.3297023 ], [ -0.31521, 51.3303785 ], [ -0.315047, 51.3305173 ], [ -0.3142683, 51.3310448 ], [ -0.3139559, 51.3312651 ], [ -0.3137164, 51.3314163 ], [ -0.3130944, 51.331741 ], [ -0.3127769, 51.3318659 ], [ -0.3126038, 51.3319282 ], [ -0.3124221, 51.3319894 ], [ -0.312009, 51.3320985 ], [ -0.3116036, 51.3321521 ], [ -0.3109532, 51.3323909 ], [ -0.3104192, 51.3326655 ], [ -0.309881, 51.3329347 ], [ -0.3096443, 51.3330851 ], [ -0.3091371, 51.3334887 ], [ -0.3087572, 51.3337476 ], [ -0.3083516, 51.3340817 ], [ -0.3077295, 51.3344855 ], [ -0.3076359, 51.3346091 ], [ -0.3074916, 51.3345908 ], [ -0.3070148, 51.334753 ], [ -0.306624, 51.3349182 ], [ -0.3062158, 51.3350859 ], [ -0.3060319, 51.3351678 ], [ -0.3058881, 51.3352538 ], [ -0.3057101, 51.3354086 ], [ -0.3052793, 51.3360336 ], [ -0.3051969, 51.3361655 ], [ -0.3050528, 51.3364539 ], [ -0.30495, 51.336751 ], [ -0.304961, 51.3370749 ], [ -0.3049562, 51.3373608 ], [ -0.3048832, 51.3375477 ], [ -0.3049807, 51.3377073 ], [ -0.3050803, 51.3378886 ], [ -0.3052451, 51.3381293 ], [ -0.3052964, 51.3382191 ], [ -0.3053219, 51.3384227 ], [ -0.3053797, 51.3386843 ], [ -0.305381, 51.3389226 ], [ -0.3054394, 51.3392067 ], [ -0.3054379, 51.3394801 ], [ -0.3053412, 51.3397278 ], [ -0.3050876, 51.3401414 ], [ -0.3050109, 51.3402761 ], [ -0.3049395, 51.3404216 ], [ -0.3048109, 51.3407147 ], [ -0.3047539, 51.3408604 ], [ -0.3046639, 51.3411586 ], [ -0.3046184, 51.3413792 ], [ -0.3045692, 51.3417022 ], [ -0.3045183, 51.341875 ], [ -0.3044617, 51.3420477 ], [ -0.3043968, 51.3422114 ], [ -0.3043291, 51.3423704 ], [ -0.3042155, 51.3426098 ], [ -0.3041461, 51.3428174 ], [ -0.3040485, 51.3430489 ], [ -0.3039032, 51.3432527 ], [ -0.3038063, 51.3433485 ], [ -0.3036993, 51.3434458 ], [ -0.3034314, 51.3436632 ], [ -0.3032876, 51.3437861 ], [ -0.3025365, 51.3444514 ], [ -0.3023111, 51.3446055 ], [ -0.3020211, 51.3447605 ], [ -0.3019449, 51.3448017 ], [ -0.3017908, 51.3448912 ], [ -0.3015509, 51.3450882 ], [ -0.3013379, 51.3452947 ], [ -0.301176, 51.3455198 ], [ -0.3010457, 51.3457427 ], [ -0.3007886, 51.3462867 ], [ -0.3006729, 51.346544 ], [ -0.3005477, 51.3467841 ], [ -0.3002707, 51.3472449 ], [ -0.3001841, 51.3473723 ], [ -0.3001006, 51.3474952 ], [ -0.2999491, 51.347671 ], [ -0.2994527, 51.3481251 ], [ -0.2991995, 51.3483697 ], [ -0.2989932, 51.3485123 ], [ -0.2986742, 51.3486723 ], [ -0.2984154, 51.3488753 ], [ -0.2981587, 51.3490596 ], [ -0.2978214, 51.349248 ], [ -0.297795, 51.3492629 ], [ -0.2975589, 51.3493962 ], [ -0.2972682, 51.3495673 ], [ -0.2964766, 51.349964 ], [ -0.2960393, 51.3502544 ], [ -0.2956381, 51.3505409 ], [ -0.2952645, 51.3508547 ], [ -0.2949911, 51.3511016 ], [ -0.2948406, 51.3512118 ], [ -0.2945192, 51.3514346 ], [ -0.2943499, 51.3515464 ], [ -0.2941724, 51.3516472 ], [ -0.2934706, 51.352021 ], [ -0.2933194, 51.3521096 ], [ -0.2931769, 51.3521974 ], [ -0.2929304, 51.3523755 ], [ -0.2928199, 51.3525276 ], [ -0.2927997, 51.3526074 ], [ -0.2927837, 51.3526908 ], [ -0.2927727, 51.35291 ], [ -0.2927821, 51.3534281 ], [ -0.2926847, 51.3536165 ], [ -0.2925242, 51.3537994 ], [ -0.2924201, 51.3538941 ], [ -0.2923075, 51.3539887 ], [ -0.2920811, 51.3541274 ], [ -0.2920033, 51.3541749 ], [ -0.291725, 51.3544361 ], [ -0.2914998, 51.3546972 ], [ -0.2913467, 51.3549521 ], [ -0.291224, 51.3552021 ], [ -0.2912243, 51.3553083 ], [ -0.2912515, 51.3556585 ], [ -0.2912431, 51.3558859 ], [ -0.291209, 51.3560679 ], [ -0.2912036, 51.3560957 ], [ -0.2911306, 51.3564768 ], [ -0.2911088, 51.356561 ], [ -0.2909397, 51.3566647 ], [ -0.2908986, 51.3566902 ], [ -0.2906232, 51.3569128 ], [ -0.2902231, 51.3572801 ], [ -0.2898818, 51.3576141 ], [ -0.2897948, 51.3577136 ], [ -0.2896103, 51.357924 ], [ -0.2894866, 51.3580814 ], [ -0.2893688, 51.358237 ], [ -0.2892361, 51.3584455 ], [ -0.2889963, 51.3587118 ], [ -0.2880978, 51.359044 ], [ -0.2869967, 51.359375 ], [ -0.2868574, 51.3595267 ], [ -0.2867029, 51.3597034 ], [ -0.2866118, 51.3597965 ], [ -0.2864137, 51.3599861 ], [ -0.2860545, 51.3602973 ], [ -0.2853605, 51.3610722 ], [ -0.285101, 51.3612123 ], [ -0.2854258, 51.3612854 ], [ -0.2858471, 51.3613509 ], [ -0.2861655, 51.3614024 ], [ -0.286524, 51.3614957 ], [ -0.2870213, 51.3616406 ], [ -0.287027, 51.3616425 ], [ -0.2872374, 51.3617013 ], [ -0.2875956, 51.361801 ], [ -0.2876225, 51.3618121 ], [ -0.2879608, 51.3619475 ], [ -0.2879665, 51.3619485 ], [ -0.2883019, 51.362082 ], [ -0.2881784, 51.3622357 ], [ -0.2881543, 51.3622659 ], [ -0.2879183, 51.3623165 ], [ -0.2877066, 51.3623691 ], [ -0.2874976, 51.3624272 ], [ -0.2873725, 51.3624685 ], [ -0.2872233, 51.362541 ], [ -0.2870448, 51.3626679 ], [ -0.2868895, 51.3628239 ], [ -0.2868397, 51.3628897 ], [ -0.2867807, 51.3629698 ], [ -0.28667, 51.3631264 ], [ -0.2865345, 51.3632935 ], [ -0.286328, 51.3635144 ], [ -0.2860267, 51.3637744 ], [ -0.2859552, 51.3638426 ], [ -0.285769, 51.3640206 ], [ -0.2857261, 51.3640523 ], [ -0.2856611, 51.3641008 ], [ -0.2854616, 51.3642508 ], [ -0.2852138, 51.3643857 ], [ -0.2850499, 51.3644642 ], [ -0.2849293, 51.3645398 ], [ -0.2847615, 51.3646497 ], [ -0.2845963, 51.364802 ], [ -0.2843809, 51.3649535 ], [ -0.2841051, 51.3651455 ], [ -0.2840948, 51.3651516 ], [ -0.2840345, 51.3651894 ], [ -0.2839346, 51.36525 ], [ -0.2838104, 51.3653057 ], [ -0.2838031, 51.3653092 ], [ -0.2836867, 51.3653489 ], [ -0.2836547, 51.3653592 ], [ -0.2834573, 51.3654121 ], [ -0.2834458, 51.3654146 ], [ -0.2832788, 51.3654616 ], [ -0.2832394, 51.3654781 ], [ -0.283127, 51.365525 ], [ -0.2828502, 51.3656289 ], [ -0.2826366, 51.3657319 ], [ -0.2824177, 51.3658617 ], [ -0.2821855, 51.3660013 ], [ -0.2819901, 51.3661567 ], [ -0.2819039, 51.3662328 ], [ -0.2818133, 51.3663124 ], [ -0.281641, 51.3664645 ], [ -0.2814863, 51.3666053 ], [ -0.2814714, 51.3666194 ], [ -0.2813709, 51.3667331 ], [ -0.2812785, 51.366899 ], [ -0.2811976, 51.3669877 ], [ -0.281057, 51.3670971 ], [ -0.2808392, 51.367236 ], [ -0.2808025, 51.367258 ], [ -0.2805568, 51.3674108 ], [ -0.2805554, 51.3674117 ], [ -0.2804936, 51.3674495 ], [ -0.2801644, 51.3676479 ], [ -0.2800617, 51.3677048 ], [ -0.2798431, 51.3678266 ], [ -0.2795041, 51.3679772 ], [ -0.27944, 51.3680014 ], [ -0.2791309, 51.3681219 ], [ -0.2790177, 51.3681526 ], [ -0.2786679, 51.3682473 ], [ -0.2784764, 51.3682993 ], [ -0.2780661, 51.3683589 ], [ -0.2779318, 51.3683785 ], [ -0.2779231, 51.3683802 ], [ -0.2779173, 51.368381 ], [ -0.2775504, 51.368435 ], [ -0.277549, 51.368435 ], [ -0.277472, 51.3684572 ], [ -0.2772672, 51.3685154 ], [ -0.2770602, 51.368595 ], [ -0.2770031, 51.3686257 ], [ -0.2768139, 51.3687281 ], [ -0.2766319, 51.368792 ], [ -0.2765839, 51.3688093 ], [ -0.2765233, 51.3688533 ], [ -0.2764332, 51.3689203 ], [ -0.276294, 51.3690685 ], [ -0.2762844, 51.3691717 ], [ -0.276308, 51.3692701 ], [ -0.2763116, 51.3692882 ], [ -0.2762675, 51.3694674 ], [ -0.2762062, 51.3696463 ], [ -0.2761318, 51.3697522 ], [ -0.2761213, 51.3697656 ], [ -0.2760016, 51.3698915 ], [ -0.2759867, 51.3699048 ], [ -0.2758562, 51.3700152 ], [ -0.2756505, 51.3701363 ], [ -0.2754211, 51.3702381 ], [ -0.2753875, 51.3702529 ], [ -0.2749997, 51.3704028 ], [ -0.2749852, 51.3704071 ], [ -0.2746365, 51.3705108 ], [ -0.2743887, 51.3705656 ], [ -0.2742627, 51.3705934 ], [ -0.2740463, 51.3706567 ], [ -0.2740146, 51.3708118 ], [ -0.2739467, 51.3709736 ], [ -0.2738196, 51.3711831 ], [ -0.2737378, 51.3713338 ], [ -0.2736125, 51.3715325 ], [ -0.2734305, 51.3717115 ], [ -0.2733948, 51.3717433 ], [ -0.2732356, 51.3718498 ], [ -0.2732223, 51.3718586 ], [ -0.2729833, 51.3719891 ], [ -0.2727713, 51.3721244 ], [ -0.2726016, 51.3722415 ], [ -0.2725691, 51.3722653 ], [ -0.2724466, 51.3723516 ], [ -0.2721911, 51.3724998 ], [ -0.2719561, 51.3725971 ], [ -0.2712036, 51.3728531 ], [ -0.2710654, 51.3728987 ], [ -0.2704907, 51.373089 ], [ -0.2697594, 51.3733183 ], [ -0.269261, 51.3735042 ], [ -0.2689102, 51.373624 ], [ -0.2688751, 51.3736415 ], [ -0.2680099, 51.3740667 ], [ -0.2668046, 51.3746316 ], [ -0.2664565, 51.3747955 ], [ -0.2655276, 51.3752323 ], [ -0.2647024, 51.3756238 ], [ -0.2642583, 51.3760821 ], [ -0.2638573, 51.3764269 ], [ -0.263299, 51.3768269 ], [ -0.2628967, 51.3770547 ], [ -0.2624926, 51.3772547 ], [ -0.2624112, 51.3773551 ], [ -0.2619915, 51.3780791 ], [ -0.2619689, 51.3781435 ], [ -0.2619371, 51.3781871 ], [ -0.2619013, 51.3782207 ], [ -0.2615906, 51.3784193 ], [ -0.261519, 51.3784884 ], [ -0.2614917, 51.3785258 ], [ -0.2614407, 51.3790376 ], [ -0.2614194, 51.3791083 ], [ -0.2613775, 51.3791886 ], [ -0.2611657, 51.3794705 ], [ -0.2611722, 51.379601 ], [ -0.2611248, 51.3796003 ], [ -0.26103, 51.3795998 ], [ -0.2608406, 51.3795556 ], [ -0.2606602, 51.3794999 ], [ -0.260173, 51.3793488 ], [ -0.2600176, 51.3793159 ], [ -0.2599224, 51.3792893 ], [ -0.2597934, 51.3792424 ], [ -0.2593593, 51.3791703 ], [ -0.2584443, 51.3789706 ], [ -0.2574916, 51.3788962 ], [ -0.2573877, 51.3788695 ], [ -0.257302, 51.3788565 ], [ -0.2571988, 51.3788478 ], [ -0.2563153, 51.3788049 ], [ -0.2557795, 51.3787628 ], [ -0.2556111, 51.3787684 ], [ -0.2550842, 51.3787587 ], [ -0.2545492, 51.3787697 ], [ -0.2539714, 51.3787727 ], [ -0.2536046, 51.3787844 ], [ -0.2534216, 51.3787969 ], [ -0.2527902, 51.3788505 ], [ -0.2523731, 51.3788982 ], [ -0.2516617, 51.3790494 ], [ -0.251476, 51.379097 ], [ -0.2510021, 51.3792392 ], [ -0.2508084, 51.3793083 ], [ -0.2505414, 51.3794131 ], [ -0.2499415, 51.37962 ], [ -0.2491008, 51.3799239 ], [ -0.2488685, 51.3799861 ], [ -0.2486554, 51.3800333 ], [ -0.2483742, 51.3800588 ], [ -0.2479173, 51.3801706 ], [ -0.2478473, 51.3801228 ], [ -0.2477754, 51.3801622 ], [ -0.2477478, 51.3801699 ], [ -0.2476915, 51.3801763 ], [ -0.2476427, 51.3801755 ], [ -0.2475885, 51.380163 ], [ -0.2472231, 51.3799867 ], [ -0.2468402, 51.3801168 ], [ -0.2466262, 51.3801522 ], [ -0.2465179, 51.3801641 ], [ -0.2461117, 51.3801904 ], [ -0.2459798, 51.3801452 ], [ -0.2455877, 51.3799892 ], [ -0.245529, 51.3800594 ], [ -0.2450543, 51.3800352 ], [ -0.2451451, 51.3794259 ], [ -0.2451849, 51.3790614 ], [ -0.2452308, 51.3783508 ], [ -0.2452022, 51.377443 ], [ -0.2452075, 51.3771922 ], [ -0.2451975, 51.3771156 ], [ -0.2451374, 51.3766597 ], [ -0.2450828, 51.3763208 ], [ -0.2449687, 51.3758469 ], [ -0.2449402, 51.3756163 ], [ -0.2448655, 51.3752762 ], [ -0.2448543, 51.3751942 ], [ -0.2448243, 51.3751146 ], [ -0.2447941, 51.3750035 ], [ -0.2447886, 51.3749585 ], [ -0.2447911, 51.3748191 ], [ -0.2447639, 51.3745139 ], [ -0.2447421, 51.374447 ], [ -0.244661, 51.3744251 ], [ -0.2446249, 51.3737915 ], [ -0.2446238, 51.3731809 ], [ -0.2446963, 51.373164 ], [ -0.2447235, 51.3730169 ], [ -0.2447331, 51.3728795 ], [ -0.244733, 51.3723183 ], [ -0.2447046, 51.3716318 ], [ -0.2447126, 51.3714988 ], [ -0.2447073, 51.3713728 ], [ -0.244609, 51.370901 ], [ -0.2445622, 51.3704723 ], [ -0.2446058, 51.3697068 ], [ -0.2446277, 51.3694364 ], [ -0.2446452, 51.3693171 ], [ -0.2446563, 51.3692507 ], [ -0.2447037, 51.3690626 ], [ -0.2447313, 51.3689802 ], [ -0.2447696, 51.3686921 ], [ -0.2449036, 51.3681564 ], [ -0.2450415, 51.3677439 ], [ -0.2453174, 51.3670664 ], [ -0.2453531, 51.3669959 ], [ -0.2454292, 51.3668469 ], [ -0.2451536, 51.3668032 ], [ -0.2446152, 51.3667196 ], [ -0.242984, 51.3665117 ], [ -0.2412563, 51.3662744 ], [ -0.2411748, 51.3662633 ], [ -0.241102, 51.366478 ], [ -0.2409153, 51.3670382 ], [ -0.2405517, 51.367003 ], [ -0.2394997, 51.3669018 ], [ -0.238942, 51.3668359 ], [ -0.238591, 51.3670734 ], [ -0.2378493, 51.3670083 ], [ -0.2374339, 51.3669391 ], [ -0.2370762, 51.3669013 ], [ -0.2368044, 51.3667983 ], [ -0.2359133, 51.3663586 ], [ -0.2352506, 51.3659593 ], [ -0.2341885, 51.3654865 ], [ -0.233974, 51.3653861 ], [ -0.2338442, 51.3653248 ], [ -0.2332159, 51.3660113 ], [ -0.2328327, 51.3658167 ], [ -0.2320615, 51.3653617 ], [ -0.2319146, 51.3652597 ], [ -0.2317685, 51.365173 ], [ -0.231608, 51.3650896 ], [ -0.2304812, 51.3643595 ], [ -0.2300072, 51.3640601 ], [ -0.2299298, 51.3640184 ], [ -0.2285414, 51.3633293 ], [ -0.2269669, 51.3626256 ], [ -0.2268977, 51.3625949 ], [ -0.2267001, 51.3623194 ], [ -0.2264631, 51.36202 ], [ -0.2264316, 51.3619449 ], [ -0.2263694, 51.3618432 ], [ -0.2263074, 51.3617739 ], [ -0.2261697, 51.3616586 ], [ -0.2254496, 51.3608167 ], [ -0.2249486, 51.3602498 ], [ -0.2247201, 51.359955 ], [ -0.2245214, 51.3596723 ], [ -0.2244294, 51.3595612 ], [ -0.2243373, 51.3594555 ], [ -0.224263, 51.3594454 ], [ -0.2240828, 51.3592754 ], [ -0.2238522, 51.3589616 ], [ -0.2236473, 51.3586528 ], [ -0.223485, 51.35843 ], [ -0.2232998, 51.3581313 ], [ -0.2232466, 51.3579821 ], [ -0.2232271, 51.3578937 ], [ -0.2232036, 51.3578331 ], [ -0.2231565, 51.3577497 ], [ -0.2229811, 51.3573828 ], [ -0.2228888, 51.3571341 ], [ -0.222875, 51.3571186 ], [ -0.2227896, 51.3570993 ], [ -0.2227613, 51.3570872 ], [ -0.2227513, 51.3570115 ], [ -0.2228069, 51.3567633 ], [ -0.2228066, 51.3566598 ], [ -0.2227478, 51.3564359 ], [ -0.2227033, 51.3562122 ], [ -0.2226095, 51.3557414 ], [ -0.2225018, 51.3552587 ], [ -0.222444, 51.3550815 ], [ -0.22244, 51.3550725 ], [ -0.2222726, 51.3546482 ], [ -0.2222077, 51.3545069 ], [ -0.2221606, 51.3543515 ], [ -0.2221144, 51.3540981 ], [ -0.222032, 51.3537767 ], [ -0.2219999, 51.3535316 ], [ -0.2219807, 51.3532472 ], [ -0.2219761, 51.3530691 ], [ -0.2219812, 51.3529019 ], [ -0.2219928, 51.3528247 ], [ -0.2220693, 51.3527773 ], [ -0.2220743, 51.3527234 ], [ -0.2219956, 51.3526773 ], [ -0.2219894, 51.3523544 ], [ -0.2219685, 51.3521166 ], [ -0.2219623, 51.3519043 ], [ -0.2219899, 51.3517483 ], [ -0.222027, 51.351533 ], [ -0.2220796, 51.3513971 ], [ -0.2221169, 51.3513257 ], [ -0.221287, 51.3511719 ], [ -0.2213121, 51.3513396 ], [ -0.2204459, 51.3514209 ], [ -0.2203679, 51.3509871 ], [ -0.220283, 51.3506945 ], [ -0.2202145, 51.3503877 ], [ -0.2202661, 51.3503156 ], [ -0.2202663, 51.3502365 ], [ -0.2202524, 51.3501877 ], [ -0.2202106, 51.350081 ], [ -0.2201378, 51.3499216 ], [ -0.2199139, 51.349474 ], [ -0.2198871, 51.3494223 ], [ -0.2197591, 51.3490939 ], [ -0.2194596, 51.3486343 ], [ -0.2193157, 51.3483813 ], [ -0.218955, 51.3476492 ], [ -0.2188646, 51.347423 ], [ -0.218772, 51.3472948 ], [ -0.218745, 51.3472485 ], [ -0.2186181, 51.3469309 ], [ -0.2183854, 51.3464499 ], [ -0.2181825, 51.3461284 ], [ -0.2181689, 51.3461103 ], [ -0.2180603, 51.3459845 ], [ -0.2178026, 51.3456326 ], [ -0.2180151, 51.3455944 ], [ -0.2177954, 51.3448546 ], [ -0.2177091, 51.3444522 ], [ -0.217742, 51.3444185 ], [ -0.2174809, 51.3437833 ], [ -0.2174271, 51.3436521 ], [ -0.2172894, 51.3433883 ], [ -0.2183922, 51.3429788 ], [ -0.2192056, 51.3426279 ], [ -0.2198158, 51.3423323 ], [ -0.2204067, 51.3420149 ], [ -0.22109, 51.3416853 ], [ -0.221811, 51.3413464 ], [ -0.2227254, 51.3408307 ], [ -0.222514, 51.3406908 ], [ -0.2223018, 51.3404618 ], [ -0.2232862, 51.3398823 ], [ -0.2237014, 51.3399849 ], [ -0.2241156, 51.3400424 ], [ -0.2244519, 51.339847 ], [ -0.2256797, 51.3389474 ], [ -0.2261823, 51.3385378 ], [ -0.226678, 51.3380813 ], [ -0.2268519, 51.3378896 ], [ -0.2269855, 51.3378143 ], [ -0.2278838, 51.3374898 ], [ -0.2284847, 51.3372453 ], [ -0.2282743, 51.3371549 ], [ -0.2283384, 51.3371289 ], [ -0.228477, 51.3370716 ], [ -0.2298476, 51.336524 ], [ -0.2298103, 51.3364866 ], [ -0.2292304, 51.3358897 ], [ -0.2287261, 51.3355269 ], [ -0.2282965, 51.3352371 ], [ -0.2273701, 51.3346547 ], [ -0.2269193, 51.3343943 ], [ -0.2270023, 51.3343272 ], [ -0.2257292, 51.3334635 ], [ -0.2241546, 51.3324568 ], [ -0.2231197, 51.3317487 ], [ -0.222169, 51.3310166 ], [ -0.2215166, 51.3304051 ], [ -0.2209676, 51.3298644 ], [ -0.2209633, 51.3298643 ], [ -0.2207194, 51.3298624 ], [ -0.220666, 51.329831 ], [ -0.2200645, 51.3298327 ], [ -0.2193605, 51.3298499 ], [ -0.2187735, 51.3298472 ], [ -0.2173307, 51.3298532 ], [ -0.2168413, 51.3298511 ], [ -0.2161087, 51.3298283 ], [ -0.2159236, 51.3298623 ], [ -0.2143697, 51.3302514 ], [ -0.2142898, 51.3302753 ], [ -0.2141203, 51.3303519 ], [ -0.2140322, 51.3304774 ], [ -0.2133164, 51.3314242 ], [ -0.2127277, 51.3322416 ], [ -0.2126708, 51.3323028 ], [ -0.2124772, 51.3325552 ], [ -0.2119311, 51.3333095 ], [ -0.2122724, 51.3340548 ], [ -0.2130558, 51.3355424 ], [ -0.2119014, 51.3360635 ], [ -0.2115065, 51.3362517 ], [ -0.2110294, 51.3364476 ], [ -0.2104538, 51.3367041 ], [ -0.2096354, 51.3370369 ], [ -0.2068996, 51.3382001 ], [ -0.2068982, 51.3382001 ], [ -0.2067493, 51.3382634 ], [ -0.2042721, 51.3393064 ], [ -0.2035039, 51.3396399 ], [ -0.2029563, 51.3398375 ], [ -0.2026103, 51.3399841 ], [ -0.2023233, 51.3400904 ], [ -0.2021077, 51.3401338 ], [ -0.2020714, 51.340144 ], [ -0.2019031, 51.3401891 ], [ -0.2017335, 51.3398628 ], [ -0.2017251, 51.3398581 ], [ -0.2017152, 51.3398535 ], [ -0.2017068, 51.3398498 ], [ -0.2016969, 51.339846 ], [ -0.201687, 51.3398423 ], [ -0.2016827, 51.3398404 ], [ -0.2016714, 51.3398375 ], [ -0.2016614, 51.3398347 ], [ -0.2016515, 51.3398318 ], [ -0.2016401, 51.3398299 ], [ -0.2016301, 51.3398279 ], [ -0.2016186, 51.3398268 ], [ -0.2016072, 51.3398258 ], [ -0.2015958, 51.3398247 ], [ -0.2015857, 51.3398245 ], [ -0.2015757, 51.3398244 ], [ -0.2015642, 51.3398251 ], [ -0.2015555, 51.3398259 ], [ -0.2015454, 51.3398275 ], [ -0.2015353, 51.3398292 ], [ -0.2015252, 51.3398308 ], [ -0.201515, 51.3398333 ], [ -0.2015063, 51.339835 ], [ -0.2014976, 51.3398385 ], [ -0.2014874, 51.339841 ], [ -0.2014787, 51.3398445 ], [ -0.2014685, 51.3398479 ], [ -0.2014612, 51.3398523 ], [ -0.2014524, 51.3398567 ], [ -0.2014436, 51.339861 ], [ -0.2014362, 51.3398654 ], [ -0.2014289, 51.3398707 ], [ -0.2014229, 51.339876 ], [ -0.2014155, 51.3398813 ], [ -0.2014096, 51.3398866 ], [ -0.201405, 51.3398928 ], [ -0.201399, 51.339899 ], [ -0.2013945, 51.3399043 ], [ -0.2013914, 51.3399106 ], [ -0.2013868, 51.3399177 ], [ -0.2013837, 51.3399239 ], [ -0.2013836, 51.3399257 ], [ -0.2012244, 51.3398855 ], [ -0.2006485, 51.3405502 ], [ -0.2000924, 51.3412215 ], [ -0.1995825, 51.3418855 ], [ -0.1993513, 51.3418873 ], [ -0.1991459, 51.3418895 ], [ -0.1987766, 51.3421536 ], [ -0.1985827, 51.3423008 ], [ -0.1984703, 51.3424574 ], [ -0.1983852, 51.3426503 ], [ -0.1980557, 51.3430337 ], [ -0.1978599, 51.3432672 ], [ -0.1977243, 51.3434297 ], [ -0.1976776, 51.3434865 ], [ -0.1975827, 51.3434527 ], [ -0.1974902, 51.3434675 ], [ -0.19747, 51.3434707 ], [ -0.1973564, 51.343585 ], [ -0.1973444, 51.3435965 ], [ -0.1971332, 51.3435627 ], [ -0.1965663, 51.3434478 ], [ -0.1965896, 51.3434032 ], [ -0.1967154, 51.3431597 ], [ -0.1962922, 51.3430408 ], [ -0.1961195, 51.3432701 ], [ -0.1960726, 51.3433314 ], [ -0.1950112, 51.3430471 ], [ -0.19444, 51.3428935 ], [ -0.1933512, 51.3426483 ], [ -0.1932544, 51.342627 ], [ -0.1913045, 51.3421176 ], [ -0.1909217, 51.3419939 ], [ -0.1901955, 51.3417309 ], [ -0.189499, 51.34148 ], [ -0.1887543, 51.341214 ], [ -0.188373, 51.3410867 ], [ -0.1883631, 51.3410839 ], [ -0.1878994, 51.3409373 ], [ -0.1873828, 51.3407836 ], [ -0.187461, 51.340694 ], [ -0.1874731, 51.3406789 ], [ -0.1872539, 51.3405937 ], [ -0.185935, 51.3398889 ], [ -0.184918, 51.3393552 ], [ -0.1846329, 51.3391943 ], [ -0.1835546, 51.3386155 ], [ -0.1823926, 51.3380472 ], [ -0.1823306, 51.3380174 ], [ -0.1820213, 51.3378535 ], [ -0.1817898, 51.3377159 ], [ -0.1816407, 51.337638 ], [ -0.1808464, 51.3371401 ], [ -0.179741, 51.3364134 ], [ -0.1793955, 51.336185 ], [ -0.1788678, 51.3359151 ], [ -0.1785287, 51.3357417 ], [ -0.1762904, 51.3345153 ], [ -0.176119, 51.3344218 ], [ -0.1759365, 51.3343164 ], [ -0.1756197, 51.3341245 ], [ -0.175045, 51.3338115 ], [ -0.174894, 51.3337085 ], [ -0.174801, 51.3334858 ], [ -0.1746915, 51.3331703 ], [ -0.1741644, 51.3332133 ], [ -0.1739083, 51.3322884 ], [ -0.1737449, 51.3317742 ], [ -0.1735075, 51.3312462 ], [ -0.1732236, 51.3306618 ], [ -0.1730852, 51.3303871 ], [ -0.1729726, 51.3301507 ], [ -0.172889, 51.3300154 ], [ -0.1728086, 51.330015 ], [ -0.1726706, 51.3300201 ], [ -0.1725036, 51.3300327 ], [ -0.1718866, 51.3300618 ], [ -0.1714969, 51.3301151 ], [ -0.1701878, 51.3301881 ], [ -0.1699864, 51.3302335 ], [ -0.1699198, 51.3302478 ], [ -0.1700166, 51.3299454 ], [ -0.1700912, 51.3294762 ], [ -0.1696075, 51.3295118 ], [ -0.1684114, 51.3295929 ], [ -0.1654596, 51.3299667 ], [ -0.1631021, 51.3302661 ], [ -0.1623159, 51.3288913 ], [ -0.1623591, 51.3288875 ], [ -0.1631286, 51.3288133 ], [ -0.1635606, 51.3287445 ], [ -0.1639961, 51.3285849 ], [ -0.1639992, 51.3285086 ], [ -0.1640076, 51.3281894 ], [ -0.1642226, 51.3281613 ], [ -0.1643876, 51.328128 ], [ -0.1643844, 51.3279903 ], [ -0.164368, 51.3277185 ], [ -0.1642932, 51.3275438 ], [ -0.1637727, 51.3265599 ], [ -0.1635927, 51.3262153 ], [ -0.1642125, 51.3260425 ], [ -0.1641777, 51.3260159 ], [ -0.1634761, 51.3254689 ], [ -0.162907, 51.3250202 ], [ -0.1622207, 51.324487 ], [ -0.1606257, 51.3232434 ], [ -0.1590503, 51.3239822 ], [ -0.158957, 51.3238746 ], [ -0.1586601, 51.3239778 ], [ -0.1580078, 51.3232077 ], [ -0.1565688, 51.3215106 ], [ -0.1565099, 51.3214404 ], [ -0.1564661, 51.3213894 ], [ -0.1585242, 51.3207419 ], [ -0.1587146, 51.3206819 ], [ -0.1619055, 51.3196278 ], [ -0.1618886, 51.3195825 ], [ -0.1617987, 51.3193536 ], [ -0.1617947, 51.3193463 ], [ -0.1614717, 51.3185238 ], [ -0.1613884, 51.3183112 ], [ -0.1614057, 51.3183079 ], [ -0.1612571, 51.3179692 ], [ -0.1612079, 51.3179783 ], [ -0.1611172, 51.317735 ], [ -0.1611997, 51.3176832 ], [ -0.1612228, 51.3176072 ], [ -0.1612031, 51.317525 ], [ -0.1611138, 51.3174616 ], [ -0.160945, 51.3172692 ], [ -0.1605073, 51.3168747 ], [ -0.1602761, 51.3169493 ], [ -0.1599432, 51.3170565 ], [ -0.1596068, 51.317107 ], [ -0.1595883, 51.3167101 ], [ -0.1595113, 51.3164112 ], [ -0.15934, 51.315958 ], [ -0.1591933, 51.3157857 ], [ -0.1589908, 51.3156117 ], [ -0.1585667, 51.3152003 ], [ -0.1583846, 51.3150536 ], [ -0.1583306, 51.3149682 ], [ -0.1579054, 51.3145155 ], [ -0.1577711, 51.3143218 ], [ -0.1576691, 51.3141089 ], [ -0.1576072, 51.3140072 ], [ -0.15752, 51.3138907 ], [ -0.1574416, 51.3137699 ], [ -0.1571956, 51.3133919 ], [ -0.1572983, 51.313228 ], [ -0.1576334, 51.3126713 ], [ -0.1578477, 51.3121207 ], [ -0.158241, 51.311295 ], [ -0.158292, 51.3111681 ], [ -0.1583581, 51.3110226 ], [ -0.1583566, 51.3109875 ], [ -0.1580909, 51.3109932 ], [ -0.1576644, 51.3109317 ], [ -0.1573636, 51.3108451 ], [ -0.1570412, 51.3107267 ], [ -0.1566433, 51.3105244 ], [ -0.156492, 51.3104672 ], [ -0.1562542, 51.310423 ], [ -0.1558267, 51.3104207 ], [ -0.1556395, 51.3103674 ], [ -0.1553766, 51.3104091 ], [ -0.1543414, 51.31032 ], [ -0.1543713, 51.3102539 ], [ -0.1550749, 51.3092758 ], [ -0.1555978, 51.308472 ], [ -0.1561917, 51.3076504 ], [ -0.1564228, 51.3073618 ], [ -0.1565045, 51.307292 ], [ -0.1571892, 51.3067111 ], [ -0.157088, 51.3066933 ], [ -0.1569099, 51.3066626 ], [ -0.1567647, 51.3065632 ], [ -0.1565981, 51.3064949 ], [ -0.1564419, 51.3064547 ], [ -0.1557897, 51.3064417 ], [ -0.1551661, 51.3064274 ], [ -0.1545354, 51.3064507 ], [ -0.1550495, 51.3057934 ], [ -0.1577288, 51.3045946 ], [ -0.157671, 51.3045325 ], [ -0.1577612, 51.3044296 ], [ -0.1570353, 51.3037114 ], [ -0.1569893, 51.3036423 ], [ -0.1567102, 51.3035911 ], [ -0.1554058, 51.3013808 ], [ -0.155344, 51.3012765 ], [ -0.1533868, 51.30168 ], [ -0.15269, 51.3014567 ], [ -0.1526322, 51.3014324 ], [ -0.152524, 51.3013741 ], [ -0.1513684, 51.3008603 ], [ -0.151075, 51.3007352 ], [ -0.1510496, 51.300724 ], [ -0.1502712, 51.3003907 ], [ -0.1500822, 51.3003103 ], [ -0.15002, 51.3002878 ], [ -0.1498411, 51.3002058 ], [ -0.1495227, 51.3007026 ], [ -0.1484782, 51.3007059 ], [ -0.1480908, 51.3006026 ], [ -0.1465836, 51.3000554 ], [ -0.1456758, 51.299836 ], [ -0.1456516, 51.2998302 ], [ -0.1448787, 51.3007145 ], [ -0.1444495, 51.3005432 ], [ -0.1435856, 51.3012624 ], [ -0.1428597, 51.299982 ], [ -0.1427953, 51.2999783 ], [ -0.1424859, 51.299932 ], [ -0.1423934, 51.2999143 ], [ -0.1421558, 51.2998656 ], [ -0.1417238, 51.2997634 ], [ -0.1413948, 51.2996701 ], [ -0.1412398, 51.2996352 ], [ -0.1409889, 51.299562 ], [ -0.1408816, 51.299554 ], [ -0.1408011, 51.2995581 ], [ -0.1407247, 51.2995677 ], [ -0.140687, 51.299577 ], [ -0.1405868, 51.2996438 ], [ -0.1404875, 51.2996871 ], [ -0.1403065, 51.2997625 ], [ -0.1400109, 51.2998729 ], [ -0.1397295, 51.2999845 ], [ -0.1389945, 51.3002821 ], [ -0.1388148, 51.300362 ], [ -0.1387158, 51.3003982 ], [ -0.1385517, 51.3004477 ], [ -0.1380486, 51.3006151 ], [ -0.1379269, 51.3006446 ], [ -0.1378527, 51.3006686 ], [ -0.1375583, 51.3007827 ], [ -0.1374688, 51.3007983 ], [ -0.1374028, 51.3007973 ], [ -0.1373403, 51.3007828 ], [ -0.1368219, 51.3000165 ], [ -0.1366716, 51.2997946 ], [ -0.1366703, 51.2997937 ], [ -0.1366356, 51.2995153 ], [ -0.1365394, 51.2990938 ], [ -0.1363547, 51.2982698 ], [ -0.1362994, 51.2982177 ], [ -0.1362047, 51.298218 ], [ -0.136008, 51.2982589 ], [ -0.1359494, 51.2982894 ], [ -0.1357809, 51.2983767 ], [ -0.1355865, 51.2983241 ], [ -0.1345493, 51.2983966 ], [ -0.1345134, 51.2983979 ], [ -0.1344807, 51.298391 ], [ -0.1344582, 51.2983799 ], [ -0.1344351, 51.2983472 ], [ -0.1344363, 51.2983175 ], [ -0.1339179, 51.2978011 ], [ -0.1333204, 51.2971828 ], [ -0.1331749, 51.2970582 ], [ -0.1330642, 51.2969935 ], [ -0.1329776, 51.2969345 ], [ -0.1329109, 51.2968822 ], [ -0.1327993, 51.2967698 ], [ -0.1323339, 51.2963271 ], [ -0.132151, 51.2961327 ], [ -0.1319605, 51.295984 ], [ -0.131417, 51.2956983 ], [ -0.1312887, 51.2956081 ], [ -0.1311363, 51.2954753 ], [ -0.1311103, 51.2954452 ], [ -0.131077, 51.2953458 ], [ -0.1311047, 51.2953003 ], [ -0.1312573, 51.2951094 ], [ -0.1313549, 51.2950363 ], [ -0.1314029, 51.2949868 ], [ -0.1314483, 51.2949272 ], [ -0.1314764, 51.294871 ], [ -0.1314899, 51.2948209 ], [ -0.1314921, 51.2947661 ], [ -0.1314857, 51.2947129 ], [ -0.1314795, 51.2946885 ], [ -0.1313573, 51.2944483 ], [ -0.1311941, 51.2942298 ], [ -0.1308582, 51.2937406 ], [ -0.1306578, 51.2932707 ], [ -0.1305579, 51.2931189 ], [ -0.1302155, 51.2926845 ], [ -0.130156, 51.2926314 ], [ -0.1301212, 51.2926048 ], [ -0.1295171, 51.2922228 ], [ -0.1286376, 51.2915604 ], [ -0.1282555, 51.2912566 ], [ -0.1281378, 51.2911891 ], [ -0.1279816, 51.2910805 ], [ -0.1272837, 51.2904677 ], [ -0.1270846, 51.2902846 ], [ -0.126305, 51.2895303 ], [ -0.126275, 51.289492 ], [ -0.1262392, 51.2894195 ], [ -0.1261825, 51.2890499 ], [ -0.126136, 51.2886067 ], [ -0.1260833, 51.2883864 ], [ -0.1259472, 51.2883123 ], [ -0.1257895, 51.2882055 ], [ -0.1254745, 51.2878758 ], [ -0.1247772, 51.2872513 ], [ -0.1246395, 51.2871448 ], [ -0.1245373, 51.2870505 ], [ -0.1244864, 51.2869975 ], [ -0.1243785, 51.2868645 ], [ -0.1243196, 51.2867602 ], [ -0.1212339, 51.2869589 ], [ -0.1186753, 51.2870689 ], [ -0.1182789, 51.2870823 ], [ -0.1178022, 51.2870962 ], [ -0.1178073, 51.2873229 ], [ -0.1177411, 51.2875035 ], [ -0.1176262, 51.2877184 ], [ -0.1174406, 51.2880499 ], [ -0.1171243, 51.2884891 ], [ -0.1170839, 51.2886701 ], [ -0.1170447, 51.2889968 ], [ -0.1170989, 51.2891092 ], [ -0.1170854, 51.2891953 ], [ -0.1170077, 51.2893757 ], [ -0.1168958, 51.289552 ], [ -0.1167499, 51.289752 ], [ -0.1166183, 51.2898137 ], [ -0.1164812, 51.2898699 ], [ -0.1164581, 51.28991 ], [ -0.1164297, 51.2899375 ], [ -0.1163826, 51.2899673 ], [ -0.1162806, 51.2901455 ], [ -0.1159673, 51.2905128 ], [ -0.1158577, 51.2906324 ], [ -0.1157562, 51.2907297 ], [ -0.1154472, 51.291026 ], [ -0.1155611, 51.291115 ], [ -0.1153143, 51.2912936 ], [ -0.1151617, 51.2913775 ], [ -0.1150857, 51.2914113 ], [ -0.1150771, 51.291413 ], [ -0.1151438, 51.2914653 ], [ -0.1149008, 51.2915495 ], [ -0.1148231, 51.2914862 ], [ -0.1146217, 51.2915343 ], [ -0.1147164, 51.2918496 ], [ -0.1148614, 51.2923007 ], [ -0.1148793, 51.292319 ], [ -0.1149059, 51.2924048 ], [ -0.1148502, 51.2924354 ], [ -0.1147624, 51.292443 ], [ -0.1146751, 51.2924371 ], [ -0.1110797, 51.2922541 ], [ -0.1101918, 51.2926418 ], [ -0.1093885, 51.2930272 ], [ -0.1090011, 51.2932062 ], [ -0.1082879, 51.2935283 ], [ -0.1064474, 51.2943358 ], [ -0.1030297, 51.2958605 ], [ -0.102665, 51.2960084 ], [ -0.1024732, 51.2960673 ], [ -0.1023168, 51.2961044 ], [ -0.1021577, 51.2961351 ], [ -0.1015055, 51.2962279 ], [ -0.1011674, 51.2962881 ], [ -0.1011298, 51.2962947 ], [ -0.1009302, 51.2963346 ], [ -0.1008476, 51.2963566 ], [ -0.100727, 51.2963933 ], [ -0.1005726, 51.2964493 ], [ -0.1003901, 51.2965282 ], [ -0.1001778, 51.2966326 ], [ -0.0995967, 51.2969496 ], [ -0.099377, 51.2970594 ], [ -0.0992791, 51.2971028 ], [ -0.0978574, 51.2977308 ], [ -0.0943518, 51.2993554 ], [ -0.0943038, 51.2994401 ], [ -0.0944405, 51.2994648 ], [ -0.0951486, 51.2994772 ], [ -0.0953572, 51.2994977 ], [ -0.0955479, 51.2995349 ], [ -0.0958033, 51.299603 ], [ -0.0961343, 51.2997153 ], [ -0.0963531, 51.2997998 ], [ -0.0969501, 51.3001072 ], [ -0.0972722, 51.3002968 ], [ -0.0972027, 51.300346 ], [ -0.097375, 51.3006906 ], [ -0.0974015, 51.3007773 ], [ -0.0973815, 51.3008453 ], [ -0.0972871, 51.3009436 ], [ -0.0974048, 51.3011155 ], [ -0.0963867, 51.3013822 ], [ -0.0960582, 51.3015199 ], [ -0.0957467, 51.3014896 ], [ -0.0956698, 51.3014056 ], [ -0.0953073, 51.3013278 ], [ -0.0948073, 51.3006875 ], [ -0.0944144, 51.3006145 ], [ -0.0936944, 51.3007836 ], [ -0.0911955, 51.301474 ], [ -0.0909945, 51.3019959 ], [ -0.0909898, 51.302351 ], [ -0.0909795, 51.3024624 ], [ -0.0909322, 51.3026675 ], [ -0.0909862, 51.3027502 ], [ -0.0909038, 51.3031788 ], [ -0.0910675, 51.3032795 ], [ -0.0911991, 51.3033931 ], [ -0.0908916, 51.3038189 ], [ -0.0907439, 51.3039549 ], [ -0.0897331, 51.3039762 ], [ -0.0897102, 51.3041125 ], [ -0.0896788, 51.3042109 ], [ -0.0896332, 51.3043073 ], [ -0.0896042, 51.3043509 ], [ -0.0895233, 51.3044323 ], [ -0.0891966, 51.3044926 ], [ -0.0891742, 51.3045121 ], [ -0.0888852, 51.3048041 ], [ -0.0888594, 51.3048738 ], [ -0.0888187, 51.3050234 ], [ -0.0887593, 51.305106 ], [ -0.0886671, 51.3052187 ], [ -0.0887688, 51.3058787 ], [ -0.0887888, 51.3060894 ], [ -0.0887796, 51.3064148 ], [ -0.0887803, 51.3066037 ], [ -0.0887513, 51.3067498 ], [ -0.0887513, 51.3068541 ], [ -0.0888523, 51.30722 ], [ -0.0886379, 51.307408 ], [ -0.0885092, 51.3075363 ], [ -0.0884304, 51.3076025 ], [ -0.0875686, 51.3082098 ], [ -0.0868266, 51.3087004 ], [ -0.0867438, 51.3087575 ], [ -0.0866766, 51.3088211 ], [ -0.0866047, 51.3088604 ], [ -0.0854699, 51.3092708 ], [ -0.0840396, 51.3098167 ], [ -0.0837221, 51.3099293 ], [ -0.0834171, 51.3100538 ], [ -0.0827428, 51.3103611 ], [ -0.08258, 51.3104457 ], [ -0.0824662, 51.3104897 ], [ -0.0822703, 51.3105422 ], [ -0.0819588, 51.3106486 ], [ -0.0819239, 51.3112794 ], [ -0.0818495, 51.3115848 ], [ -0.0817489, 51.3118637 ], [ -0.081853, 51.31236 ], [ -0.0819201, 51.3126102 ], [ -0.0821892, 51.3130049 ], [ -0.0823455, 51.3132125 ], [ -0.0829026, 51.3139618 ], [ -0.083221, 51.3143096 ], [ -0.0834942, 51.3147116 ], [ -0.0838983, 51.3151381 ], [ -0.0842883, 51.3154539 ], [ -0.0848293, 51.3158683 ], [ -0.0842225, 51.3162433 ], [ -0.0836182, 51.3163836 ], [ -0.0836888, 51.3166518 ], [ -0.0835828, 51.3166824 ], [ -0.0830987, 51.3167635 ], [ -0.082581, 51.3168243 ], [ -0.0822671, 51.3169523 ], [ -0.082235, 51.3169652 ], [ -0.0821182, 51.3170128 ], [ -0.0820088, 51.3169867 ], [ -0.0818042, 51.3167657 ], [ -0.0815699, 51.3167043 ], [ -0.0813994, 51.316769 ], [ -0.0812628, 51.3168432 ], [ -0.0811092, 51.3170511 ], [ -0.0810762, 51.3171198 ], [ -0.0811502, 51.3171687 ], [ -0.0808263, 51.3174341 ], [ -0.0805842, 51.3175947 ], [ -0.0804396, 51.3176903 ], [ -0.0802202, 51.3178234 ], [ -0.0800312, 51.3179156 ], [ -0.079757, 51.3179876 ], [ -0.0797033, 51.318002 ], [ -0.0796497, 51.3180146 ], [ -0.0795947, 51.3180263 ], [ -0.0795397, 51.3180371 ], [ -0.0794847, 51.3180479 ], [ -0.0794645, 51.3180511 ], [ -0.0793806, 51.3180659 ], [ -0.0792954, 51.3180798 ], [ -0.0788572, 51.3180906 ], [ -0.0788682, 51.3185494 ], [ -0.0789307, 51.3194237 ], [ -0.0789506, 51.3197702 ], [ -0.0784348, 51.319786 ], [ -0.0773699, 51.3198882 ], [ -0.0768789, 51.3199278 ], [ -0.0761542, 51.3200283 ], [ -0.0761373, 51.3201575 ], [ -0.0754621, 51.3201743 ], [ -0.0751468, 51.3201988 ], [ -0.0748036, 51.3202714 ], [ -0.0742292, 51.3204175 ], [ -0.0739164, 51.3204834 ], [ -0.0734706, 51.320575 ], [ -0.0729822, 51.3206533 ], [ -0.0727916, 51.3207482 ], [ -0.0726914, 51.3207771 ], [ -0.0715886, 51.3210656 ], [ -0.0710433, 51.3212338 ], [ -0.0700551, 51.3188937 ], [ -0.067765, 51.3188173 ], [ -0.0641537, 51.3186264 ], [ -0.0641523, 51.3186263 ], [ -0.0641133, 51.3185978 ], [ -0.0640753, 51.3186143 ], [ -0.0640212, 51.3186377 ], [ -0.0638195, 51.3187233 ], [ -0.0633067, 51.3188722 ], [ -0.0624485, 51.3191107 ], [ -0.062106, 51.3192013 ], [ -0.0620337, 51.3193152 ], [ -0.0617679, 51.31939 ], [ -0.0615661, 51.3194801 ], [ -0.061405, 51.3196259 ], [ -0.0610025, 51.3199133 ], [ -0.0608819, 51.3199814 ], [ -0.0606846, 51.3200654 ], [ -0.0604896, 51.3200621 ], [ -0.0602465, 51.320041 ], [ -0.0601418, 51.3200393 ], [ -0.0599565, 51.3200425 ], [ -0.0597694, 51.3200565 ], [ -0.059619, 51.3200837 ], [ -0.0590633, 51.3202265 ], [ -0.0589511, 51.3202318 ], [ -0.0588747, 51.3202395 ], [ -0.0587821, 51.3202587 ], [ -0.0584194, 51.3203839 ], [ -0.0581378, 51.3205969 ], [ -0.0578446, 51.3208438 ], [ -0.0576894, 51.3209501 ], [ -0.0570402, 51.3213701 ], [ -0.0567352, 51.3215242 ], [ -0.0565115, 51.3215861 ], [ -0.0562785, 51.321665 ], [ -0.0559545, 51.3214546 ], [ -0.055741, 51.321344 ], [ -0.0550473, 51.3212552 ], [ -0.0549094, 51.3212583 ], [ -0.0542055, 51.3215433 ], [ -0.053659, 51.3218067 ], [ -0.0531076, 51.3221204 ], [ -0.0529054, 51.3222178 ], [ -0.0526153, 51.3223227 ], [ -0.052508, 51.3223829 ], [ -0.0522517, 51.3223679 ], [ -0.0517897, 51.3223998 ], [ -0.0513341, 51.3224488 ], [ -0.0513403, 51.3226396 ], [ -0.05132, 51.3228812 ], [ -0.0512935, 51.3234392 ], [ -0.0510387, 51.3235932 ], [ -0.0510018, 51.3236501 ], [ -0.0509706, 51.3237099 ], [ -0.0509166, 51.3240021 ], [ -0.0508942, 51.324089 ], [ -0.050853, 51.3241486 ], [ -0.0507104, 51.3243296 ], [ -0.0504715, 51.3246152 ], [ -0.0500217, 51.3249666 ], [ -0.0497922, 51.3252676 ], [ -0.0495527, 51.3253293 ], [ -0.0492648, 51.3253847 ], [ -0.0487847, 51.3253659 ], [ -0.0484436, 51.3252874 ], [ -0.0482325, 51.3252551 ], [ -0.0482141, 51.325182 ], [ -0.0478956, 51.3252459 ], [ -0.0479091, 51.3255366 ], [ -0.0478502, 51.3263144 ], [ -0.0478548, 51.3265105 ], [ -0.0479832, 51.3269011 ], [ -0.0480607, 51.3270706 ], [ -0.0480131, 51.3271094 ], [ -0.0480346, 51.3272123 ], [ -0.0481452, 51.3274479 ], [ -0.0483999, 51.327838 ], [ -0.0485723, 51.328036 ], [ -0.0490964, 51.3286086 ], [ -0.0487759, 51.3287192 ], [ -0.0489705, 51.3289365 ], [ -0.0494678, 51.3293953 ], [ -0.0498183, 51.3296251 ], [ -0.0502602, 51.329833 ], [ -0.0504709, 51.3300101 ], [ -0.0506863, 51.3302115 ], [ -0.0511072, 51.3308462 ], [ -0.0511326, 51.3310615 ], [ -0.0511256, 51.3313609 ], [ -0.0510683, 51.3315946 ], [ -0.0508604, 51.3317585 ], [ -0.0506344, 51.3318743 ], [ -0.0500986, 51.3320533 ], [ -0.0501271, 51.3321581 ], [ -0.0502876, 51.3326401 ], [ -0.0496856, 51.3326858 ], [ -0.0492933, 51.3326946 ], [ -0.0490915, 51.3327137 ], [ -0.0486918, 51.332761 ], [ -0.0484997, 51.3327902 ], [ -0.0481812, 51.3328865 ], [ -0.0478084, 51.3330125 ], [ -0.0473891, 51.3331161 ], [ -0.0469159, 51.3333384 ], [ -0.0465796, 51.3334839 ], [ -0.0459044, 51.3335617 ], [ -0.0454508, 51.3336296 ], [ -0.0450069, 51.3336699 ], [ -0.0445209, 51.3337211 ], [ -0.0434069, 51.3336549 ], [ -0.0429089, 51.3336501 ], [ -0.0419933, 51.3338111 ], [ -0.0413317, 51.3345824 ], [ -0.041086, 51.334956 ], [ -0.0409222, 51.335331 ], [ -0.0407041, 51.3358678 ], [ -0.0406325, 51.3360303 ], [ -0.0405343, 51.336213 ], [ -0.0404304, 51.3363947 ], [ -0.0401828, 51.3366774 ], [ -0.0400151, 51.3369759 ], [ -0.0398421, 51.3372275 ], [ -0.0394953, 51.3376156 ], [ -0.0393084, 51.3377905 ], [ -0.0385026, 51.3383372 ], [ -0.0379927, 51.3386444 ], [ -0.0379183, 51.3387052 ], [ -0.0376688, 51.3385976 ], [ -0.037398, 51.3385858 ], [ -0.0370968, 51.3385439 ], [ -0.0369714, 51.338522 ], [ -0.0368475, 51.3384975 ], [ -0.0363009, 51.338321 ], [ -0.0358322, 51.3383033 ], [ -0.0353749, 51.338185 ], [ -0.0348931, 51.3380717 ], [ -0.0346552, 51.3380596 ], [ -0.0345207, 51.3380834 ], [ -0.0343047, 51.3379989 ], [ -0.0337013, 51.3376056 ], [ -0.0333563, 51.3375144 ], [ -0.0327967, 51.3374385 ], [ -0.0323246, 51.3374665 ], [ -0.0321018, 51.3374727 ], [ -0.0318449, 51.337471 ], [ -0.0310361, 51.3374835 ], [ -0.0308935, 51.3374928 ], [ -0.0307074, 51.3375158 ], [ -0.0305117, 51.3375575 ], [ -0.0303896, 51.3375932 ], [ -0.0302117, 51.3376576 ], [ -0.0295025, 51.3377581 ], [ -0.0291418, 51.337833 ], [ -0.0289961, 51.3378818 ], [ -0.0288167, 51.337948 ], [ -0.0284796, 51.3380736 ], [ -0.0279915, 51.3382075 ], [ -0.0277276, 51.3382669 ], [ -0.0274582, 51.3383226 ], [ -0.0268947, 51.3384057 ], [ -0.0264665, 51.3384795 ], [ -0.0262073, 51.3385309 ], [ -0.025985, 51.3385604 ], [ -0.0254971, 51.3385198 ], [ -0.02513, 51.3386089 ], [ -0.0246932, 51.3384514 ], [ -0.0242851, 51.3383914 ], [ -0.0240964, 51.338373 ], [ -0.0239133, 51.3383573 ], [ -0.0236564, 51.3383556 ], [ -0.0228986, 51.3382817 ], [ -0.022398, 51.3382058 ], [ -0.0220838, 51.3380998 ], [ -0.0214482, 51.3378238 ], [ -0.02123, 51.3376897 ], [ -0.0205844, 51.3371446 ], [ -0.0204725, 51.3368423 ], [ -0.0205371, 51.3366096 ], [ -0.0205291, 51.336596 ], [ -0.0204411, 51.3365064 ], [ -0.0200747, 51.3362133 ], [ -0.0197655, 51.3360246 ], [ -0.0195425, 51.3359021 ], [ -0.0194733, 51.3358101 ], [ -0.0194057, 51.3357128 ], [ -0.0191879, 51.3352028 ], [ -0.0191298, 51.3350849 ], [ -0.0190143, 51.334868 ], [ -0.0188006, 51.334529 ], [ -0.0183122, 51.3341043 ], [ -0.018162, 51.3338248 ], [ -0.0179701, 51.3333153 ], [ -0.0178417, 51.3329956 ], [ -0.01781, 51.332933 ], [ -0.0173863, 51.3330032 ], [ -0.0172335, 51.3329853 ], [ -0.0170576, 51.3329041 ], [ -0.016562, 51.3325126 ], [ -0.0162443, 51.3322231 ], [ -0.0159676, 51.3320143 ], [ -0.0155568, 51.3315208 ], [ -0.0153769, 51.3312659 ], [ -0.0152498, 51.3310183 ], [ -0.0151808, 51.3307545 ], [ -0.0151003, 51.3306569 ], [ -0.0148568, 51.3304801 ], [ -0.014638, 51.3301949 ], [ -0.0145136, 51.3299842 ], [ -0.0143563, 51.3298044 ], [ -0.0143355, 51.3299533 ], [ -0.0142311, 51.3303085 ], [ -0.0139753, 51.3305146 ], [ -0.0137736, 51.3306983 ], [ -0.0137149, 51.3308609 ], [ -0.0137124, 51.3313168 ], [ -0.0136316, 51.3315259 ], [ -0.0133483, 51.3315364 ], [ -0.0119145, 51.3328916 ], [ -0.0109462, 51.3329084 ], [ -0.0106915, 51.3330893 ], [ -0.0108839, 51.3334181 ], [ -0.0110215, 51.3335572 ], [ -0.0109021, 51.333628 ], [ -0.010687, 51.3337565 ], [ -0.0106812, 51.3337582 ], [ -0.0106159, 51.3337733 ], [ -0.0105507, 51.3337866 ], [ -0.0104841, 51.3337998 ], [ -0.0104364, 51.333808 ], [ -0.0102775, 51.3338296 ], [ -0.0101146, 51.3338457 ], [ -0.0099532, 51.3338601 ], [ -0.0099301, 51.3338624 ], [ -0.0098048, 51.3338728 ], [ -0.009678, 51.3338824 ], [ -0.0095514, 51.3338901 ], [ -0.0094233, 51.3338969 ], [ -0.0092968, 51.333902 ], [ -0.0091689, 51.3339052 ], [ -0.0090425, 51.3339057 ], [ -0.0089148, 51.3339045 ], [ -0.008889, 51.333904 ], [ -0.0087628, 51.3339001 ], [ -0.0086353, 51.3338943 ], [ -0.0085078, 51.3338868 ], [ -0.0083819, 51.3338774 ], [ -0.0082561, 51.3338663 ], [ -0.0081303, 51.3338525 ], [ -0.0071466, 51.3336945 ], [ -0.0072375, 51.3333867 ], [ -0.0067284, 51.3331424 ], [ -0.0056667, 51.3326316 ], [ -0.0050572, 51.3323208 ], [ -0.0046921, 51.3321338 ], [ -0.0035583, 51.331432 ], [ -0.0023291, 51.3306826 ], [ -0.0017052, 51.3303068 ], [ -0.0011843, 51.3298402 ], [ -0.0007776, 51.3293566 ], [ -0.0005315, 51.3287778 ], [ -0.0000004, 51.328909 ], [ 0.0010564, 51.329015 ], [ 0.0022661, 51.3291382 ], [ 0.0023421, 51.3289049 ], [ 0.0024766, 51.3286328 ], [ 0.002729, 51.3280656 ], [ 0.0029074, 51.3275166 ], [ 0.0030744, 51.3271649 ], [ 0.0030797, 51.327154 ], [ 0.0031559, 51.3269935 ], [ 0.0032533, 51.3265269 ], [ 0.0033718, 51.3261508 ], [ 0.0034866, 51.3256875 ], [ 0.0035759, 51.3252354 ], [ 0.0036965, 51.3248736 ], [ 0.0037251, 51.324508 ], [ 0.0038511, 51.324237 ], [ 0.0040477, 51.3238748 ], [ 0.0044534, 51.3228112 ], [ 0.0045157, 51.3226923 ], [ 0.0048419, 51.3220761 ], [ 0.0048873, 51.3219323 ], [ 0.0050591, 51.3208044 ], [ 0.0051044, 51.3205914 ], [ 0.0051496, 51.3203783 ], [ 0.0052376, 51.3201583 ], [ 0.0053208, 51.3198943 ], [ 0.0053776, 51.3196154 ], [ 0.0054095, 51.3190636 ], [ 0.0054241, 51.3189051 ], [ 0.0054431, 51.3187492 ], [ 0.0055173, 51.318444 ], [ 0.0056262, 51.3181759 ], [ 0.0060029, 51.3174689 ], [ 0.0061264, 51.317108 ], [ 0.006459, 51.3162138 ], [ 0.0065501, 51.3157365 ], [ 0.0065524, 51.3156564 ], [ 0.0065578, 51.3156482 ], [ 0.0069733, 51.315633 ], [ 0.0071474, 51.3156453 ], [ 0.007474, 51.3156964 ], [ 0.0074754, 51.3156963 ], [ 0.0078868, 51.3157846 ], [ 0.0080649, 51.3158535 ], [ 0.0081682, 51.3158859 ], [ 0.0083842, 51.3159353 ], [ 0.0090819, 51.3160402 ], [ 0.0092312, 51.3160412 ], [ 0.009329, 51.3160476 ], [ 0.0094938, 51.3160736 ], [ 0.0100816, 51.3161265 ], [ 0.0103204, 51.3161403 ], [ 0.0100943, 51.3153349 ], [ 0.0099363, 51.3148043 ], [ 0.0096993, 51.3143083 ], [ 0.009597, 51.3140349 ], [ 0.0095352, 51.3139353 ], [ 0.0095864, 51.3138579 ], [ 0.0095613, 51.3138089 ], [ 0.0094613, 51.3136218 ], [ 0.0092092, 51.3128455 ], [ 0.0091515, 51.3125084 ], [ 0.0091195, 51.3121708 ], [ 0.0090655, 51.3119199 ], [ 0.0089205, 51.311622 ], [ 0.0086564, 51.3112938 ], [ 0.0084958, 51.3110322 ], [ 0.0083987, 51.310845 ], [ 0.0083534, 51.3106623 ], [ 0.008361, 51.3105093 ], [ 0.0083632, 51.3103618 ], [ 0.0084014, 51.3101858 ], [ 0.0084544, 51.3100518 ], [ 0.009083, 51.3087415 ], [ 0.008986, 51.3084572 ], [ 0.009012, 51.3082985 ], [ 0.0091942, 51.3078043 ], [ 0.0093568, 51.3074544 ], [ 0.0094214, 51.3072249 ], [ 0.0094359, 51.3070969 ], [ 0.0094233, 51.3070054 ], [ 0.0094534, 51.306906 ], [ 0.0095441, 51.3068145 ], [ 0.0095926, 51.3067435 ], [ 0.0095686, 51.306654 ], [ 0.009589, 51.3065943 ], [ 0.009677, 51.3065082 ], [ 0.0097899, 51.3063984 ], [ 0.0098774, 51.3062998 ], [ 0.0099394, 51.3062088 ], [ 0.0100007, 51.3061016 ], [ 0.0100912, 51.30594 ], [ 0.0101578, 51.3058219 ], [ 0.0102603, 51.3056385 ], [ 0.0102684, 51.3055286 ], [ 0.0104098, 51.3051539 ], [ 0.0105022, 51.3049365 ], [ 0.010466, 51.3047977 ], [ 0.0104341, 51.304756 ], [ 0.0104254, 51.3047211 ], [ 0.0104268, 51.3046878 ], [ 0.0104508, 51.3046469 ], [ 0.0104853, 51.3046157 ], [ 0.0105028, 51.3045902 ], [ 0.0106214, 51.3043814 ], [ 0.0107795, 51.3040603 ], [ 0.010833, 51.3039056 ], [ 0.0108383, 51.3038632 ], [ 0.0108011, 51.3037659 ], [ 0.0108738, 51.3031972 ], [ 0.0109134, 51.3031182 ], [ 0.0109502, 51.3030744 ], [ 0.011072, 51.3029716 ], [ 0.011053, 51.3025709 ], [ 0.0110712, 51.3024941 ], [ 0.0110359, 51.3024426 ], [ 0.0110988, 51.3019783 ], [ 0.0111862, 51.3017457 ], [ 0.0112483, 51.3015918 ], [ 0.0113233, 51.3013369 ], [ 0.0114155, 51.3010835 ], [ 0.0114895, 51.3008736 ], [ 0.0115395, 51.3007037 ], [ 0.0116185, 51.3005422 ], [ 0.0116816, 51.3004116 ], [ 0.0117496, 51.3002594 ], [ 0.0118029, 51.300102 ], [ 0.0118823, 51.2999478 ], [ 0.0119617, 51.2997953 ], [ 0.012131, 51.2995991 ], [ 0.0123048, 51.2991788 ], [ 0.0123405, 51.2988463 ], [ 0.0125493, 51.2983068 ], [ 0.0127117, 51.297822 ], [ 0.0128533, 51.2973213 ], [ 0.0129628, 51.2969381 ], [ 0.0130359, 51.2966419 ], [ 0.0133852, 51.2962645 ], [ 0.0133851, 51.2962636 ], [ 0.0136115, 51.2955034 ], [ 0.0136986, 51.2951332 ], [ 0.0139149, 51.2945053 ], [ 0.0139567, 51.2943463 ], [ 0.0140601, 51.2943149 ], [ 0.0142137, 51.2938275 ], [ 0.0142415, 51.2937074 ], [ 0.0142809, 51.2932634 ], [ 0.0143136, 51.2930947 ], [ 0.0144183, 51.2927673 ], [ 0.0144863, 51.2925503 ], [ 0.0146082, 51.2923198 ], [ 0.0149677, 51.2918172 ], [ 0.0149822, 51.2917873 ], [ 0.0156525, 51.2918315 ], [ 0.0162607, 51.2918336 ], [ 0.0173083, 51.2917814 ], [ 0.0181009, 51.2917362 ], [ 0.0188108, 51.2917006 ], [ 0.019074, 51.2916853 ], [ 0.0192064, 51.2919564 ], [ 0.0194218, 51.2923223 ], [ 0.0198589, 51.293197 ], [ 0.0199293, 51.2934287 ], [ 0.01997, 51.2936375 ], [ 0.020036, 51.2938981 ], [ 0.0200538, 51.2939454 ], [ 0.0201311, 51.2941051 ], [ 0.0202465, 51.2945428 ], [ 0.0202731, 51.2946917 ], [ 0.0203055, 51.2947765 ], [ 0.0203367, 51.2948335 ], [ 0.0206243, 51.2952432 ], [ 0.0207148, 51.2953432 ], [ 0.0207622, 51.2954116 ], [ 0.0208468, 51.295573 ], [ 0.0208706, 51.295658 ], [ 0.0208242, 51.2959394 ], [ 0.0207868, 51.2960695 ], [ 0.0207699, 51.2961741 ], [ 0.0207666, 51.2962614 ], [ 0.0207698, 51.296336 ], [ 0.0208271, 51.2965949 ], [ 0.0209256, 51.2967794 ], [ 0.0211714, 51.297151 ], [ 0.0212713, 51.2972689 ], [ 0.0213433, 51.2973405 ], [ 0.02201, 51.2979549 ], [ 0.0222644, 51.298259 ], [ 0.0228077, 51.2988386 ], [ 0.0229833, 51.2990146 ], [ 0.0230799, 51.2991235 ], [ 0.0232075, 51.2992859 ], [ 0.0235188, 51.2996438 ], [ 0.0235717, 51.2997049 ], [ 0.0236883, 51.2998774 ], [ 0.0237426, 51.29997 ], [ 0.0238082, 51.3001244 ], [ 0.0239099, 51.3002836 ], [ 0.0239585, 51.3003781 ], [ 0.023983, 51.3004469 ], [ 0.0240202, 51.3006064 ], [ 0.0242069, 51.3011005 ], [ 0.0243387, 51.3013905 ], [ 0.0244379, 51.3015911 ], [ 0.0245285, 51.3017595 ], [ 0.0246074, 51.3018894 ], [ 0.0248114, 51.3021557 ], [ 0.0252043, 51.3025104 ], [ 0.0258933, 51.3030084 ], [ 0.0261107, 51.3031566 ], [ 0.0262294, 51.3032454 ], [ 0.0267954, 51.3037185 ], [ 0.0268739, 51.3037738 ], [ 0.0271026, 51.3039164 ], [ 0.0271603, 51.3039568 ], [ 0.0276164, 51.3044093 ], [ 0.0279499, 51.3046859 ], [ 0.0280663, 51.304755 ], [ 0.0286915, 51.3050409 ], [ 0.0291096, 51.3052486 ], [ 0.029354, 51.3053568 ], [ 0.0294341, 51.3053851 ], [ 0.0295693, 51.3054241 ], [ 0.0302538, 51.3055588 ], [ 0.0303586, 51.3056244 ], [ 0.0305761, 51.3057735 ], [ 0.0306296, 51.3058473 ], [ 0.0308981, 51.3061133 ], [ 0.0310867, 51.306387 ], [ 0.0311167, 51.306418 ], [ 0.0312039, 51.3064749 ], [ 0.0317082, 51.3066865 ], [ 0.0319199, 51.3067682 ], [ 0.0320195, 51.3068142 ], [ 0.0323339, 51.3069814 ], [ 0.0328814, 51.3075213 ], [ 0.0332146, 51.3073654 ], [ 0.0334933, 51.307178 ], [ 0.0337371, 51.3070137 ], [ 0.0338616, 51.3069414 ], [ 0.0339361, 51.3069068 ], [ 0.0340884, 51.3068475 ], [ 0.0350881, 51.3064839 ], [ 0.0355711, 51.3061796 ], [ 0.0360184, 51.3060091 ], [ 0.0361574, 51.3059401 ], [ 0.0363089, 51.3058637 ], [ 0.0365057, 51.3057389 ], [ 0.0364485, 51.305712 ], [ 0.0363754, 51.3056791 ], [ 0.0365869, 51.3054992 ], [ 0.0366374, 51.305537 ], [ 0.0366982, 51.305517 ], [ 0.0367477, 51.3055018 ], [ 0.0376762, 51.304795 ], [ 0.0378252, 51.3046916 ], [ 0.0382908, 51.3044173 ], [ 0.0387985, 51.3039292 ], [ 0.0394021, 51.3035643 ], [ 0.0400903, 51.3032313 ], [ 0.0401704, 51.3032893 ], [ 0.0402267, 51.3033296 ], [ 0.0403979, 51.3032124 ], [ 0.0408477, 51.3029042 ], [ 0.0407413, 51.302836 ], [ 0.0408898, 51.3027219 ], [ 0.0409915, 51.302783 ], [ 0.0410787, 51.3027114 ], [ 0.0411096, 51.3027288 ], [ 0.0413658, 51.3028772 ], [ 0.0414913, 51.3029901 ], [ 0.0415153, 51.3029807 ], [ 0.0414828, 51.3029273 ], [ 0.04148, 51.3028635 ], [ 0.0417631, 51.3025205 ], [ 0.0419464, 51.3022853 ], [ 0.0420509, 51.3021836 ], [ 0.0422761, 51.3019234 ], [ 0.0423846, 51.3017191 ], [ 0.0424096, 51.301636 ], [ 0.0425418, 51.3014142 ], [ 0.042686, 51.3011734 ], [ 0.0427753, 51.3009857 ], [ 0.0428461, 51.3007066 ], [ 0.0429629, 51.3001721 ], [ 0.0429793, 51.3000244 ], [ 0.0430298, 51.2998355 ], [ 0.0430624, 51.299665 ], [ 0.0430619, 51.2995247 ], [ 0.0430654, 51.2990552 ], [ 0.043184, 51.2990127 ], [ 0.0433497, 51.2989648 ], [ 0.0435246, 51.298897 ], [ 0.0437534, 51.2987842 ], [ 0.0438825, 51.2987199 ], [ 0.0441438, 51.2986272 ], [ 0.0442709, 51.2985818 ], [ 0.0441615, 51.2984129 ], [ 0.0441382, 51.2984043 ], [ 0.044052, 51.2983689 ], [ 0.043949, 51.2982457 ], [ 0.0440414, 51.2981955 ], [ 0.0440582, 51.2981863 ], [ 0.0440113, 51.2981322 ], [ 0.0438137, 51.2979126 ], [ 0.0437893, 51.297815 ], [ 0.0436893, 51.2974058 ], [ 0.0436461, 51.297304 ], [ 0.0435257, 51.2970813 ], [ 0.0434816, 51.2970245 ], [ 0.0434186, 51.2968008 ], [ 0.0433917, 51.2967437 ], [ 0.0433028, 51.2966158 ], [ 0.0432855, 51.2965828 ], [ 0.0431691, 51.29619 ], [ 0.0431142, 51.2959554 ], [ 0.0430125, 51.2953106 ], [ 0.0429819, 51.2949451 ], [ 0.042964, 51.2948662 ], [ 0.0429289, 51.294785 ], [ 0.0428385, 51.2946544 ], [ 0.0427471, 51.2941146 ], [ 0.0427345, 51.2939602 ], [ 0.0427187, 51.2938633 ], [ 0.042674, 51.2936626 ], [ 0.0426449, 51.2935579 ], [ 0.0424417, 51.2929859 ], [ 0.0423739, 51.2926858 ], [ 0.042369, 51.2926742 ], [ 0.0424292, 51.2926723 ], [ 0.0425281, 51.2926706 ], [ 0.0425682, 51.2926699 ], [ 0.0426672, 51.2926699 ], [ 0.0427217, 51.2926708 ], [ 0.0427848, 51.2926706 ], [ 0.0428494, 51.2926713 ], [ 0.0429126, 51.2926728 ], [ 0.0429758, 51.2926762 ], [ 0.0430319, 51.2926789 ], [ 0.0430952, 51.292684 ], [ 0.0431572, 51.2926911 ], [ 0.0432206, 51.292698 ], [ 0.0432827, 51.2927069 ], [ 0.0433448, 51.2927166 ], [ 0.0434069, 51.2927263 ], [ 0.0434677, 51.2927378 ], [ 0.0435053, 51.2927443 ], [ 0.0435834, 51.2927601 ], [ 0.0436616, 51.2927767 ], [ 0.0437399, 51.2927951 ], [ 0.0438153, 51.2928145 ], [ 0.0438922, 51.2928347 ], [ 0.0439315, 51.2928466 ], [ 0.0440011, 51.2928643 ], [ 0.0440694, 51.2928829 ], [ 0.0441173, 51.2928964 ], [ 0.0441842, 51.2929177 ], [ 0.0447397, 51.2930879 ], [ 0.0450667, 51.2933124 ], [ 0.0452259, 51.2935704 ], [ 0.0453276, 51.2937944 ], [ 0.0454897, 51.2939246 ], [ 0.0457042, 51.2940054 ], [ 0.0459846, 51.2940221 ], [ 0.046006, 51.2940181 ], [ 0.0464976, 51.2939772 ], [ 0.0466646, 51.2939599 ], [ 0.0468332, 51.2939452 ], [ 0.0468461, 51.2939441 ], [ 0.0469019, 51.2939413 ], [ 0.0469576, 51.2939368 ], [ 0.0470119, 51.2939322 ], [ 0.0470148, 51.2939322 ], [ 0.0470705, 51.2939258 ], [ 0.0471246, 51.2939176 ], [ 0.0471787, 51.2939095 ], [ 0.0472329, 51.2939014 ], [ 0.0472742, 51.2938943 ], [ 0.047579, 51.2938476 ], [ 0.0475989, 51.2938437 ], [ 0.0478167, 51.2938048 ], [ 0.0478921, 51.2937918 ], [ 0.048073, 51.2937626 ], [ 0.0481714, 51.2937492 ], [ 0.0482441, 51.2937398 ], [ 0.0483169, 51.2937322 ], [ 0.0483912, 51.2937264 ], [ 0.0484642, 51.2937233 ], [ 0.0484685, 51.2937233 ], [ 0.0485101, 51.2937234 ], [ 0.0485504, 51.2937245 ], [ 0.0485906, 51.2937265 ], [ 0.0486309, 51.2937285 ], [ 0.0486712, 51.2937314 ], [ 0.0487114, 51.2937343 ], [ 0.0487186, 51.2937351 ], [ 0.0487792, 51.2937412 ], [ 0.0488383, 51.2937483 ], [ 0.0488961, 51.2937572 ], [ 0.0489553, 51.293766 ], [ 0.0490131, 51.2937758 ], [ 0.0490723, 51.2937855 ], [ 0.0491171, 51.2937929 ], [ 0.0494364, 51.2938448 ], [ 0.0495462, 51.2938618 ], [ 0.0498045, 51.2938977 ], [ 0.0499705, 51.2939209 ], [ 0.0503719, 51.2939804 ], [ 0.0504338, 51.2939856 ], [ 0.0504957, 51.29399 ], [ 0.0505589, 51.2939924 ], [ 0.0505818, 51.293992 ], [ 0.0506178, 51.2939932 ], [ 0.0506551, 51.2939935 ], [ 0.0506909, 51.2939937 ], [ 0.0507267, 51.2939922 ], [ 0.0507624, 51.293988 ], [ 0.0507951, 51.2939811 ], [ 0.0507993, 51.2939792 ], [ 0.050812, 51.2939754 ], [ 0.0508233, 51.2939707 ], [ 0.0508346, 51.293966 ], [ 0.0508444, 51.2939605 ], [ 0.0508556, 51.2939558 ], [ 0.0508654, 51.2939502 ], [ 0.0508766, 51.2939446 ], [ 0.0508892, 51.2939363 ], [ 0.050906, 51.293927 ], [ 0.0509198, 51.293916 ], [ 0.0509337, 51.2939049 ], [ 0.0509475, 51.2938939 ], [ 0.0509599, 51.293882 ], [ 0.0509723, 51.2938701 ], [ 0.0509847, 51.2938582 ], [ 0.0509956, 51.2938463 ], [ 0.051008, 51.2938344 ], [ 0.0510204, 51.2938225 ], [ 0.0510328, 51.2938115 ], [ 0.051226, 51.2936408 ], [ 0.0513863, 51.2935049 ], [ 0.0514114, 51.2934883 ], [ 0.0514394, 51.2934725 ], [ 0.051466, 51.2934577 ], [ 0.0514954, 51.2934427 ], [ 0.0515235, 51.2934288 ], [ 0.0515515, 51.2934139 ], [ 0.0515712, 51.2934045 ], [ 0.0516988, 51.2933385 ], [ 0.0518293, 51.293275 ], [ 0.0519614, 51.2932134 ], [ 0.0519965, 51.2931965 ], [ 0.0523786, 51.2930172 ], [ 0.0526178, 51.2929123 ], [ 0.0527135, 51.292871 ], [ 0.0529601, 51.2927723 ], [ 0.0532052, 51.2926726 ], [ 0.0532179, 51.292667 ], [ 0.0533811, 51.2925949 ], [ 0.0535412, 51.2925202 ], [ 0.0536395, 51.2924726 ], [ 0.0539287, 51.2923326 ], [ 0.0543625, 51.2920903 ], [ 0.0547314, 51.2921288 ], [ 0.0548933, 51.2921565 ], [ 0.0550045, 51.2921734 ], [ 0.0551158, 51.2921931 ], [ 0.0552272, 51.2922136 ], [ 0.05533, 51.2922352 ], [ 0.0554386, 51.2922593 ], [ 0.0555459, 51.2922844 ], [ 0.0556533, 51.2923122 ], [ 0.0557506, 51.2923384 ], [ 0.05592, 51.2923759 ], [ 0.0560228, 51.2923966 ], [ 0.0560905, 51.292274 ], [ 0.0561118, 51.2922385 ], [ 0.0561361, 51.292203 ], [ 0.0561604, 51.2921693 ], [ 0.0561875, 51.2921347 ], [ 0.0562162, 51.2921018 ], [ 0.0562448, 51.292068 ], [ 0.0562517, 51.2920616 ], [ 0.0562832, 51.2920296 ], [ 0.0563177, 51.2919975 ], [ 0.0563522, 51.2919672 ], [ 0.0563881, 51.2919369 ], [ 0.056424, 51.2919066 ], [ 0.056453, 51.2918818 ], [ 0.056616, 51.2917405 ], [ 0.0566696, 51.2916882 ], [ 0.0567218, 51.2916361 ], [ 0.0567696, 51.2915831 ], [ 0.0567791, 51.2915712 ], [ 0.0568118, 51.291532 ], [ 0.0568401, 51.291491 ], [ 0.0568683, 51.29145 ], [ 0.0568966, 51.2914091 ], [ 0.0569169, 51.2913817 ], [ 0.0569701, 51.2913205 ], [ 0.0570248, 51.2912602 ], [ 0.0570697, 51.2912064 ], [ 0.0571186, 51.2911444 ], [ 0.0571564, 51.2910916 ], [ 0.0571846, 51.2910479 ], [ 0.0572098, 51.2910025 ], [ 0.0572336, 51.290958 ], [ 0.0572604, 51.2909153 ], [ 0.0572993, 51.2908561 ], [ 0.0573412, 51.2907978 ], [ 0.0573507, 51.290786 ], [ 0.057374, 51.2907613 ], [ 0.0573987, 51.2907375 ], [ 0.0574249, 51.2907136 ], [ 0.0574482, 51.2906898 ], [ 0.0574605, 51.2906761 ], [ 0.0574865, 51.2906469 ], [ 0.0575095, 51.2906177 ], [ 0.0575311, 51.2905876 ], [ 0.0575311, 51.2905868 ], [ 0.0575405, 51.2905713 ], [ 0.0575484, 51.2905559 ], [ 0.0575548, 51.2905396 ], [ 0.0575613, 51.2905233 ], [ 0.0575663, 51.2905079 ], [ 0.0575699, 51.2904916 ], [ 0.0575734, 51.2904745 ], [ 0.0575758, 51.2904628 ], [ 0.0576206, 51.2903747 ], [ 0.0576615, 51.2902949 ], [ 0.0577252, 51.2901481 ], [ 0.057792, 51.2900066 ], [ 0.0578225, 51.2899512 ], [ 0.057853, 51.2898958 ], [ 0.0578865, 51.2898413 ], [ 0.0579272, 51.2897893 ], [ 0.0579737, 51.289739 ], [ 0.0579958, 51.2897197 ], [ 0.0580193, 51.2897013 ], [ 0.0580443, 51.2896829 ], [ 0.0580707, 51.2896645 ], [ 0.0580958, 51.2896469 ], [ 0.0581208, 51.2896294 ], [ 0.0581403, 51.2896156 ], [ 0.0583706, 51.2894434 ], [ 0.0584829, 51.2893551 ], [ 0.0586296, 51.2893642 ], [ 0.059295, 51.2894595 ], [ 0.0598819, 51.2895634 ], [ 0.0603081, 51.2895999 ], [ 0.0606645, 51.2896467 ], [ 0.0609926, 51.2896724 ], [ 0.0613795, 51.2897277 ], [ 0.0622081, 51.2898794 ], [ 0.0623833, 51.2899177 ], [ 0.0624481, 51.2899229 ], [ 0.0625445, 51.2899607 ], [ 0.0627843, 51.2899367 ], [ 0.0631297, 51.2898992 ], [ 0.0632256, 51.289893 ], [ 0.0633214, 51.2898886 ], [ 0.0634174, 51.2898851 ], [ 0.0635148, 51.2898834 ], [ 0.0636109, 51.2898817 ], [ 0.0636223, 51.2898815 ], [ 0.0637799, 51.2898778 ], [ 0.0639376, 51.2898759 ], [ 0.0640942, 51.2898813 ], [ 0.0641647, 51.2898872 ], [ 0.0642138, 51.2898936 ], [ 0.0642629, 51.2899017 ], [ 0.0643106, 51.2899098 ], [ 0.0643584, 51.2899198 ], [ 0.0644047, 51.2899307 ], [ 0.0644526, 51.2899424 ], [ 0.064499, 51.2899542 ], [ 0.0645455, 51.2899659 ], [ 0.0645919, 51.2899777 ], [ 0.0646383, 51.2899904 ], [ 0.0646862, 51.2900021 ], [ 0.0646978, 51.2900055 ], [ 0.0648574, 51.2900459 ], [ 0.0649968, 51.2900848 ], [ 0.0651653, 51.2901322 ], [ 0.0653311, 51.2901823 ], [ 0.0653937, 51.2902028 ], [ 0.0654711, 51.2902338 ], [ 0.0655457, 51.2902667 ], [ 0.0656245, 51.2902958 ], [ 0.0656652, 51.2903077 ], [ 0.0656927, 51.2903135 ], [ 0.0657216, 51.2903193 ], [ 0.0657505, 51.2903233 ], [ 0.0657793, 51.2903264 ], [ 0.0658081, 51.2903295 ], [ 0.0658384, 51.2903325 ], [ 0.0658974, 51.2903378 ], [ 0.0659262, 51.29034 ], [ 0.0659565, 51.290343 ], [ 0.0659738, 51.2903454 ], [ 0.0664121, 51.2903962 ], [ 0.0666497, 51.2904189 ], [ 0.0668211, 51.2904339 ], [ 0.0668355, 51.2904345 ], [ 0.0668484, 51.2904352 ], [ 0.0668613, 51.290435 ], [ 0.066867, 51.2904349 ], [ 0.0668799, 51.2904338 ], [ 0.0668942, 51.2904326 ], [ 0.066907, 51.2904306 ], [ 0.0669326, 51.2904265 ], [ 0.0669455, 51.2904254 ], [ 0.0669526, 51.2904244 ], [ 0.0669954, 51.29042 ], [ 0.0670384, 51.2904175 ], [ 0.0670799, 51.2904158 ], [ 0.0671229, 51.2904151 ], [ 0.0671658, 51.2904134 ], [ 0.0672016, 51.2904119 ], [ 0.0673721, 51.2904071 ], [ 0.067536, 51.2903844 ], [ 0.0675411, 51.29053 ], [ 0.0684178, 51.2906971 ], [ 0.0702752, 51.29105 ], [ 0.0704779, 51.2910285 ], [ 0.0706534, 51.2910083 ], [ 0.0707239, 51.2909801 ], [ 0.0708088, 51.2909875 ], [ 0.0707643, 51.2910504 ], [ 0.0709692, 51.2911097 ], [ 0.0711056, 51.2911442 ], [ 0.0712959, 51.2911984 ], [ 0.071558, 51.2912845 ], [ 0.0717469, 51.2913388 ], [ 0.0718222, 51.2913563 ], [ 0.0718975, 51.2913721 ], [ 0.0719727, 51.291386 ], [ 0.0720494, 51.2914 ], [ 0.072126, 51.2914121 ], [ 0.0722025, 51.2914242 ], [ 0.0722805, 51.2914363 ], [ 0.0723036, 51.2914404 ], [ 0.0724675, 51.2914789 ], [ 0.0726717, 51.2915229 ], [ 0.0728659, 51.2915357 ], [ 0.0730431, 51.2915532 ], [ 0.0732053, 51.2915872 ], [ 0.0732789, 51.2915976 ], [ 0.0733409, 51.2916064 ], [ 0.0737038, 51.2916369 ], [ 0.073907, 51.2916593 ], [ 0.0744802, 51.2916807 ], [ 0.0748947, 51.2917111 ], [ 0.0751471, 51.2917111 ], [ 0.0753411, 51.2917185 ], [ 0.0757794, 51.2917368 ], [ 0.07605, 51.2917589 ], [ 0.0762767, 51.2917603 ], [ 0.0763085, 51.2917328 ], [ 0.0763436, 51.2917483 ], [ 0.076419, 51.2917362 ], [ 0.0765882, 51.2917332 ], [ 0.0766885, 51.2917314 ], [ 0.0768397, 51.2917135 ], [ 0.0769512, 51.2917043 ], [ 0.0770069, 51.2916997 ], [ 0.0770112, 51.291795 ], [ 0.077289, 51.2917846 ], [ 0.0774163, 51.2917779 ], [ 0.0774862, 51.2917685 ], [ 0.0776458, 51.291745 ], [ 0.0781439, 51.2917542 ], [ 0.0781453, 51.2917541 ], [ 0.0782558, 51.2917873 ], [ 0.0783605, 51.2917863 ], [ 0.0784622, 51.2917836 ], [ 0.0785682, 51.2917799 ], [ 0.0788353, 51.2917248 ], [ 0.0789025, 51.2917191 ], [ 0.0792538, 51.2916859 ], [ 0.0793971, 51.2916834 ], [ 0.0796434, 51.2916745 ], [ 0.0796651, 51.2916471 ], [ 0.079733, 51.2916567 ], [ 0.0798586, 51.2916437 ], [ 0.0799386, 51.2916692 ], [ 0.0799918, 51.2916701 ], [ 0.0800808, 51.2916721 ], [ 0.0801684, 51.291675 ], [ 0.0802575, 51.2916798 ], [ 0.0803454, 51.2916872 ], [ 0.0804289, 51.2916956 ], [ 0.0804881, 51.2917035 ], [ 0.0805473, 51.2917124 ], [ 0.0807551, 51.2917411 ], [ 0.081073, 51.2917921 ], [ 0.0812875, 51.2918422 ], [ 0.0814082, 51.2918787 ], [ 0.081499, 51.291825 ], [ 0.0815526, 51.2918366 ], [ 0.0815541, 51.2918375 ], [ 0.0815502, 51.2918456 ], [ 0.0815521, 51.2918564 ], [ 0.0815616, 51.291876 ], [ 0.0815679, 51.2918885 ], [ 0.0815873, 51.2919052 ], [ 0.0816066, 51.2919202 ], [ 0.0816259, 51.2919342 ], [ 0.0816466, 51.2919491 ], [ 0.0816688, 51.2919631 ], [ 0.0816924, 51.2919771 ], [ 0.0817159, 51.2919902 ], [ 0.0817394, 51.2920032 ], [ 0.0817658, 51.2920154 ], [ 0.0817907, 51.2920275 ], [ 0.081817, 51.2920378 ], [ 0.0818404, 51.2920464 ], [ 0.0818651, 51.2920541 ], [ 0.0818898, 51.2920608 ], [ 0.0819144, 51.2920667 ], [ 0.0819405, 51.2920725 ], [ 0.0819666, 51.2920774 ], [ 0.0819926, 51.2920824 ], [ 0.0820446, 51.2920913 ], [ 0.0821779, 51.2921196 ], [ 0.0823988, 51.2921525 ], [ 0.0828658, 51.2922341 ], [ 0.0832555, 51.2922569 ], [ 0.0834053, 51.2923657 ], [ 0.0838864, 51.2926647 ], [ 0.0849463, 51.2928842 ], [ 0.0852509, 51.2929282 ], [ 0.0854276, 51.292997 ], [ 0.085566, 51.293044 ], [ 0.0856654, 51.2930854 ], [ 0.0857515, 51.2931486 ], [ 0.085848, 51.2932206 ], [ 0.085959, 51.2932663 ], [ 0.0860891, 51.2933836 ], [ 0.0862046, 51.2934625 ], [ 0.0862982, 51.2935031 ], [ 0.0863857, 51.2935654 ], [ 0.086467, 51.2936494 ], [ 0.0868904, 51.2939413 ], [ 0.0869705, 51.2940298 ], [ 0.0870648, 51.2944346 ], [ 0.087067, 51.2944822 ], [ 0.0872916, 51.2946266 ], [ 0.0876131, 51.2948844 ], [ 0.0892341, 51.2960875 ], [ 0.0893724, 51.2961642 ], [ 0.0894881, 51.296217 ], [ 0.0895406, 51.2962367 ], [ 0.0896282, 51.2962702 ], [ 0.0897869, 51.2963204 ], [ 0.0906441, 51.2965614 ], [ 0.0907038, 51.2965811 ], [ 0.0908206, 51.2966257 ], [ 0.0909291, 51.2966778 ], [ 0.0910692, 51.2967616 ], [ 0.0911569, 51.2968284 ], [ 0.0898758, 51.2975203 ], [ 0.0894569, 51.2977409 ], [ 0.0894095, 51.2977715 ], [ 0.0893233, 51.2978306 ], [ 0.0891736, 51.2979465 ], [ 0.0886053, 51.2984783 ], [ 0.0878281, 51.2991181 ], [ 0.0875531, 51.2993172 ], [ 0.0873845, 51.2994254 ], [ 0.0871629, 51.2995697 ], [ 0.0869476, 51.2997246 ], [ 0.0866424, 51.2999549 ], [ 0.0863482, 51.3001409 ], [ 0.0863109, 51.300173 ], [ 0.0862481, 51.3002434 ], [ 0.0861843, 51.3003551 ], [ 0.0860815, 51.3007778 ], [ 0.0860319, 51.3011079 ], [ 0.0860386, 51.3013182 ], [ 0.0860079, 51.3014635 ], [ 0.0859854, 51.3015682 ], [ 0.0858794, 51.3017302 ], [ 0.0854045, 51.3025202 ], [ 0.0851148, 51.3029336 ], [ 0.0849045, 51.3031685 ], [ 0.0846338, 51.3034961 ], [ 0.0844706, 51.3036924 ], [ 0.084035, 51.3041165 ], [ 0.0833425, 51.3047925 ], [ 0.0831613, 51.3050035 ], [ 0.0827881, 51.3056343 ], [ 0.0828536, 51.3056556 ], [ 0.0831346, 51.3057126 ], [ 0.0835082, 51.3057887 ], [ 0.0842748, 51.3059576 ], [ 0.0848498, 51.3060454 ], [ 0.0846707, 51.3068103 ], [ 0.084641, 51.3071049 ], [ 0.0846041, 51.3071766 ], [ 0.0844039, 51.3074455 ], [ 0.0842277, 51.3078308 ], [ 0.0841942, 51.3078836 ], [ 0.0840582, 51.3080497 ], [ 0.0840575, 51.3080659 ], [ 0.0840611, 51.3080802 ], [ 0.084647, 51.3082514 ], [ 0.0847066, 51.3082998 ], [ 0.0847202, 51.3083464 ], [ 0.0847127, 51.3083708 ], [ 0.0846832, 51.3084154 ], [ 0.0846391, 51.3084557 ], [ 0.0845609, 51.308503 ], [ 0.0845168, 51.3085442 ], [ 0.0844457, 51.3086201 ], [ 0.0843944, 51.308693 ], [ 0.0843181, 51.3088454 ], [ 0.084251, 51.3090427 ], [ 0.0841241, 51.3095351 ], [ 0.0840694, 51.3096251 ], [ 0.0839909, 51.3096975 ], [ 0.0839775, 51.3097184 ], [ 0.0839164, 51.3098598 ], [ 0.0838793, 51.3099279 ], [ 0.083868, 51.3099956 ], [ 0.0838748, 51.3100494 ], [ 0.0837308, 51.3104189 ], [ 0.0835435, 51.3105283 ], [ 0.0835656, 51.3106682 ], [ 0.0835819, 51.3107102 ], [ 0.0840903, 51.3110051 ], [ 0.0841076, 51.3110714 ], [ 0.0841352, 51.3111087 ], [ 0.0843757, 51.3116682 ], [ 0.0844237, 51.3117456 ], [ 0.0844936, 51.3118316 ], [ 0.0845747, 51.3119102 ], [ 0.0846195, 51.311949 ], [ 0.0848061, 51.3120778 ], [ 0.0848964, 51.3121707 ], [ 0.0849209, 51.3122044 ], [ 0.0849623, 51.312388 ], [ 0.0850421, 51.3125988 ], [ 0.0850497, 51.3126716 ], [ 0.0850436, 51.3127256 ], [ 0.085017, 51.3128052 ], [ 0.0849874, 51.3130693 ], [ 0.0850093, 51.3132038 ], [ 0.0850606, 51.3133863 ], [ 0.0852451, 51.3138165 ], [ 0.0855255, 51.3147144 ], [ 0.0855423, 51.3147375 ], [ 0.0855676, 51.3147577 ], [ 0.0856134, 51.3147848 ], [ 0.0854735, 51.3149914 ], [ 0.0854221, 51.3150921 ], [ 0.0852631, 51.3153522 ], [ 0.0851151, 51.3155374 ], [ 0.0850992, 51.3155655 ], [ 0.0850666, 51.315639 ], [ 0.0850126, 51.3158081 ], [ 0.0850008, 51.3160232 ], [ 0.0853581, 51.3162129 ], [ 0.0859213, 51.3165752 ], [ 0.086262, 51.3168101 ], [ 0.0867932, 51.3171928 ], [ 0.0871303, 51.3175393 ], [ 0.0872286, 51.3176482 ], [ 0.0874151, 51.3178688 ], [ 0.0877567, 51.3183123 ], [ 0.0882085, 51.3184967 ], [ 0.0883942, 51.3185411 ], [ 0.0886705, 51.3186207 ], [ 0.0890637, 51.3186829 ], [ 0.0892989, 51.3187417 ], [ 0.0894153, 51.3187773 ], [ 0.0895889, 51.3188399 ], [ 0.0898397, 51.3189568 ], [ 0.0901472, 51.3190602 ], [ 0.0905411, 51.3192015 ], [ 0.0908744, 51.3193035 ], [ 0.0909849, 51.3193348 ], [ 0.0914803, 51.3194347 ], [ 0.0916793, 51.3195202 ], [ 0.0921617, 51.3196825 ], [ 0.0927489, 51.3198114 ], [ 0.0928569, 51.3198517 ], [ 0.0929159, 51.3198866 ], [ 0.0933233, 51.3200718 ], [ 0.093468, 51.3201295 ], [ 0.0937972, 51.3202351 ], [ 0.0940637, 51.3203212 ], [ 0.0944488, 51.3204878 ], [ 0.0956545, 51.3210895 ], [ 0.0961517, 51.3212928 ], [ 0.0964957, 51.3215331 ], [ 0.097157, 51.3219043 ], [ 0.0976909, 51.3222806 ], [ 0.0984792, 51.3228861 ], [ 0.0990107, 51.3232102 ], [ 0.0993502, 51.3234154 ], [ 0.0995037, 51.323508 ], [ 0.0995766, 51.3235652 ], [ 0.1001481, 51.324072 ], [ 0.1002666, 51.3242165 ], [ 0.100308, 51.3242751 ], [ 0.1003842, 51.3244023 ], [ 0.1004496, 51.324545 ], [ 0.1005028, 51.324705 ], [ 0.1007517, 51.3252519 ], [ 0.1007734, 51.3253189 ], [ 0.1007852, 51.3253879 ], [ 0.1007844, 51.3254653 ], [ 0.1007641, 51.3255853 ], [ 0.101158, 51.3256933 ], [ 0.1018947, 51.3258276 ], [ 0.101978, 51.3259547 ], [ 0.1021186, 51.3259836 ], [ 0.1025237, 51.3259899 ], [ 0.1030236, 51.3259674 ], [ 0.1031172, 51.3259756 ], [ 0.1032129, 51.3259955 ], [ 0.103552, 51.3262538 ], [ 0.1038853, 51.3264807 ], [ 0.1039696, 51.3265349 ], [ 0.104081, 51.3266166 ], [ 0.1041914, 51.3267072 ], [ 0.1042876, 51.3268035 ], [ 0.1043618, 51.3268876 ], [ 0.1046866, 51.3272712 ], [ 0.1047429, 51.3273412 ], [ 0.1048739, 51.3274126 ], [ 0.1050464, 51.3274491 ], [ 0.1051571, 51.3274534 ], [ 0.1058046, 51.3274246 ], [ 0.1062288, 51.3273792 ], [ 0.1065332, 51.327381 ], [ 0.1068167, 51.327428 ], [ 0.1069691, 51.3274649 ], [ 0.1072101, 51.3275235 ], [ 0.1073432, 51.3274518 ], [ 0.107956, 51.3272313 ], [ 0.1085687, 51.3270691 ], [ 0.109212, 51.3267932 ], [ 0.1097309, 51.326684 ], [ 0.1097994, 51.3271432 ], [ 0.1098986, 51.3273033 ], [ 0.1099891, 51.3275247 ], [ 0.110085, 51.3279555 ], [ 0.1101031, 51.3280065 ], [ 0.110126, 51.3280357 ], [ 0.1103644, 51.3280386 ], [ 0.1106441, 51.3280336 ], [ 0.1112583, 51.3278121 ], [ 0.1116285, 51.3277469 ], [ 0.1129992, 51.3275882 ], [ 0.1129893, 51.3275596 ], [ 0.1136362, 51.3274544 ], [ 0.1140066, 51.3273947 ], [ 0.1141833, 51.3273978 ], [ 0.1151532, 51.3288228 ], [ 0.1157158, 51.3295069 ], [ 0.1166143, 51.3300032 ], [ 0.1169728, 51.3297144 ], [ 0.1173353, 51.3294812 ], [ 0.1178762, 51.3296629 ], [ 0.1178646, 51.3296901 ], [ 0.1178244, 51.3297538 ], [ 0.1177789, 51.3300127 ], [ 0.1177645, 51.3301659 ], [ 0.1177602, 51.3301983 ], [ 0.1177581, 51.330246 ], [ 0.1177575, 51.3302955 ], [ 0.1177568, 51.3303432 ], [ 0.1177619, 51.3303908 ], [ 0.1177659, 51.3304159 ], [ 0.1177727, 51.3304373 ], [ 0.1177794, 51.3304597 ], [ 0.1177877, 51.330482 ], [ 0.1177958, 51.3305035 ], [ 0.1178068, 51.3305248 ], [ 0.1178085, 51.3305293 ], [ 0.117821, 51.3305525 ], [ 0.1178336, 51.3305756 ], [ 0.117849, 51.3305978 ], [ 0.1178643, 51.3306191 ], [ 0.1178644, 51.3306209 ], [ 0.1179154, 51.3306686 ], [ 0.1179678, 51.3307153 ], [ 0.118023, 51.330761 ], [ 0.1180796, 51.3308059 ], [ 0.1181243, 51.3308402 ], [ 0.1181852, 51.330884 ], [ 0.1182474, 51.3309261 ], [ 0.118311, 51.3309672 ], [ 0.1183746, 51.3310083 ], [ 0.1184057, 51.3310275 ], [ 0.1185386, 51.3311096 ], [ 0.1186729, 51.331189 ], [ 0.118757, 51.331237 ], [ 0.1189828, 51.3313714 ], [ 0.1194172, 51.3316387 ], [ 0.119692, 51.3318082 ], [ 0.1200849, 51.3320475 ], [ 0.1202182, 51.3321368 ], [ 0.1204835, 51.3324108 ], [ 0.12101, 51.332993 ], [ 0.1214689, 51.3335117 ], [ 0.121657, 51.333636 ], [ 0.1215824, 51.3337623 ], [ 0.1208854, 51.33415 ], [ 0.1202774, 51.334509 ], [ 0.1199837, 51.3347392 ], [ 0.1197755, 51.3352367 ], [ 0.1195531, 51.3354259 ], [ 0.1193632, 51.3360409 ], [ 0.1190862, 51.3366637 ], [ 0.118806, 51.3374386 ], [ 0.118272, 51.3384042 ], [ 0.1189869, 51.3386836 ], [ 0.1184437, 51.3399812 ], [ 0.1174973, 51.3398212 ], [ 0.1172557, 51.3397806 ], [ 0.116977, 51.3405563 ], [ 0.1166538, 51.3413023 ], [ 0.1166546, 51.3414749 ], [ 0.116915, 51.3422337 ], [ 0.1170427, 51.3426685 ], [ 0.1172048, 51.3431629 ], [ 0.1173935, 51.3431451 ], [ 0.1175593, 51.3431286 ], [ 0.1175636, 51.3432841 ], [ 0.11757, 51.3434845 ], [ 0.1176643, 51.3434747 ], [ 0.1180538, 51.3438553 ], [ 0.1184291, 51.3441471 ], [ 0.1185812, 51.3442073 ], [ 0.1191838, 51.3442584 ], [ 0.1198042, 51.3443218 ], [ 0.119898, 51.3443336 ], [ 0.1199427, 51.3442438 ], [ 0.1205905, 51.34434 ], [ 0.121283, 51.3444416 ], [ 0.1217631, 51.3445463 ], [ 0.1222119, 51.3446568 ], [ 0.1226427, 51.3448118 ], [ 0.1230238, 51.3449488 ], [ 0.1235218, 51.3451286 ], [ 0.1235057, 51.3453393 ], [ 0.1235689, 51.3453724 ], [ 0.1236743, 51.3454154 ], [ 0.1238247, 51.3454684 ], [ 0.1239818, 51.3455124 ], [ 0.1246432, 51.3457477 ], [ 0.1251052, 51.3458634 ], [ 0.1251858, 51.3458673 ], [ 0.1253166, 51.3458398 ], [ 0.1253321, 51.3458332 ], [ 0.1253491, 51.3458275 ], [ 0.1253661, 51.3458227 ], [ 0.1253831, 51.345817 ], [ 0.125393, 51.345815 ], [ 0.12541, 51.3458102 ], [ 0.1254286, 51.3458072 ], [ 0.125447, 51.3458032 ], [ 0.1254641, 51.3458002 ], [ 0.1254756, 51.3457991 ], [ 0.1255041, 51.345795 ], [ 0.1255312, 51.3457918 ], [ 0.1255613, 51.3457904 ], [ 0.12559, 51.3457889 ], [ 0.1256186, 51.3457875 ], [ 0.1256774, 51.3457856 ], [ 0.1257061, 51.345785 ], [ 0.1257348, 51.3457836 ], [ 0.1260625, 51.3457606 ], [ 0.1262847, 51.3457512 ], [ 0.1264753, 51.3457423 ], [ 0.1266943, 51.3457284 ], [ 0.1269132, 51.345711 ], [ 0.126939, 51.3457087 ], [ 0.1271091, 51.3456921 ], [ 0.1272633, 51.345674 ], [ 0.1272464, 51.3456186 ], [ 0.1276556, 51.3456174 ], [ 0.1288784, 51.3455098 ], [ 0.1294383, 51.3454456 ], [ 0.1294392, 51.3454645 ], [ 0.1297337, 51.3454358 ], [ 0.1304253, 51.345362 ], [ 0.1311191, 51.3452748 ], [ 0.1311138, 51.3452524 ], [ 0.1314366, 51.345215 ], [ 0.1316423, 51.3451933 ], [ 0.1317502, 51.3455061 ], [ 0.1321511, 51.3454197 ], [ 0.1324243, 51.3453652 ], [ 0.1333152, 51.3451925 ], [ 0.1333935, 51.3451785 ], [ 0.1336369, 51.3451309 ], [ 0.1338772, 51.3450798 ], [ 0.1339355, 51.345067 ], [ 0.1340918, 51.3450327 ], [ 0.1342466, 51.3449957 ], [ 0.1343999, 51.3449569 ], [ 0.134502, 51.3449299 ], [ 0.1346537, 51.3448867 ], [ 0.1347344, 51.3448618 ], [ 0.1348024, 51.3448417 ], [ 0.1352922, 51.3446916 ], [ 0.1353107, 51.3446876 ], [ 0.1355278, 51.3446306 ], [ 0.1357432, 51.34457 ], [ 0.1359557, 51.3445068 ], [ 0.1359614, 51.3445058 ], [ 0.1362443, 51.3444152 ], [ 0.1365242, 51.3443202 ], [ 0.1366556, 51.3442737 ], [ 0.136931, 51.3441742 ], [ 0.1369903, 51.3442757 ], [ 0.1370394, 51.3444061 ], [ 0.137052, 51.3444292 ], [ 0.1370617, 51.3444524 ], [ 0.1370714, 51.3444756 ], [ 0.1370797, 51.3444998 ], [ 0.137088, 51.344523 ], [ 0.1370934, 51.3445472 ], [ 0.1370954, 51.3445597 ], [ 0.1370991, 51.3445768 ], [ 0.1370994, 51.344584 ], [ 0.1371034, 51.3446082 ], [ 0.1371059, 51.3446315 ], [ 0.1371071, 51.3446558 ], [ 0.1371067, 51.34468 ], [ 0.137105, 51.3447044 ], [ 0.1371018, 51.3447287 ], [ 0.1370972, 51.3447531 ], [ 0.1370911, 51.3447766 ], [ 0.1370885, 51.3447811 ], [ 0.1370822, 51.344801 ], [ 0.1370731, 51.344821 ], [ 0.1370625, 51.34484 ], [ 0.1370519, 51.3448591 ], [ 0.1370399, 51.3448782 ], [ 0.1370264, 51.3448973 ], [ 0.1370129, 51.3449156 ], [ 0.1369994, 51.3449347 ], [ 0.1369845, 51.344953 ], [ 0.1369546, 51.3449895 ], [ 0.1369452, 51.3450031 ], [ 0.1369126, 51.3450433 ], [ 0.1368785, 51.3450835 ], [ 0.136843, 51.3451228 ], [ 0.1368061, 51.3451622 ], [ 0.1367662, 51.3451998 ], [ 0.1367248, 51.3452365 ], [ 0.1366957, 51.3452595 ], [ 0.1366638, 51.3452835 ], [ 0.1366304, 51.3453066 ], [ 0.1365956, 51.3453288 ], [ 0.1365607, 51.345351 ], [ 0.1365244, 51.3453723 ], [ 0.1364865, 51.3453928 ], [ 0.1364697, 51.3454021 ], [ 0.1363655, 51.345476 ], [ 0.1363613, 51.3454796 ], [ 0.1362526, 51.34555 ], [ 0.1362361, 51.3455647 ], [ 0.1362265, 51.3455747 ], [ 0.1362184, 51.3455857 ], [ 0.1362103, 51.3455966 ], [ 0.1362036, 51.3456075 ], [ 0.1361969, 51.3456184 ], [ 0.1361903, 51.3456302 ], [ 0.1361851, 51.345642 ], [ 0.1361813, 51.3456529 ], [ 0.1361761, 51.3456647 ], [ 0.1361723, 51.3456764 ], [ 0.1361686, 51.3456882 ], [ 0.1361648, 51.3457009 ], [ 0.13616, 51.3457198 ], [ 0.1361551, 51.3457388 ], [ 0.1361531, 51.3457568 ], [ 0.1361497, 51.3457758 ], [ 0.1361491, 51.3457947 ], [ 0.1361485, 51.3458136 ], [ 0.1361494, 51.3458324 ], [ 0.1361517, 51.3458513 ], [ 0.136154, 51.3458701 ], [ 0.1361592, 51.3458889 ], [ 0.136163, 51.3459077 ], [ 0.1361695, 51.3459256 ], [ 0.1361729, 51.3459363 ], [ 0.1365193, 51.345912 ], [ 0.1365268, 51.3459191 ], [ 0.1365328, 51.3459253 ], [ 0.1365403, 51.3459314 ], [ 0.1365492, 51.3459376 ], [ 0.1365567, 51.3459437 ], [ 0.1365655, 51.345949 ], [ 0.1365758, 51.3459542 ], [ 0.1365817, 51.3459576 ], [ 0.136592, 51.3459629 ], [ 0.1366023, 51.3459672 ], [ 0.1366125, 51.3459715 ], [ 0.1366242, 51.3459749 ], [ 0.1366344, 51.3459783 ], [ 0.136646, 51.3459817 ], [ 0.1366577, 51.345985 ], [ 0.1366693, 51.3459875 ], [ 0.1366823, 51.34599 ], [ 0.1366939, 51.3459916 ], [ 0.1367069, 51.3459931 ], [ 0.1367199, 51.3459947 ], [ 0.1367328, 51.3459954 ], [ 0.1367457, 51.3459951 ], [ 0.1367587, 51.3459949 ], [ 0.1367716, 51.3459947 ], [ 0.1367844, 51.3459935 ], [ 0.1367973, 51.3459924 ], [ 0.1368101, 51.3459904 ], [ 0.136823, 51.3459892 ], [ 0.1368344, 51.3459872 ], [ 0.1368472, 51.3459852 ], [ 0.1368601, 51.3459831 ], [ 0.13687, 51.3459812 ], [ 0.1368899, 51.3459772 ], [ 0.1369084, 51.3459733 ], [ 0.1369269, 51.3459684 ], [ 0.1369453, 51.3459627 ], [ 0.1369637, 51.345957 ], [ 0.1369806, 51.3459504 ], [ 0.136999, 51.3459437 ], [ 0.1370159, 51.3459371 ], [ 0.1370328, 51.3459305 ], [ 0.1370596, 51.3459202 ], [ 0.137092, 51.345907 ], [ 0.137123, 51.3458929 ], [ 0.1371539, 51.3458789 ], [ 0.1371694, 51.3458714 ], [ 0.1374712, 51.3460619 ], [ 0.137463, 51.3460711 ], [ 0.1374548, 51.3460802 ], [ 0.1374466, 51.3460894 ], [ 0.1374399, 51.3460994 ], [ 0.1374332, 51.3461094 ], [ 0.1374279, 51.3461194 ], [ 0.1374226, 51.3461294 ], [ 0.1374188, 51.3461393 ], [ 0.1374175, 51.346142 ], [ 0.137415, 51.346152 ], [ 0.1374112, 51.3461628 ], [ 0.1374103, 51.3461728 ], [ 0.1374093, 51.3461836 ], [ 0.1374084, 51.3461944 ], [ 0.1374089, 51.3462052 ], [ 0.1374108, 51.3462159 ], [ 0.1374127, 51.3462258 ], [ 0.1374147, 51.3462365 ], [ 0.137418, 51.3462473 ], [ 0.1374214, 51.3462571 ], [ 0.1374247, 51.3462678 ], [ 0.1374295, 51.3462785 ], [ 0.1374343, 51.3462883 ], [ 0.1374377, 51.3462991 ], [ 0.1374392, 51.3463017 ], [ 0.137447, 51.3463142 ], [ 0.1374548, 51.3463266 ], [ 0.137464, 51.346339 ], [ 0.1374746, 51.3463514 ], [ 0.1374852, 51.3463629 ], [ 0.1374972, 51.3463744 ], [ 0.1375092, 51.3463859 ], [ 0.1375212, 51.3463965 ], [ 0.1375347, 51.3464079 ], [ 0.1375495, 51.3464184 ], [ 0.1375629, 51.346429 ], [ 0.1375778, 51.3464395 ], [ 0.1375912, 51.34645 ], [ 0.1376224, 51.3464728 ], [ 0.1376505, 51.3464912 ], [ 0.1376772, 51.3465096 ], [ 0.1377068, 51.346528 ], [ 0.1377364, 51.3465454 ], [ 0.1377658, 51.346562 ], [ 0.1377967, 51.3465776 ], [ 0.1378305, 51.3465932 ], [ 0.1378408, 51.3465984 ], [ 0.1378686, 51.3466095 ], [ 0.1378978, 51.3466198 ], [ 0.137927, 51.3466301 ], [ 0.1379561, 51.3466394 ], [ 0.1379853, 51.3466488 ], [ 0.1380158, 51.3466572 ], [ 0.1380463, 51.3466648 ], [ 0.138058, 51.3466681 ], [ 0.1380885, 51.3466748 ], [ 0.1381189, 51.3466805 ], [ 0.1381507, 51.3466862 ], [ 0.1381826, 51.346691 ], [ 0.1381912, 51.3466918 ], [ 0.1382411, 51.3470848 ], [ 0.1382685, 51.3470879 ], [ 0.1382959, 51.3470901 ], [ 0.1383233, 51.3470914 ], [ 0.1383506, 51.3470918 ], [ 0.1383592, 51.3470916 ], [ 0.1383865, 51.347092 ], [ 0.1384137, 51.3470906 ], [ 0.1384409, 51.3470883 ], [ 0.1384495, 51.3470882 ], [ 0.1384681, 51.3470869 ], [ 0.1384952, 51.3470837 ], [ 0.1385224, 51.3470814 ], [ 0.1385496, 51.3470791 ], [ 0.1388315, 51.3470587 ], [ 0.1389087, 51.347051 ], [ 0.1390087, 51.3470393 ], [ 0.1391086, 51.3470258 ], [ 0.1392113, 51.3470113 ], [ 0.1394139, 51.3469824 ], [ 0.139466, 51.3472998 ], [ 0.1386197, 51.3474133 ], [ 0.1386866, 51.3475245 ], [ 0.1392285, 51.3481504 ], [ 0.1395056, 51.3485195 ], [ 0.1396521, 51.3486742 ], [ 0.13973, 51.3487447 ], [ 0.1398314, 51.3488238 ], [ 0.1399383, 51.3488992 ], [ 0.1401172, 51.3490092 ], [ 0.1402946, 51.3491184 ], [ 0.1403962, 51.3491714 ], [ 0.1404987, 51.3492154 ], [ 0.1406082, 51.3492529 ], [ 0.1407929, 51.3493026 ], [ 0.1410043, 51.3494327 ], [ 0.141077, 51.3494818 ], [ 0.1412532, 51.3495334 ], [ 0.1412603, 51.3497788 ], [ 0.1409572, 51.3501459 ], [ 0.1425843, 51.3507312 ], [ 0.1425931, 51.3507347 ], [ 0.1425934, 51.3507419 ], [ 0.1425945, 51.3507643 ], [ 0.1425984, 51.3507867 ], [ 0.1426023, 51.3508091 ], [ 0.1426062, 51.3508315 ], [ 0.142613, 51.3508539 ], [ 0.1426198, 51.3508763 ], [ 0.1426214, 51.3508798 ], [ 0.1426279, 51.3508959 ], [ 0.1426344, 51.350912 ], [ 0.1426409, 51.3509289 ], [ 0.1426489, 51.350945 ], [ 0.1426582, 51.3509601 ], [ 0.1426675, 51.3509761 ], [ 0.1426798, 51.3509921 ], [ 0.1426905, 51.3510072 ], [ 0.1427041, 51.3510213 ], [ 0.1427135, 51.3510373 ], [ 0.1427575, 51.3510887 ], [ 0.1427461, 51.3513047 ], [ 0.1426837, 51.3515676 ], [ 0.1426839, 51.3516971 ], [ 0.1426929, 51.3518273 ], [ 0.1427574, 51.3521022 ], [ 0.1427642, 51.3523386 ], [ 0.1427853, 51.3524848 ], [ 0.1428042, 51.352551 ], [ 0.1428495, 51.352659 ], [ 0.1429188, 51.3527899 ], [ 0.1429778, 51.3528842 ], [ 0.1430984, 51.3530384 ], [ 0.1431133, 51.353049 ], [ 0.1436044, 51.3530175 ], [ 0.1437396, 51.3532983 ], [ 0.1437102, 51.3533762 ], [ 0.1437073, 51.3534059 ], [ 0.1437058, 51.3534347 ], [ 0.1437057, 51.3534635 ], [ 0.1437071, 51.3534931 ], [ 0.1437071, 51.353494 ], [ 0.1437099, 51.3535228 ], [ 0.1437141, 51.3535515 ], [ 0.1437198, 51.353581 ], [ 0.1437254, 51.3536097 ], [ 0.1437339, 51.3536383 ], [ 0.1437439, 51.3536669 ], [ 0.1438265, 51.3540215 ], [ 0.1439671, 51.3546647 ], [ 0.1439845, 51.3547291 ], [ 0.1440194, 51.3548616 ], [ 0.1440252, 51.3548615 ], [ 0.1440482, 51.3548637 ], [ 0.1440713, 51.354866 ], [ 0.144093, 51.3548683 ], [ 0.1441161, 51.3548715 ], [ 0.1441378, 51.3548756 ], [ 0.1441611, 51.3548806 ], [ 0.1441755, 51.354883 ], [ 0.1441974, 51.3548889 ], [ 0.1442177, 51.3548939 ], [ 0.1442396, 51.3549007 ], [ 0.14426, 51.3549075 ], [ 0.1448401, 51.3555201 ], [ 0.1450871, 51.3557638 ], [ 0.1452534, 51.3561888 ], [ 0.145627, 51.3572054 ], [ 0.1458685, 51.3582244 ], [ 0.1453479, 51.3583346 ], [ 0.1448212, 51.3584351 ], [ 0.1448418, 51.3585085 ], [ 0.1448472, 51.3585318 ], [ 0.1448574, 51.3585649 ], [ 0.144869, 51.3585979 ], [ 0.1448772, 51.3586202 ], [ 0.1448917, 51.3586533 ], [ 0.1449322, 51.3587209 ], [ 0.1450256, 51.3589368 ], [ 0.1450288, 51.3589439 ], [ 0.1450358, 51.3589699 ], [ 0.1450427, 51.3589958 ], [ 0.1450469, 51.3590227 ], [ 0.1450489, 51.3590362 ], [ 0.1450528, 51.3590577 ], [ 0.1450538, 51.3590784 ], [ 0.1450548, 51.3590999 ], [ 0.1450543, 51.3591215 ], [ 0.1450525, 51.3591431 ], [ 0.1450495, 51.3591711 ], [ 0.1450436, 51.359199 ], [ 0.1450412, 51.359209 ], [ 0.1450375, 51.3592216 ], [ 0.1450324, 51.3592352 ], [ 0.1450221, 51.3592606 ], [ 0.1450169, 51.3592733 ], [ 0.1450132, 51.3592868 ], [ 0.1450109, 51.3592995 ], [ 0.1450087, 51.359313 ], [ 0.1450116, 51.3593435 ], [ 0.1450178, 51.3593848 ], [ 0.1450196, 51.3593919 ], [ 0.1450188, 51.3594054 ], [ 0.1450194, 51.3594198 ], [ 0.1450186, 51.3594333 ], [ 0.1450193, 51.3594477 ], [ 0.1450214, 51.3594621 ], [ 0.1450664, 51.3595637 ], [ 0.1450776, 51.3595887 ], [ 0.1451084, 51.3596628 ], [ 0.1451377, 51.3597369 ], [ 0.1451684, 51.359811 ], [ 0.1452035, 51.3598841 ], [ 0.1452366, 51.3599473 ], [ 0.1452773, 51.3600194 ], [ 0.1453223, 51.3600915 ], [ 0.145344, 51.3601864 ], [ 0.1453625, 51.3603371 ], [ 0.1453424, 51.3603375 ], [ 0.1453223, 51.3603379 ], [ 0.1453037, 51.3603391 ], [ 0.1452851, 51.3603412 ], [ 0.1452651, 51.3603434 ], [ 0.1452466, 51.3603464 ], [ 0.1452281, 51.3603495 ], [ 0.1452096, 51.3603534 ], [ 0.1451925, 51.3603573 ], [ 0.1451741, 51.3603622 ], [ 0.1451316, 51.3603755 ], [ 0.1450739, 51.3604018 ], [ 0.1450164, 51.3604298 ], [ 0.1449489, 51.3604625 ], [ 0.1448396, 51.3605203 ], [ 0.1447332, 51.3605807 ], [ 0.1447248, 51.3605853 ], [ 0.1447094, 51.3605937 ], [ 0.1446954, 51.3606011 ], [ 0.14468, 51.3606086 ], [ 0.1446476, 51.3606236 ], [ 0.1446336, 51.3606311 ], [ 0.1446182, 51.3606394 ], [ 0.1446027, 51.3606469 ], [ 0.1445888, 51.3606553 ], [ 0.1445748, 51.3606636 ], [ 0.1445608, 51.360672 ], [ 0.1445483, 51.3606812 ], [ 0.1445358, 51.3606904 ], [ 0.1445248, 51.3607005 ], [ 0.1445152, 51.3607106 ], [ 0.1445084, 51.3607188 ], [ 0.1445003, 51.3607288 ], [ 0.1444922, 51.3607398 ], [ 0.1444855, 51.3607507 ], [ 0.1444842, 51.3607543 ], [ 0.1444803, 51.3607616 ], [ 0.1444763, 51.3607688 ], [ 0.1444723, 51.3607761 ], [ 0.1444712, 51.3607824 ], [ 0.1444658, 51.3608212 ], [ 0.1444639, 51.3608428 ], [ 0.1444608, 51.3608977 ], [ 0.1444618, 51.3609517 ], [ 0.1444673, 51.3610064 ], [ 0.1444741, 51.3610611 ], [ 0.1444838, 51.3611149 ], [ 0.1444936, 51.3611696 ], [ 0.1445076, 51.3612242 ], [ 0.1445265, 51.3612895 ], [ 0.1445481, 51.3613539 ], [ 0.1445741, 51.3614181 ], [ 0.1446015, 51.3614815 ], [ 0.1446318, 51.3615448 ], [ 0.1446648, 51.3616071 ], [ 0.1446931, 51.3616579 ], [ 0.1447336, 51.3617264 ], [ 0.1447784, 51.3617939 ], [ 0.1448246, 51.3618605 ], [ 0.1448752, 51.361927 ], [ 0.1449271, 51.3619926 ], [ 0.1449453, 51.3620139 ], [ 0.1449983, 51.3620723 ], [ 0.1450556, 51.3621297 ], [ 0.1451128, 51.3621871 ], [ 0.1451687, 51.3622445 ], [ 0.1452203, 51.3623038 ], [ 0.1452324, 51.362318 ], [ 0.1452783, 51.3623783 ], [ 0.1453229, 51.3624404 ], [ 0.1453646, 51.3625026 ], [ 0.1452339, 51.3626561 ], [ 0.1450217, 51.3628506 ], [ 0.1451905, 51.3630184 ], [ 0.145198, 51.3630255 ], [ 0.1457709, 51.3636049 ], [ 0.1465301, 51.3643869 ], [ 0.1473229, 51.365242 ], [ 0.1478859, 51.3658837 ], [ 0.148321, 51.3663712 ], [ 0.1477685, 51.3666907 ], [ 0.1472676, 51.3669472 ], [ 0.14722, 51.3669741 ], [ 0.1472535, 51.367014 ], [ 0.1473325, 51.3671061 ], [ 0.1486185, 51.367909 ], [ 0.1488498, 51.3681232 ], [ 0.1489377, 51.3684966 ], [ 0.1490476, 51.3686952 ], [ 0.1494114, 51.3691624 ], [ 0.1494922, 51.3691088 ], [ 0.1502154, 51.3687205 ], [ 0.1506924, 51.3684752 ], [ 0.1509237, 51.3683532 ], [ 0.1509491, 51.3683428 ], [ 0.150973, 51.3683316 ], [ 0.1509984, 51.3683221 ], [ 0.1510252, 51.3683126 ], [ 0.1510521, 51.3683032 ], [ 0.1510634, 51.3682993 ], [ 0.1510903, 51.3682908 ], [ 0.1511172, 51.3682822 ], [ 0.1511456, 51.3682745 ], [ 0.1511725, 51.3682668 ], [ 0.1512009, 51.3682599 ], [ 0.1512294, 51.368254 ], [ 0.1512579, 51.368249 ], [ 0.1512879, 51.3682467 ], [ 0.1513166, 51.3682452 ], [ 0.1513396, 51.3682457 ], [ 0.1513569, 51.3682463 ], [ 0.1513728, 51.3682478 ], [ 0.1513886, 51.3682493 ], [ 0.1514046, 51.3682517 ], [ 0.1514205, 51.3682541 ], [ 0.151435, 51.3682574 ], [ 0.1514496, 51.3682617 ], [ 0.1514583, 51.3682642 ], [ 0.1514685, 51.3682676 ], [ 0.1514773, 51.368272 ], [ 0.1514862, 51.3682763 ], [ 0.151495, 51.3682806 ], [ 0.1515024, 51.3682859 ], [ 0.1515113, 51.3682911 ], [ 0.1515187, 51.3682964 ], [ 0.1515247, 51.3683017 ], [ 0.1515322, 51.3683078 ], [ 0.1515382, 51.3683131 ], [ 0.1515442, 51.3683193 ], [ 0.1515517, 51.3683255 ], [ 0.1515592, 51.3683325 ], [ 0.1515668, 51.3683414 ], [ 0.1515744, 51.3683502 ], [ 0.1515806, 51.36836 ], [ 0.1515868, 51.3683689 ], [ 0.151593, 51.3683787 ], [ 0.1515977, 51.3683885 ], [ 0.1516025, 51.3683983 ], [ 0.1516058, 51.3684081 ], [ 0.1516092, 51.3684179 ], [ 0.1516111, 51.3684278 ], [ 0.151613, 51.3684376 ], [ 0.1516135, 51.3684484 ], [ 0.1516135, 51.3684493 ], [ 0.1518059, 51.3689683 ], [ 0.152031, 51.3696935 ], [ 0.1508446, 51.369977 ], [ 0.1501002, 51.370157 ], [ 0.1511795, 51.3721867 ], [ 0.1509589, 51.3722609 ], [ 0.1508154, 51.372358 ], [ 0.1507502, 51.3725921 ], [ 0.1507699, 51.3727977 ], [ 0.1508073, 51.3729202 ], [ 0.1495739, 51.3735822 ], [ 0.149754, 51.3738082 ], [ 0.1498589, 51.373899 ], [ 0.1506488, 51.3744429 ], [ 0.1507716, 51.374581 ], [ 0.1510727, 51.3749046 ], [ 0.1513031, 51.3750973 ], [ 0.1515594, 51.3753246 ], [ 0.1517098, 51.3754361 ], [ 0.1519262, 51.3753628 ], [ 0.1525105, 51.3752298 ], [ 0.1525715, 51.3753959 ], [ 0.1526024, 51.3756562 ], [ 0.1526045, 51.3758234 ], [ 0.1525628, 51.3760382 ], [ 0.1525485, 51.3763137 ], [ 0.1526114, 51.3765841 ], [ 0.1527224, 51.376806 ], [ 0.152734, 51.3768984 ], [ 0.1527343, 51.3769065 ], [ 0.1528306, 51.3771196 ], [ 0.1530488, 51.3774843 ], [ 0.1531073, 51.3776577 ], [ 0.1531755, 51.3779479 ], [ 0.1532098, 51.3780363 ], [ 0.1530036, 51.3781129 ], [ 0.1527314, 51.3781611 ], [ 0.1525327, 51.3782142 ], [ 0.1524014, 51.3782643 ], [ 0.1521634, 51.3783361 ], [ 0.1523266, 51.3786901 ], [ 0.151631, 51.3788728 ], [ 0.1509483, 51.379085 ], [ 0.1510909, 51.3796445 ], [ 0.151107, 51.379896 ], [ 0.1502184, 51.3799465 ], [ 0.1499377, 51.3799966 ], [ 0.149587, 51.3800894 ], [ 0.1496292, 51.3803152 ], [ 0.1496007, 51.3805639 ], [ 0.1495804, 51.380746 ], [ 0.1495573, 51.3809263 ], [ 0.1495822, 51.3810895 ], [ 0.1503469, 51.3810925 ], [ 0.1502649, 51.3814906 ], [ 0.1502637, 51.381496 ], [ 0.1502626, 51.3815024 ], [ 0.1502628, 51.3815077 ], [ 0.1502631, 51.381514 ], [ 0.1502634, 51.3815194 ], [ 0.1502637, 51.3815257 ], [ 0.1502654, 51.3815311 ], [ 0.1502671, 51.3815364 ], [ 0.1502702, 51.3815427 ], [ 0.1502734, 51.381548 ], [ 0.1502765, 51.3815534 ], [ 0.150281, 51.3815587 ], [ 0.1502856, 51.381564 ], [ 0.1502901, 51.3815684 ], [ 0.1502961, 51.3815737 ], [ 0.1502991, 51.3815763 ], [ 0.1503051, 51.3815807 ], [ 0.1503124, 51.3815842 ], [ 0.1503198, 51.3815876 ], [ 0.1503271, 51.3815911 ], [ 0.1503344, 51.3815937 ], [ 0.1503505, 51.3815997 ], [ 0.1503578, 51.3816022 ], [ 0.1503652, 51.3816057 ], [ 0.1503725, 51.3816092 ], [ 0.1503754, 51.38161 ], [ 0.1503975, 51.3816213 ], [ 0.1504196, 51.3816335 ], [ 0.1504241, 51.3816361 ], [ 0.1504354, 51.3822456 ], [ 0.1504479, 51.3827886 ], [ 0.15044, 51.383447 ], [ 0.1500374, 51.3835974 ], [ 0.1498514, 51.3836449 ], [ 0.1497606, 51.3836708 ], [ 0.1497856, 51.3838367 ], [ 0.1498001, 51.3842681 ], [ 0.1498027, 51.3845064 ], [ 0.1497737, 51.3848702 ], [ 0.1498632, 51.3853389 ], [ 0.1499173, 51.3856635 ], [ 0.1499658, 51.3858406 ], [ 0.1503284, 51.3858502 ], [ 0.1503357, 51.3858509 ], [ 0.1503429, 51.3858517 ], [ 0.1503501, 51.3858525 ], [ 0.1503573, 51.3858532 ], [ 0.1503632, 51.3858549 ], [ 0.1503704, 51.3858566 ], [ 0.1503777, 51.3858583 ], [ 0.1503836, 51.3858609 ], [ 0.1503894, 51.3858626 ], [ 0.1503953, 51.3858651 ], [ 0.1504012, 51.3858686 ], [ 0.1504056, 51.3858712 ], [ 0.1504115, 51.3858747 ], [ 0.1504159, 51.3858774 ], [ 0.150419, 51.3858818 ], [ 0.1504221, 51.3858853 ], [ 0.1504251, 51.3858889 ], [ 0.1504268, 51.3858933 ], [ 0.1504284, 51.3858978 ], [ 0.1504286, 51.3859023 ], [ 0.1504303, 51.3859068 ], [ 0.1504305, 51.3859113 ], [ 0.1504307, 51.3859158 ], [ 0.1504309, 51.3859202 ], [ 0.1504311, 51.3859247 ], [ 0.1504313, 51.3859292 ], [ 0.1504301, 51.3859346 ], [ 0.1504303, 51.3859391 ], [ 0.1504306, 51.3859436 ], [ 0.1504308, 51.3859481 ], [ 0.150431, 51.3859526 ], [ 0.1504325, 51.3859553 ], [ 0.1504333, 51.3859706 ], [ 0.150434, 51.3859867 ], [ 0.1504333, 51.386002 ], [ 0.1504326, 51.3860182 ], [ 0.1504305, 51.3860336 ], [ 0.1504269, 51.3860498 ], [ 0.1504233, 51.3860652 ], [ 0.1504183, 51.3860806 ], [ 0.1504147, 51.3860968 ], [ 0.1504097, 51.3861122 ], [ 0.1504033, 51.3861285 ], [ 0.1503942, 51.3861502 ], [ 0.1503838, 51.3861729 ], [ 0.1503733, 51.3861947 ], [ 0.1503614, 51.3862165 ], [ 0.150348, 51.3862374 ], [ 0.1503387, 51.3862529 ], [ 0.1503225, 51.3862757 ], [ 0.1503077, 51.3862975 ], [ 0.1502901, 51.3863194 ], [ 0.1502709, 51.3863405 ], [ 0.1502503, 51.3863606 ], [ 0.150235, 51.3863717 ], [ 0.1502197, 51.3863828 ], [ 0.1502044, 51.3863929 ], [ 0.1501876, 51.3864022 ], [ 0.1501694, 51.3864116 ], [ 0.1501525, 51.3864209 ], [ 0.1501343, 51.3864311 ], [ 0.1501175, 51.3864404 ], [ 0.1500993, 51.3864497 ], [ 0.1500867, 51.386458 ], [ 0.1499107, 51.3865665 ], [ 0.1498996, 51.3865739 ], [ 0.1496799, 51.386702 ], [ 0.1493177, 51.3871313 ], [ 0.1489945, 51.3874412 ], [ 0.1488756, 51.387572 ], [ 0.1493904, 51.3878549 ], [ 0.1490543, 51.388165 ], [ 0.1487318, 51.388554 ], [ 0.148628, 51.3886683 ], [ 0.1486363, 51.3888157 ], [ 0.148714, 51.3890013 ], [ 0.1488071, 51.3892091 ], [ 0.1488796, 51.3893139 ], [ 0.1490307, 51.3894721 ], [ 0.1493037, 51.3897459 ], [ 0.1494032, 51.3898763 ], [ 0.1494583, 51.3899778 ], [ 0.1494971, 51.3900994 ], [ 0.1495153, 51.3903346 ], [ 0.1495928, 51.3905158 ], [ 0.149652, 51.3906442 ], [ 0.149719, 51.3907545 ], [ 0.1498093, 51.3908724 ], [ 0.1497054, 51.3909562 ], [ 0.1493932, 51.3910734 ], [ 0.1485977, 51.3913659 ], [ 0.1479606, 51.39182 ], [ 0.1475078, 51.3921566 ], [ 0.147678, 51.3923549 ], [ 0.1477148, 51.3928012 ], [ 0.1480367, 51.3927701 ], [ 0.1488856, 51.3926952 ], [ 0.149976, 51.3926509 ], [ 0.1506506, 51.3926277 ], [ 0.1513792, 51.3925928 ], [ 0.1521474, 51.3925454 ], [ 0.1525905, 51.3925219 ], [ 0.1531067, 51.3924954 ], [ 0.1537347, 51.392491 ], [ 0.1545771, 51.3924611 ], [ 0.1545785, 51.3924611 ], [ 0.1548231, 51.3924359 ], [ 0.1555055, 51.3923964 ], [ 0.1563543, 51.3923502 ], [ 0.1573902, 51.3923095 ], [ 0.158248, 51.3922398 ], [ 0.1589844, 51.3922802 ], [ 0.1595568, 51.3922849 ], [ 0.1602046, 51.3923063 ], [ 0.1606776, 51.3923389 ], [ 0.1611832, 51.3923592 ], [ 0.1612872, 51.3923699 ], [ 0.1616598, 51.392408 ], [ 0.162358, 51.3924905 ], [ 0.1621594, 51.3926389 ], [ 0.1618898, 51.3928345 ], [ 0.1615954, 51.3930531 ], [ 0.1612623, 51.3933075 ], [ 0.1609643, 51.3935711 ], [ 0.160814, 51.3937078 ], [ 0.1606996, 51.3938116 ], [ 0.16046, 51.3940345 ], [ 0.1602569, 51.3942712 ], [ 0.1598909, 51.3946484 ], [ 0.159634, 51.3949634 ], [ 0.1594337, 51.3952279 ], [ 0.1594899, 51.3952601 ], [ 0.1593357, 51.3954653 ], [ 0.1592524, 51.3954669 ], [ 0.1590676, 51.395696 ], [ 0.1589542, 51.3958213 ], [ 0.1588787, 51.3959585 ], [ 0.1587714, 51.3961817 ], [ 0.158624, 51.3964713 ], [ 0.158437, 51.3968048 ], [ 0.1581953, 51.3971968 ], [ 0.1580592, 51.3974215 ], [ 0.1580046, 51.3975753 ], [ 0.157959, 51.3977659 ], [ 0.1578957, 51.3979182 ], [ 0.1577023, 51.3981475 ], [ 0.1576919, 51.3984139 ], [ 0.1576784, 51.3986785 ], [ 0.1576809, 51.3990058 ], [ 0.1577603, 51.3992274 ], [ 0.1576379, 51.3995884 ], [ 0.1574992, 51.4000622 ], [ 0.1573962, 51.4003186 ], [ 0.1573464, 51.4005444 ], [ 0.1573347, 51.4007838 ], [ 0.157275, 51.4009513 ], [ 0.157196, 51.4011362 ], [ 0.1570718, 51.4013984 ], [ 0.1569083, 51.4016217 ], [ 0.1567282, 51.4018274 ], [ 0.1565999, 51.4020941 ], [ 0.1565098, 51.4023197 ], [ 0.1564774, 51.402394 ], [ 0.1564088, 51.4024942 ], [ 0.1561897, 51.4026979 ], [ 0.1559386, 51.4030146 ], [ 0.1558056, 51.4031807 ], [ 0.1554877, 51.403576 ], [ 0.1552756, 51.4035898 ], [ 0.1551031, 51.4036217 ], [ 0.1551016, 51.4036217 ], [ 0.154941, 51.4036598 ], [ 0.155115, 51.403876 ], [ 0.1552231, 51.403972 ], [ 0.1551223, 51.4040296 ], [ 0.1546271, 51.404599 ], [ 0.1542734, 51.4049364 ], [ 0.1539709, 51.4051686 ], [ 0.1537604, 51.4053407 ], [ 0.1535177, 51.4055304 ], [ 0.153508, 51.4055378 ], [ 0.1534982, 51.4055442 ], [ 0.153494, 51.405547 ], [ 0.1534828, 51.4055535 ], [ 0.1534716, 51.40556 ], [ 0.1534604, 51.4055656 ], [ 0.1534477, 51.4055712 ], [ 0.153435, 51.405576 ], [ 0.1534223, 51.4055807 ], [ 0.1534124, 51.4055845 ], [ 0.1533996, 51.4055874 ], [ 0.1533868, 51.4055904 ], [ 0.153374, 51.4055933 ], [ 0.1533612, 51.4055953 ], [ 0.1533483, 51.4055974 ], [ 0.1533354, 51.4055985 ], [ 0.1533226, 51.4056005 ], [ 0.153314, 51.4056016 ], [ 0.1532883, 51.4056048 ], [ 0.1532611, 51.405608 ], [ 0.1532339, 51.4056102 ], [ 0.1532066, 51.4056116 ], [ 0.153188, 51.405612 ], [ 0.1527343, 51.4060565 ], [ 0.1527277, 51.4060674 ], [ 0.1527224, 51.4060774 ], [ 0.1527186, 51.4060883 ], [ 0.1527172, 51.4060901 ], [ 0.1527146, 51.4060964 ], [ 0.1527123, 51.4061073 ], [ 0.1527085, 51.4061181 ], [ 0.1527061, 51.406129 ], [ 0.1527052, 51.4061398 ], [ 0.1527057, 51.4061505 ], [ 0.152706, 51.4061577 ], [ 0.1527078, 51.4061649 ], [ 0.1527096, 51.4061721 ], [ 0.1527128, 51.4061792 ], [ 0.1527159, 51.4061854 ], [ 0.1527206, 51.4061925 ], [ 0.1527252, 51.4061987 ], [ 0.1527298, 51.4062059 ], [ 0.1527345, 51.4062121 ], [ 0.1527391, 51.4062183 ], [ 0.1527482, 51.4062289 ], [ 0.1527558, 51.4062378 ], [ 0.1527649, 51.4062475 ], [ 0.1527753, 51.4062563 ], [ 0.1527859, 51.406266 ], [ 0.1527963, 51.4062739 ], [ 0.1526833, 51.406347 ], [ 0.1525871, 51.4063191 ], [ 0.1525595, 51.4063142 ], [ 0.1525494, 51.4063126 ], [ 0.1525305, 51.4063093 ], [ 0.1525016, 51.4063054 ], [ 0.1524727, 51.4063023 ], [ 0.1524438, 51.4062992 ], [ 0.1524149, 51.4062971 ], [ 0.1524063, 51.4062963 ], [ 0.152376, 51.4062951 ], [ 0.1523472, 51.4062947 ], [ 0.1523185, 51.4062961 ], [ 0.1522884, 51.4062967 ], [ 0.1522597, 51.406299 ], [ 0.1522311, 51.4063022 ], [ 0.1522025, 51.4063055 ], [ 0.1521725, 51.4063087 ], [ 0.1521439, 51.4063128 ], [ 0.1521154, 51.4063179 ], [ 0.1520868, 51.406322 ], [ 0.1520583, 51.406327 ], [ 0.1520298, 51.406332 ], [ 0.1519728, 51.406343 ], [ 0.1519556, 51.406346 ], [ 0.1518958, 51.406357 ], [ 0.1518345, 51.4063689 ], [ 0.1517747, 51.4063817 ], [ 0.1517164, 51.4063962 ], [ 0.1516568, 51.4064117 ], [ 0.1516, 51.4064272 ], [ 0.1515433, 51.4064453 ], [ 0.1514867, 51.4064634 ], [ 0.1514315, 51.4064824 ], [ 0.1513763, 51.4065023 ], [ 0.1513227, 51.4065231 ], [ 0.1513198, 51.406524 ], [ 0.1512691, 51.4065465 ], [ 0.1512184, 51.4065691 ], [ 0.1511692, 51.4065924 ], [ 0.1511215, 51.4066176 ], [ 0.1510738, 51.4066428 ], [ 0.1510275, 51.4066688 ], [ 0.1509828, 51.4066957 ], [ 0.150938, 51.4067226 ], [ 0.1508948, 51.4067504 ], [ 0.1508739, 51.4067642 ], [ 0.1508223, 51.4067994 ], [ 0.1507737, 51.4068353 ], [ 0.150725, 51.4068713 ], [ 0.1506793, 51.406909 ], [ 0.1506337, 51.4069476 ], [ 0.1505895, 51.4069862 ], [ 0.1505453, 51.4070257 ], [ 0.1505315, 51.4070376 ], [ 0.1504737, 51.4070935 ], [ 0.1504174, 51.4071494 ], [ 0.150364, 51.4072062 ], [ 0.1503339, 51.4072382 ], [ 0.1501079, 51.4074483 ], [ 0.1496665, 51.4076938 ], [ 0.1492309, 51.4078798 ], [ 0.148666, 51.4081312 ], [ 0.1487429, 51.4082674 ], [ 0.1488767, 51.4084835 ], [ 0.1489638, 51.408624 ], [ 0.1492857, 51.4091414 ], [ 0.1500416, 51.4089468 ], [ 0.1506979, 51.4088053 ], [ 0.1511534, 51.4087367 ], [ 0.151569, 51.4086778 ], [ 0.1520361, 51.408671 ], [ 0.1529064, 51.408709 ], [ 0.1530331, 51.4092327 ], [ 0.1532567, 51.4101963 ], [ 0.1533337, 51.4104898 ], [ 0.1533621, 51.4105729 ], [ 0.1534198, 51.4107293 ], [ 0.1534843, 51.4108791 ], [ 0.1535398, 51.4109887 ], [ 0.1535972, 51.4110776 ], [ 0.1537441, 51.4112656 ], [ 0.1524757, 51.4113563 ], [ 0.1516039, 51.4114425 ], [ 0.1497259, 51.4116586 ], [ 0.1494801, 51.4119671 ], [ 0.1491339, 51.4124357 ], [ 0.1492519, 51.4125288 ], [ 0.1494633, 51.4126814 ], [ 0.1495248, 51.412737 ], [ 0.1495872, 51.4128096 ], [ 0.1496327, 51.4128906 ], [ 0.1496658, 51.4129835 ], [ 0.1497669, 51.4134205 ], [ 0.149856, 51.4136958 ], [ 0.1499338, 51.4138527 ], [ 0.149934, 51.4138554 ], [ 0.1499709, 51.4139078 ], [ 0.1500983, 51.4140475 ], [ 0.1501325, 51.4140721 ], [ 0.1501766, 51.4140919 ], [ 0.1502349, 51.414108 ], [ 0.1503029, 51.4141175 ], [ 0.1504513, 51.4141229 ], [ 0.1505006, 51.414131 ], [ 0.1505357, 51.4141438 ], [ 0.1505982, 51.4141894 ], [ 0.1507493, 51.4143737 ], [ 0.1510713, 51.4149227 ], [ 0.1511282, 51.4150637 ], [ 0.1511498, 51.4151559 ], [ 0.1511572, 51.4152511 ], [ 0.1511438, 51.4154879 ], [ 0.151095, 51.4157343 ], [ 0.1511105, 51.4167079 ], [ 0.151111, 51.4167187 ], [ 0.151054, 51.4174338 ], [ 0.1510295, 51.4176159 ], [ 0.1512749, 51.4176348 ], [ 0.1517565, 51.4176925 ], [ 0.1519211, 51.4177066 ], [ 0.1521098, 51.4177121 ], [ 0.1522983, 51.417714 ], [ 0.1524748, 51.4177054 ], [ 0.1531411, 51.4176518 ], [ 0.1535034, 51.4177099 ], [ 0.1540682, 51.4177625 ], [ 0.1540919, 51.4177782 ], [ 0.1543526, 51.4181835 ], [ 0.1546106, 51.4184701 ], [ 0.1546044, 51.41849 ], [ 0.1541366, 51.4188511 ], [ 0.1539559, 51.4189831 ], [ 0.1537604, 51.4191081 ], [ 0.1531401, 51.4194675 ], [ 0.1530816, 51.4195396 ], [ 0.1522703, 51.4199961 ], [ 0.151627, 51.4202021 ], [ 0.1513762, 51.4203129 ], [ 0.1511329, 51.4204306 ], [ 0.1513423, 51.4206031 ], [ 0.151439, 51.4206714 ], [ 0.1519711, 51.4210061 ], [ 0.1528252, 51.4217035 ], [ 0.1529777, 51.4219804 ], [ 0.1531089, 51.4223224 ], [ 0.153296, 51.4229368 ], [ 0.1533842, 51.423223 ], [ 0.1534443, 51.4233981 ], [ 0.1534526, 51.4234223 ], [ 0.1534913, 51.4236041 ], [ 0.1535078, 51.4238322 ], [ 0.1535041, 51.4239069 ], [ 0.1534883, 51.4240295 ], [ 0.1534328, 51.4242248 ], [ 0.1533201, 51.4247359 ], [ 0.1532927, 51.4250089 ], [ 0.1532875, 51.4251735 ], [ 0.1532928, 51.4253164 ], [ 0.1533052, 51.4254592 ], [ 0.1533353, 51.4256403 ], [ 0.1534985, 51.4262965 ], [ 0.1536028, 51.4268305 ], [ 0.1537375, 51.4275232 ], [ 0.1540353, 51.4277983 ], [ 0.1544642, 51.4281718 ], [ 0.1547704, 51.4284098 ], [ 0.1551868, 51.4288527 ], [ 0.1552746, 51.4289752 ], [ 0.1553393, 51.4290972 ], [ 0.1553846, 51.4292349 ], [ 0.1554023, 51.429365 ], [ 0.1553852, 51.4296441 ], [ 0.1553875, 51.4296935 ], [ 0.1554311, 51.4299463 ], [ 0.1554678, 51.4300841 ], [ 0.1556096, 51.4304385 ], [ 0.1558489, 51.4308766 ], [ 0.1563796, 51.4307805 ], [ 0.156381, 51.4307804 ], [ 0.1566889, 51.4307208 ], [ 0.1569576, 51.4306826 ], [ 0.1572728, 51.4306237 ], [ 0.1575631, 51.4305563 ], [ 0.1577691, 51.4305004 ], [ 0.1579813, 51.4304551 ], [ 0.158109, 51.4304186 ], [ 0.1581953, 51.4303864 ], [ 0.1583347, 51.4303218 ], [ 0.1584297, 51.4302634 ], [ 0.1585216, 51.430197 ], [ 0.158606, 51.4301271 ], [ 0.1588265, 51.4301653 ], [ 0.1590595, 51.4302248 ], [ 0.1591549, 51.4301133 ], [ 0.1593499, 51.4299164 ], [ 0.1593777, 51.4298943 ], [ 0.1595232, 51.4298071 ], [ 0.1596121, 51.4297398 ], [ 0.1596795, 51.4296756 ], [ 0.1597067, 51.4296418 ], [ 0.1597128, 51.4292838 ], [ 0.1598112, 51.4292028 ], [ 0.159972, 51.4292889 ], [ 0.1602746, 51.4293895 ], [ 0.160642, 51.4296768 ], [ 0.1606693, 51.4296745 ], [ 0.1610471, 51.4296018 ], [ 0.1612393, 51.4295605 ], [ 0.1621312, 51.4293462 ], [ 0.1623371, 51.4292885 ], [ 0.162608, 51.4292061 ], [ 0.1628771, 51.4291157 ], [ 0.1632987, 51.4290567 ], [ 0.1635211, 51.4288934 ], [ 0.163897, 51.4289323 ], [ 0.1638764, 51.4286791 ], [ 0.1638055, 51.4286094 ], [ 0.1640069, 51.4285481 ], [ 0.1640612, 51.4285399 ], [ 0.164123, 51.4285397 ], [ 0.1641909, 51.4285465 ], [ 0.1642492, 51.4285616 ], [ 0.1643021, 51.4285849 ], [ 0.1643527, 51.42862 ], [ 0.1643892, 51.4286615 ], [ 0.1644068, 51.428699 ], [ 0.1644146, 51.4287438 ], [ 0.164562, 51.4290621 ], [ 0.1652185, 51.4299853 ], [ 0.1655637, 51.4303485 ], [ 0.1655956, 51.4303542 ], [ 0.1661585, 51.430271 ], [ 0.1661835, 51.4302822 ], [ 0.1663526, 51.4305417 ], [ 0.1666674, 51.4312958 ], [ 0.1666493, 51.4313096 ], [ 0.1660695, 51.43143 ], [ 0.1662053, 51.4315327 ], [ 0.1663453, 51.4316336 ], [ 0.166819, 51.4319467 ], [ 0.1668374, 51.4323349 ], [ 0.166798, 51.4324148 ], [ 0.1666641, 51.4325342 ], [ 0.1667478, 51.4337242 ], [ 0.1665044, 51.4340533 ], [ 0.1665529, 51.4345614 ], [ 0.16656, 51.4347124 ], [ 0.1666496, 51.4348124 ], [ 0.1666616, 51.4349443 ], [ 0.1666638, 51.4350513 ], [ 0.1669155, 51.4354145 ], [ 0.1669974, 51.4356252 ], [ 0.1670521, 51.4357159 ], [ 0.1671079, 51.4358012 ], [ 0.1672319, 51.435959 ], [ 0.1673729, 51.4361111 ], [ 0.1675371, 51.4362654 ], [ 0.1676448, 51.4364127 ], [ 0.1677899, 51.4365611 ], [ 0.1679319, 51.4367329 ], [ 0.1680312, 51.4368849 ], [ 0.1681778, 51.4370638 ], [ 0.168261, 51.4371495 ], [ 0.1683631, 51.4372411 ], [ 0.1685006, 51.4373483 ], [ 0.1686881, 51.4374797 ], [ 0.1686794, 51.43772 ], [ 0.1687379, 51.4379527 ], [ 0.1687485, 51.4379948 ], [ 0.1690379, 51.4385452 ], [ 0.1691461, 51.438733 ], [ 0.1694026, 51.4390448 ], [ 0.1694874, 51.4390729 ], [ 0.1695667, 51.4391074 ], [ 0.169654, 51.4391588 ], [ 0.1697245, 51.4392187 ], [ 0.1697781, 51.439286 ], [ 0.1698081, 51.4393439 ], [ 0.1698239, 51.4394336 ], [ 0.1698203, 51.4394786 ], [ 0.1697904, 51.4395763 ], [ 0.1698042, 51.439594 ], [ 0.1697486, 51.4396058 ], [ 0.169732, 51.4396196 ], [ 0.170524, 51.4408154 ], [ 0.1707705, 51.4410681 ], [ 0.1708764, 51.4412073 ], [ 0.1709915, 51.4413571 ], [ 0.1711107, 51.4415654 ], [ 0.1713553, 51.4418072 ], [ 0.1717442, 51.4421193 ], [ 0.1718766, 51.44224 ], [ 0.1720245, 51.4423542 ], [ 0.1721598, 51.442447 ], [ 0.172299, 51.4425281 ], [ 0.1723512, 51.4425676 ], [ 0.1723963, 51.442609 ], [ 0.1724333, 51.4426596 ], [ 0.17255, 51.4427545 ], [ 0.1725595, 51.4427724 ], [ 0.172492, 51.4428968 ], [ 0.1724988, 51.4429192 ], [ 0.1727531, 51.4431824 ], [ 0.172828, 51.4432449 ], [ 0.172761, 51.4430447 ], [ 0.1727704, 51.443031 ], [ 0.173138, 51.4430458 ], [ 0.1733653, 51.4430443 ], [ 0.1734815, 51.4430367 ], [ 0.1735803, 51.443025 ], [ 0.1736758, 51.4430062 ], [ 0.1737796, 51.4429791 ], [ 0.1739071, 51.4429371 ], [ 0.1740497, 51.4428787 ], [ 0.174186, 51.4428096 ], [ 0.1743967, 51.4426726 ], [ 0.1746738, 51.442538 ], [ 0.1751583, 51.4423456 ], [ 0.1759579, 51.4420025 ], [ 0.1759911, 51.4420054 ], [ 0.1762616, 51.4421254 ], [ 0.178051, 51.4431983 ], [ 0.1786989, 51.4434768 ], [ 0.1787245, 51.4434709 ], [ 0.1788611, 51.4433469 ], [ 0.1788881, 51.4433401 ], [ 0.1791709, 51.4434455 ], [ 0.1791996, 51.4434441 ], [ 0.1795208, 51.4431179 ], [ 0.1795495, 51.4431174 ], [ 0.1798565, 51.4432466 ], [ 0.1802096, 51.4433794 ], [ 0.1804429, 51.4434443 ], [ 0.1805316, 51.4434634 ], [ 0.1808333, 51.4435117 ], [ 0.1808611, 51.4435229 ], [ 0.1809763, 51.4436754 ], [ 0.1809765, 51.4436781 ], [ 0.1810301, 51.4441097 ], [ 0.18104, 51.4441661 ], [ 0.181058, 51.444182 ], [ 0.1814183, 51.4442221 ], [ 0.1821633, 51.4443044 ], [ 0.1825316, 51.4443614 ], [ 0.1826364, 51.4443864 ], [ 0.1827501, 51.4444167 ], [ 0.1830184, 51.4445808 ], [ 0.18305, 51.4445802 ], [ 0.1831729, 51.4445311 ], [ 0.1832019, 51.4445369 ], [ 0.1836292, 51.4448041 ], [ 0.1836623, 51.4448053 ], [ 0.1840386, 51.4446993 ], [ 0.1842204, 51.4446483 ], [ 0.1842509, 51.4446549 ], [ 0.1850883, 51.4452544 ], [ 0.1857504, 51.4457079 ], [ 0.186501, 51.4462065 ], [ 0.1870557, 51.4466108 ], [ 0.1874381, 51.4468743 ], [ 0.1874406, 51.4468958 ], [ 0.1874115, 51.4469485 ], [ 0.1873346, 51.4470867 ], [ 0.187331, 51.4471011 ], [ 0.1872809, 51.4472891 ], [ 0.1873507, 51.4482069 ], [ 0.1873743, 51.448309 ], [ 0.1876174, 51.4486974 ], [ 0.1876464, 51.4487032 ], [ 0.1883774, 51.4486095 ], [ 0.188408, 51.4486161 ], [ 0.1887976, 51.4491188 ], [ 0.188824, 51.44913 ], [ 0.1909852, 51.4487874 ], [ 0.1917205, 51.4506784 ], [ 0.1917469, 51.4506887 ], [ 0.1918869, 51.450696 ], [ 0.1919157, 51.450726 ], [ 0.1919788, 51.4507824 ], [ 0.1921282, 51.4508965 ], [ 0.1923852, 51.451184 ], [ 0.1924545, 51.4512474 ], [ 0.1926153, 51.4513586 ], [ 0.1926492, 51.4513769 ], [ 0.1927314, 51.4514095 ], [ 0.1928056, 51.4514558 ], [ 0.1928344, 51.4514858 ], [ 0.1928591, 51.4515213 ], [ 0.1928739, 51.4515597 ], [ 0.1928812, 51.4516216 ], [ 0.192993, 51.4517014 ], [ 0.1934564, 51.4516999 ], [ 0.1935199, 51.4517338 ], [ 0.1935428, 51.4517927 ], [ 0.1935677, 51.4518309 ], [ 0.1936009, 51.4518627 ], [ 0.193641, 51.4518889 ], [ 0.1936896, 51.4519114 ], [ 0.1937554, 51.4519326 ], [ 0.1938194, 51.4519476 ], [ 0.1938656, 51.4519494 ], [ 0.1939114, 51.4519441 ], [ 0.1939511, 51.4519325 ], [ 0.1939819, 51.4519149 ], [ 0.1940068, 51.4518937 ], [ 0.1940215, 51.4518692 ], [ 0.1940287, 51.4518403 ], [ 0.1940225, 51.4517999 ], [ 0.1940464, 51.4517275 ], [ 0.1940684, 51.4517073 ], [ 0.194123, 51.4516757 ], [ 0.1941541, 51.4516635 ], [ 0.1942252, 51.4516747 ], [ 0.1942532, 51.4516895 ], [ 0.1943213, 51.4517583 ], [ 0.194396, 51.4518145 ], [ 0.1944563, 51.4518422 ], [ 0.1945383, 51.4518703 ], [ 0.1946051, 51.4518843 ], [ 0.1946341, 51.4518874 ], [ 0.1947316, 51.4518802 ], [ 0.1947657, 51.4518409 ], [ 0.1947881, 51.4518269 ], [ 0.1948249, 51.4518146 ], [ 0.1948634, 51.4518076 ], [ 0.1949214, 51.4518155 ], [ 0.1949493, 51.4518284 ], [ 0.1949761, 51.4518468 ], [ 0.194993, 51.4518681 ], [ 0.1950013, 51.4518922 ], [ 0.1949676, 51.4520592 ], [ 0.1949718, 51.4520861 ], [ 0.1949949, 51.4521171 ], [ 0.1950275, 51.4521372 ], [ 0.1950639, 51.4521464 ], [ 0.1951014, 51.4521484 ], [ 0.1951443, 51.4521422 ], [ 0.1951797, 51.4521308 ], [ 0.1952202, 51.452103 ], [ 0.195239, 51.4520757 ], [ 0.1953468, 51.4520116 ], [ 0.1954113, 51.4520059 ], [ 0.1954822, 51.4520154 ], [ 0.1955496, 51.4520402 ], [ 0.195605, 51.4520841 ], [ 0.195632, 51.4521376 ], [ 0.1956629, 51.452271 ], [ 0.1956755, 51.4522933 ], [ 0.1957073, 51.4523259 ], [ 0.195737, 51.4523461 ], [ 0.1957737, 51.4523598 ], [ 0.1958187, 51.4523688 ], [ 0.1958634, 51.4523707 ], [ 0.1958964, 51.4523683 ], [ 0.1959604, 51.4523509 ], [ 0.1961076, 51.4522699 ], [ 0.1961445, 51.4522287 ], [ 0.1961515, 51.4521953 ], [ 0.196146, 51.4521702 ], [ 0.1961351, 51.4521524 ], [ 0.1961081, 51.4521296 ], [ 0.1959992, 51.4520794 ], [ 0.1959352, 51.4520357 ], [ 0.1958971, 51.4519923 ], [ 0.1958778, 51.4519495 ], [ 0.1958768, 51.4519001 ], [ 0.1958959, 51.4518476 ], [ 0.195934, 51.4518019 ], [ 0.195959, 51.4517834 ], [ 0.1960718, 51.451793 ], [ 0.196152, 51.4517852 ], [ 0.1962334, 51.4517729 ], [ 0.1963838, 51.4517278 ], [ 0.1964226, 51.4517262 ], [ 0.1964616, 51.4517282 ], [ 0.1965273, 51.4517476 ], [ 0.1965931, 51.4517689 ], [ 0.1966917, 51.4518138 ], [ 0.1968667, 51.4517412 ], [ 0.1969745, 51.4517689 ], [ 0.1970718, 51.451786 ], [ 0.197173, 51.4517967 ], [ 0.1972494, 51.4517979 ], [ 0.19743, 51.4517837 ], [ 0.1975128, 51.4518586 ], [ 0.1975479, 51.4519299 ], [ 0.1976119, 51.4520043 ], [ 0.1976712, 51.4519789 ], [ 0.1977189, 51.4518943 ], [ 0.1977494, 51.4518704 ], [ 0.1977902, 51.4518498 ], [ 0.1978384, 51.4518354 ], [ 0.1978871, 51.4518291 ], [ 0.1979375, 51.4518309 ], [ 0.1979884, 51.4518416 ], [ 0.1980339, 51.4518588 ], [ 0.1980754, 51.451885 ], [ 0.1981181, 51.4519345 ], [ 0.1981772, 51.4519667 ], [ 0.1983141, 51.4520289 ], [ 0.1983915, 51.4520535 ], [ 0.1985929, 51.4520515 ], [ 0.1987754, 51.4521038 ], [ 0.1991095, 51.452138 ], [ 0.199081, 51.4522033 ], [ 0.199046, 51.4522247 ], [ 0.1990186, 51.4522522 ], [ 0.1990013, 51.4522822 ], [ 0.1989995, 51.4523047 ], [ 0.1990159, 51.4523457 ], [ 0.1990399, 51.4523669 ], [ 0.199087, 51.4523894 ], [ 0.1991424, 51.4524036 ], [ 0.1992993, 51.4524043 ], [ 0.1993661, 51.4524147 ], [ 0.1994318, 51.4524351 ], [ 0.199488, 51.4524655 ], [ 0.1995316, 51.4525042 ], [ 0.1995594, 51.4525442 ], [ 0.1995648, 51.4525962 ], [ 0.1995764, 51.4526293 ], [ 0.1996041, 51.4526665 ], [ 0.1996488, 51.4526963 ], [ 0.1996942, 51.4527143 ], [ 0.1997421, 51.4527224 ], [ 0.1997912, 51.452726 ], [ 0.1998414, 51.4527214 ], [ 0.1998927, 51.4527106 ], [ 0.2001057, 51.4526212 ], [ 0.2002067, 51.4525959 ], [ 0.2002558, 51.4526588 ], [ 0.2002439, 51.45274 ], [ 0.2002544, 51.4528099 ], [ 0.2003009, 51.4528477 ], [ 0.2003892, 51.4528586 ], [ 0.2006238, 51.4528587 ], [ 0.2006991, 51.4528978 ], [ 0.2006453, 51.4530067 ], [ 0.2005929, 51.4530545 ], [ 0.200588, 51.4531022 ], [ 0.200615, 51.4531539 ], [ 0.2006718, 51.4531987 ], [ 0.2006924, 51.4532082 ], [ 0.2008357, 51.4532235 ], [ 0.2009852, 51.4532494 ], [ 0.2011024, 51.4532625 ], [ 0.201162, 51.4533037 ], [ 0.201142, 51.4533679 ], [ 0.201131, 51.4533789 ], [ 0.2010195, 51.4534538 ], [ 0.2009839, 51.4534923 ], [ 0.2009763, 51.4535131 ], [ 0.2009777, 51.4535428 ], [ 0.2009939, 51.4535802 ], [ 0.2010497, 51.4536331 ], [ 0.2013595, 51.4538503 ], [ 0.201826, 51.4538812 ], [ 0.2018578, 51.4539147 ], [ 0.20187, 51.4540485 ], [ 0.2019076, 51.454082 ], [ 0.2019384, 51.4540949 ], [ 0.2020008, 51.4541045 ], [ 0.2020122, 51.4541025 ], [ 0.2023366, 51.4539048 ], [ 0.2024274, 51.453877 ], [ 0.2024736, 51.4538789 ], [ 0.2026935, 51.4539323 ], [ 0.2027761, 51.4539748 ], [ 0.2029127, 51.4542106 ], [ 0.2029309, 51.45423 ], [ 0.2029636, 51.454251 ], [ 0.2030325, 51.4542767 ], [ 0.2033257, 51.4543278 ], [ 0.203353, 51.4543552 ], [ 0.2033731, 51.4543854 ], [ 0.2033715, 51.4545608 ], [ 0.2033108, 51.4547948 ], [ 0.2032981, 51.4548301 ], [ 0.2032446, 51.4548842 ], [ 0.2032344, 51.4549132 ], [ 0.2032357, 51.4549401 ], [ 0.2032578, 51.4549802 ], [ 0.2033108, 51.4550331 ], [ 0.2038202, 51.4555092 ], [ 0.2038561, 51.455567 ], [ 0.2038677, 51.4555982 ], [ 0.2038737, 51.4556629 ], [ 0.2038328, 51.455919 ], [ 0.2038085, 51.4559824 ], [ 0.2037779, 51.4560352 ], [ 0.20341, 51.4560772 ], [ 0.2031233, 51.4561032 ], [ 0.2025666, 51.4561398 ], [ 0.202547, 51.4561509 ], [ 0.202581, 51.4562294 ], [ 0.2028477, 51.4568368 ], [ 0.2031271, 51.4574071 ], [ 0.2032086, 51.4576044 ], [ 0.2032201, 51.4577246 ], [ 0.2031384, 51.4578818 ], [ 0.2030808, 51.4579701 ], [ 0.2030245, 51.4580566 ], [ 0.2029159, 51.4581638 ], [ 0.2028353, 51.4582229 ], [ 0.202829, 51.4582419 ], [ 0.2028532, 51.4582648 ], [ 0.2029392, 51.4583468 ], [ 0.2031518, 51.4586072 ], [ 0.2031691, 51.4586384 ], [ 0.2032449, 51.4587476 ], [ 0.2034157, 51.4589152 ], [ 0.2037073, 51.4591715 ], [ 0.2038299, 51.4592663 ], [ 0.2044745, 51.4598261 ], [ 0.2045344, 51.4598753 ], [ 0.2046308, 51.4599347 ], [ 0.204759, 51.4599952 ], [ 0.2053493, 51.4601154 ], [ 0.2054795, 51.4601588 ], [ 0.2055458, 51.46019 ], [ 0.2059376, 51.4604641 ], [ 0.2062159, 51.4606225 ], [ 0.206742, 51.4608437 ], [ 0.2068367, 51.4608968 ], [ 0.2069582, 51.4609997 ], [ 0.207019, 51.461066 ], [ 0.2070623, 51.4610976 ], [ 0.2071215, 51.4611306 ], [ 0.2076042, 51.4614678 ], [ 0.2078454, 51.4615739 ], [ 0.209269, 51.4620174 ], [ 0.2094044, 51.4620472 ], [ 0.2098656, 51.4621176 ], [ 0.2100782, 51.4621973 ], [ 0.2102799, 51.4622897 ], [ 0.2105857, 51.4624809 ], [ 0.2105609, 51.463101 ], [ 0.2104962, 51.4636373 ], [ 0.2104864, 51.4640008 ], [ 0.2103973, 51.4646904 ], [ 0.2103578, 51.4647955 ], [ 0.2103504, 51.4648514 ], [ 0.2103513, 51.4649296 ], [ 0.2103327, 51.465081 ], [ 0.2103363, 51.4655126 ], [ 0.2103543, 51.4656472 ], [ 0.2104202, 51.4658492 ], [ 0.2105582, 51.4661424 ], [ 0.2107544, 51.4664472 ], [ 0.2110288, 51.4669411 ], [ 0.2113712, 51.4675912 ], [ 0.2114877, 51.4679757 ], [ 0.2114446, 51.468365 ], [ 0.2113565, 51.4687471 ], [ 0.2113148, 51.468836 ], [ 0.2112754, 51.4688853 ], [ 0.2112231, 51.4689357 ], [ 0.2111513, 51.4689982 ], [ 0.2109761, 51.4691283 ], [ 0.2101244, 51.4694996 ], [ 0.2099502, 51.4696189 ], [ 0.2097981, 51.4697504 ], [ 0.2094324, 51.4701386 ], [ 0.2089014, 51.4706513 ], [ 0.2088578, 51.4707025 ], [ 0.2088175, 51.4707626 ], [ 0.2087919, 51.4708296 ], [ 0.2087783, 51.4709054 ], [ 0.2087765, 51.4709567 ], [ 0.2087858, 51.4710015 ], [ 0.2087976, 51.4710363 ], [ 0.2088428, 51.4711074 ], [ 0.2090066, 51.4713391 ], [ 0.2091743, 51.4715023 ], [ 0.2092837, 51.4715893 ], [ 0.2096292, 51.4717968 ], [ 0.2097268, 51.4718498 ], [ 0.2102347, 51.4720489 ], [ 0.2105254, 51.4722241 ], [ 0.2110749, 51.4726607 ], [ 0.2114803, 51.4729427 ], [ 0.2118497, 51.4733161 ], [ 0.211869, 51.4733886 ], [ 0.2118591, 51.4734517 ], [ 0.2117843, 51.4735709 ], [ 0.211713, 51.4737656 ], [ 0.2115313, 51.4743257 ], [ 0.2114793, 51.4744409 ], [ 0.2114336, 51.4747178 ], [ 0.2115017, 51.4749944 ], [ 0.2115071, 51.4750456 ], [ 0.2115411, 51.4750926 ], [ 0.2121152, 51.4755 ], [ 0.2122104, 51.4755926 ], [ 0.2122567, 51.4756268 ], [ 0.2123663, 51.4756904 ], [ 0.2124929, 51.4757473 ], [ 0.2127037, 51.4758162 ], [ 0.2128504, 51.4758719 ], [ 0.2130728, 51.4759154 ], [ 0.2134704, 51.4760068 ], [ 0.2144001, 51.4762617 ], [ 0.2149875, 51.4763783 ], [ 0.2156609, 51.4764852 ], [ 0.2160269, 51.4765493 ], [ 0.216227, 51.4766355 ], [ 0.2162743, 51.4766607 ], [ 0.2164423, 51.4767996 ], [ 0.2165393, 51.4768994 ], [ 0.2165975, 51.4769711 ], [ 0.2166833, 51.4771062 ], [ 0.216831, 51.4774199 ], [ 0.2168602, 51.4774886 ], [ 0.2168722, 51.4775567 ], [ 0.216872, 51.4776134 ], [ 0.2168231, 51.4778526 ], [ 0.216789, 51.4779495 ], [ 0.2167178, 51.4780858 ], [ 0.2166095, 51.4783774 ], [ 0.2165156, 51.4784007 ], [ 0.2164761, 51.4784186 ], [ 0.2164525, 51.4784352 ], [ 0.2164188, 51.4784826 ], [ 0.2164266, 51.4786147 ], [ 0.2164065, 51.4787346 ], [ 0.2164094, 51.4788245 ], [ 0.2163811, 51.4789824 ], [ 0.2163533, 51.4790639 ], [ 0.2163537, 51.4791008 ], [ 0.2163623, 51.4791303 ], [ 0.2165733, 51.4795319 ], [ 0.2166117, 51.4796391 ], [ 0.2166388, 51.4796934 ], [ 0.2168051, 51.4798557 ], [ 0.2168911, 51.4799081 ], [ 0.2173001, 51.4800559 ], [ 0.217591, 51.480143 ], [ 0.2179401, 51.4802452 ], [ 0.2180494, 51.480271 ], [ 0.2181671, 51.4802922 ], [ 0.2183494, 51.4803103 ], [ 0.2187131, 51.4802351 ], [ 0.21964, 51.4800152 ], [ 0.2201278, 51.480006 ], [ 0.2208371, 51.4804368 ], [ 0.2221118, 51.4812382 ], [ 0.2236758, 51.4822724 ], [ 0.222104, 51.4829434 ], [ 0.2202673, 51.4837094 ], [ 0.2199421, 51.4838351 ], [ 0.2189836, 51.4842067 ], [ 0.2186237, 51.4843277 ], [ 0.2174345, 51.4848151 ], [ 0.2171768, 51.4849055 ], [ 0.2169411, 51.4849756 ], [ 0.2167022, 51.4850403 ], [ 0.2163039, 51.4851441 ], [ 0.2160957, 51.4851876 ], [ 0.2141755, 51.4855692 ], [ 0.2138169, 51.4856308 ], [ 0.2135809, 51.4856641 ], [ 0.2125608, 51.4857786 ], [ 0.2115172, 51.4858514 ], [ 0.2110558, 51.4858709 ], [ 0.210307, 51.4858769 ], [ 0.2103443, 51.4873025 ], [ 0.2103869, 51.488183 ], [ 0.210422, 51.4895646 ], [ 0.2104401, 51.4900283 ], [ 0.2105254, 51.4902425 ], [ 0.2109475, 51.4903317 ], [ 0.2111718, 51.4904129 ], [ 0.2113044, 51.4904733 ], [ 0.2113528, 51.4905506 ], [ 0.2114039, 51.4906837 ], [ 0.2114116, 51.490902 ], [ 0.2114755, 51.4909134 ], [ 0.2115631, 51.4909379 ], [ 0.2118047, 51.4909891 ], [ 0.2118515, 51.4910026 ], [ 0.2118887, 51.491027 ], [ 0.2119039, 51.4910438 ], [ 0.2119619, 51.4912604 ], [ 0.2119896, 51.4913867 ], [ 0.2120269, 51.4916791 ], [ 0.2120592, 51.4921677 ], [ 0.2121243, 51.4924129 ], [ 0.2122501, 51.4925113 ], [ 0.2123007, 51.4925742 ], [ 0.2123268, 51.4926384 ], [ 0.2123437, 51.4927478 ], [ 0.2123786, 51.4928146 ], [ 0.2124108, 51.4928545 ], [ 0.2124501, 51.4928933 ], [ 0.2127329, 51.493111 ], [ 0.2127857, 51.4932188 ], [ 0.2128097, 51.4932984 ], [ 0.2128172, 51.4933333 ], [ 0.212832, 51.4938169 ], [ 0.2128191, 51.4939088 ], [ 0.2128228, 51.4939546 ], [ 0.2128471, 51.4940396 ], [ 0.2128821, 51.4941082 ], [ 0.2128739, 51.4941767 ], [ 0.2128647, 51.4942551 ], [ 0.2128369, 51.494306 ], [ 0.2128244, 51.4943449 ], [ 0.2128218, 51.4943809 ], [ 0.2128311, 51.4944239 ], [ 0.2128738, 51.4945013 ], [ 0.2130459, 51.4950215 ], [ 0.2131757, 51.4950235 ], [ 0.2133174, 51.4950056 ], [ 0.2133936, 51.4950023 ], [ 0.2135151, 51.4950126 ], [ 0.2136727, 51.4953199 ], [ 0.213836, 51.4955389 ], [ 0.2139807, 51.4958195 ], [ 0.2141282, 51.4960388 ], [ 0.214248, 51.4960734 ], [ 0.2143125, 51.4960668 ], [ 0.2143963, 51.4961318 ], [ 0.2147285, 51.4963261 ], [ 0.2149321, 51.4964535 ], [ 0.214994, 51.4964829 ], [ 0.215107, 51.4965248 ], [ 0.2152859, 51.4965601 ], [ 0.2152902, 51.4965601 ], [ 0.2153829, 51.4966006 ], [ 0.2154587, 51.4966189 ], [ 0.2155398, 51.4966264 ], [ 0.2155786, 51.4966247 ], [ 0.2157046, 51.4965486 ], [ 0.2159265, 51.4964599 ], [ 0.2162668, 51.4965254 ], [ 0.2169971, 51.4965826 ], [ 0.217098, 51.4966122 ], [ 0.2171465, 51.496632 ], [ 0.2172987, 51.49671 ], [ 0.2175173, 51.4967922 ], [ 0.2176008, 51.4968194 ], [ 0.2177744, 51.4968647 ], [ 0.2179224, 51.496915 ], [ 0.2181741, 51.4970253 ], [ 0.2183519, 51.4970966 ], [ 0.2188162, 51.497193 ], [ 0.2194424, 51.4972711 ], [ 0.219508, 51.4972861 ], [ 0.2195695, 51.4973074 ], [ 0.2195961, 51.4973213 ], [ 0.2196076, 51.4974092 ], [ 0.2196399, 51.4974508 ], [ 0.2200875, 51.4975305 ], [ 0.2210525, 51.4977316 ], [ 0.2214309, 51.4977802 ], [ 0.2216254, 51.4978098 ], [ 0.2217569, 51.4978172 ], [ 0.2219151, 51.4978115 ], [ 0.2222876, 51.4977676 ], [ 0.2225996, 51.4977833 ], [ 0.2229457, 51.4977902 ], [ 0.2233177, 51.4978263 ], [ 0.2234629, 51.4978478 ], [ 0.2234657, 51.4978478 ], [ 0.2235781, 51.4979059 ], [ 0.2235953, 51.4978453 ], [ 0.2236004, 51.4978326 ], [ 0.2237715, 51.4976774 ], [ 0.2239982, 51.4975391 ], [ 0.224261, 51.4973138 ], [ 0.2242696, 51.4973127 ], [ 0.2243321, 51.497325 ], [ 0.2245765, 51.4974031 ], [ 0.2250043, 51.4974886 ], [ 0.2253646, 51.4975788 ], [ 0.2256984, 51.4977173 ], [ 0.2258783, 51.497802 ], [ 0.2258797, 51.497802 ], [ 0.2263274, 51.4980003 ], [ 0.2268914, 51.4983098 ], [ 0.2272859, 51.4985397 ], [ 0.2275741, 51.4987186 ], [ 0.2276326, 51.4987354 ], [ 0.2277269, 51.4987202 ], [ 0.2278358, 51.498826 ], [ 0.2278792, 51.4988593 ], [ 0.2282525, 51.4989791 ], [ 0.2286205, 51.4991088 ], [ 0.2289198, 51.4991894 ], [ 0.2294226, 51.499277 ], [ 0.2297195, 51.49931 ], [ 0.2299369, 51.4993652 ], [ 0.2295467, 51.4999302 ], [ 0.2291401, 51.5004559 ], [ 0.2287015, 51.5010065 ], [ 0.2283481, 51.50156 ], [ 0.228044, 51.5020307 ], [ 0.2277821, 51.5024818 ], [ 0.2276474, 51.5027919 ], [ 0.2276014, 51.5030302 ], [ 0.2275217, 51.5032277 ], [ 0.2274392, 51.5033678 ], [ 0.227406, 51.5034251 ], [ 0.2270342, 51.503898 ], [ 0.2267202, 51.5042852 ], [ 0.226586, 51.5044883 ], [ 0.2265725, 51.504744 ], [ 0.2264894, 51.5049902 ], [ 0.2263669, 51.5052263 ], [ 0.2261869, 51.5054348 ], [ 0.2260035, 51.505753 ], [ 0.2260345, 51.5057965 ], [ 0.2260406, 51.5058045 ], [ 0.2259924, 51.5058791 ], [ 0.226368, 51.5059278 ], [ 0.2265146, 51.5065113 ], [ 0.2265237, 51.506521 ], [ 0.2265328, 51.5065299 ], [ 0.2265419, 51.5065387 ], [ 0.2265479, 51.5065449 ], [ 0.2265584, 51.5065537 ], [ 0.226569, 51.5065624 ], [ 0.2265809, 51.5065703 ], [ 0.2265928, 51.5065782 ], [ 0.2266047, 51.5065851 ], [ 0.226618, 51.5065921 ], [ 0.2266224, 51.5065938 ], [ 0.2266327, 51.5065981 ], [ 0.2266443, 51.5066006 ], [ 0.2266546, 51.506604 ], [ 0.2266662, 51.5066065 ], [ 0.2266764, 51.506609 ], [ 0.2266881, 51.5066114 ], [ 0.2267113, 51.5066155 ], [ 0.226723, 51.506618 ], [ 0.2267273, 51.5066188 ], [ 0.2267768, 51.5066286 ], [ 0.2268263, 51.5066376 ], [ 0.2268771, 51.5066465 ], [ 0.2269265, 51.5066537 ], [ 0.2269772, 51.5066599 ], [ 0.2270279, 51.5066652 ], [ 0.2270786, 51.5066706 ], [ 0.2271307, 51.5066741 ], [ 0.2271827, 51.5066767 ], [ 0.2272332, 51.5066784 ], [ 0.2272851, 51.5066792 ], [ 0.2272909, 51.5066791 ], [ 0.2284424, 51.5067706 ], [ 0.2289282, 51.5068036 ], [ 0.2294586, 51.5068043 ], [ 0.2299626, 51.5067974 ], [ 0.2304135, 51.5067637 ], [ 0.230764, 51.5067111 ], [ 0.2310445, 51.5067004 ], [ 0.2315832, 51.5066964 ], [ 0.231842, 51.5066843 ], [ 0.2320129, 51.5066433 ], [ 0.2320144, 51.5066433 ], [ 0.2321807, 51.5066257 ], [ 0.2324789, 51.5066236 ], [ 0.2331664, 51.5066546 ], [ 0.2334135, 51.5066697 ], [ 0.2337392, 51.5067588 ], [ 0.2340516, 51.506841 ], [ 0.2343116, 51.5068828 ], [ 0.2346028, 51.506942 ], [ 0.2348324, 51.506952 ], [ 0.2349725, 51.5069296 ], [ 0.2350847, 51.5069256 ], [ 0.2354228, 51.5069444 ], [ 0.2358786, 51.5069815 ], [ 0.2372387, 51.5070932 ], [ 0.239066, 51.5072409 ], [ 0.2398186, 51.5072778 ], [ 0.239868, 51.5073146 ], [ 0.2399771, 51.5073943 ], [ 0.2399525, 51.507509 ], [ 0.2400148, 51.5075456 ], [ 0.2399367, 51.5075984 ], [ 0.2399708, 51.5077065 ], [ 0.2405026, 51.5077647 ], [ 0.2407316, 51.5077918 ], [ 0.2410824, 51.5078346 ], [ 0.2414105, 51.5078831 ], [ 0.2417671, 51.5079249 ], [ 0.2418913, 51.5079594 ], [ 0.2418479, 51.5080744 ], [ 0.2418288, 51.5081252 ], [ 0.2419851, 51.5081105 ], [ 0.2419894, 51.5081095 ], [ 0.2420025, 51.5083754 ], [ 0.2420139, 51.508609 ], [ 0.2418977, 51.5091176 ], [ 0.2418178, 51.509575 ], [ 0.2416288, 51.5100409 ], [ 0.2414139, 51.5104182 ], [ 0.2414742, 51.5106203 ], [ 0.2411835, 51.5105404 ], [ 0.240889, 51.5105299 ], [ 0.2406522, 51.5105209 ], [ 0.2406463, 51.5105183 ], [ 0.2406419, 51.5105157 ], [ 0.2406346, 51.510514 ], [ 0.2406287, 51.5105114 ], [ 0.2406229, 51.5105107 ], [ 0.2406156, 51.510509 ], [ 0.2406084, 51.5105082 ], [ 0.2406026, 51.5105075 ], [ 0.2405953, 51.5105067 ], [ 0.2405881, 51.5105059 ], [ 0.2405809, 51.5105061 ], [ 0.2405737, 51.5105062 ], [ 0.240568, 51.5105072 ], [ 0.2405608, 51.5105083 ], [ 0.2405536, 51.5105093 ], [ 0.2405479, 51.5105103 ], [ 0.2405408, 51.5105122 ], [ 0.2405337, 51.5105142 ], [ 0.240528, 51.5105161 ], [ 0.2405224, 51.510518 ], [ 0.2405182, 51.5105217 ], [ 0.2405126, 51.5105245 ], [ 0.2405084, 51.5105272 ], [ 0.2405043, 51.5105309 ], [ 0.2405001, 51.5105346 ], [ 0.2404974, 51.5105382 ], [ 0.2404933, 51.5105419 ], [ 0.2404906, 51.5105456 ], [ 0.2404879, 51.5105501 ], [ 0.2404852, 51.5105538 ], [ 0.2404757, 51.5105656 ], [ 0.2404717, 51.5105729 ], [ 0.2404678, 51.5105802 ], [ 0.2404638, 51.5105874 ], [ 0.2404613, 51.5105956 ], [ 0.2404588, 51.5106037 ], [ 0.2404563, 51.5106119 ], [ 0.2404538, 51.5106191 ], [ 0.2404503, 51.5106363 ], [ 0.2404482, 51.5106507 ], [ 0.240446, 51.510666 ], [ 0.2404453, 51.5106813 ], [ 0.2404446, 51.5106957 ], [ 0.2404454, 51.510711 ], [ 0.2404458, 51.5107191 ], [ 0.2404437, 51.5107659 ], [ 0.2402789, 51.5107546 ], [ 0.2403441, 51.5109387 ], [ 0.2403441, 51.5111734 ], [ 0.2402743, 51.5113959 ], [ 0.2402635, 51.5118809 ], [ 0.2402462, 51.512115 ], [ 0.240219, 51.5122666 ], [ 0.2401409, 51.512555 ], [ 0.2401104, 51.5126374 ], [ 0.2400093, 51.5128381 ], [ 0.2399463, 51.5130524 ], [ 0.2399657, 51.5132436 ], [ 0.2401482, 51.5133201 ], [ 0.2402794, 51.5133509 ], [ 0.2404207, 51.5133806 ], [ 0.2407996, 51.5134354 ], [ 0.2408943, 51.5136027 ], [ 0.2411144, 51.5137423 ], [ 0.2409583, 51.5139675 ], [ 0.2406131, 51.5143634 ], [ 0.2404069, 51.5146561 ], [ 0.2400895, 51.5149148 ], [ 0.2395106, 51.5156876 ], [ 0.2393641, 51.5160231 ], [ 0.2386695, 51.5170238 ], [ 0.2385201, 51.5172398 ], [ 0.2381364, 51.5177921 ], [ 0.2371481, 51.5193335 ], [ 0.2378822, 51.5193707 ], [ 0.2398822, 51.5193847 ], [ 0.2401674, 51.5193505 ], [ 0.240323, 51.5193196 ], [ 0.240444, 51.5192885 ], [ 0.2410337, 51.5190866 ], [ 0.2431891, 51.518478 ], [ 0.2439086, 51.5183365 ], [ 0.2441943, 51.5184308 ], [ 0.2447726, 51.5186995 ], [ 0.2448272, 51.5187254 ], [ 0.2448779, 51.5187586 ], [ 0.2449126, 51.5187903 ], [ 0.2449388, 51.5188249 ], [ 0.2449619, 51.5188838 ], [ 0.2449582, 51.5189558 ], [ 0.2449256, 51.5190257 ], [ 0.2445043, 51.5195158 ], [ 0.2442005, 51.519759 ], [ 0.2444117, 51.5200085 ], [ 0.2446378, 51.520149 ], [ 0.2444953, 51.5203001 ], [ 0.244415, 51.5203682 ], [ 0.2442716, 51.5204708 ], [ 0.2438464, 51.520648 ], [ 0.2436204, 51.5207134 ], [ 0.2434694, 51.5207496 ], [ 0.2432696, 51.5207903 ], [ 0.2430752, 51.5208246 ], [ 0.2429135, 51.5208484 ], [ 0.2427501, 51.5208677 ], [ 0.2424399, 51.5208916 ], [ 0.2421665, 51.520931 ], [ 0.2417412, 51.5210174 ], [ 0.2411512, 51.5211564 ], [ 0.2406967, 51.5212064 ], [ 0.2406452, 51.5214187 ], [ 0.2406233, 51.5217672 ], [ 0.2406294, 51.5218318 ], [ 0.2406672, 51.5219552 ], [ 0.2406974, 51.5220122 ], [ 0.2407679, 51.5220989 ], [ 0.2407975, 51.5221424 ], [ 0.2409044, 51.5223526 ], [ 0.2410105, 51.5226051 ], [ 0.2410714, 51.5226723 ], [ 0.241137, 51.522716 ], [ 0.2412373, 51.5227618 ], [ 0.2414963, 51.5229295 ], [ 0.2419774, 51.5232728 ], [ 0.2423198, 51.5235819 ], [ 0.2427098, 51.5240376 ], [ 0.2427474, 51.524098 ], [ 0.2427868, 51.5241953 ], [ 0.2428281, 51.5243914 ], [ 0.2447414, 51.5238395 ], [ 0.2458096, 51.5235151 ], [ 0.2459828, 51.5236953 ], [ 0.2462019, 51.5240184 ], [ 0.2463189, 51.5240225 ], [ 0.2463552, 51.5240272 ], [ 0.2464195, 51.5240448 ], [ 0.2464741, 51.5240699 ], [ 0.2465113, 51.5240943 ], [ 0.2466331, 51.5242251 ], [ 0.2466659, 51.5242766 ], [ 0.2470418, 51.5250302 ], [ 0.2470621, 51.525091 ], [ 0.2470715, 51.5251654 ], [ 0.247065, 51.5252393 ], [ 0.247044, 51.5253099 ], [ 0.2469766, 51.5254344 ], [ 0.2467982, 51.5256167 ], [ 0.2463411, 51.5261723 ], [ 0.2462584, 51.5262485 ], [ 0.2462303, 51.526294 ], [ 0.2462176, 51.5263284 ], [ 0.2462139, 51.5263707 ], [ 0.2462208, 51.5264219 ], [ 0.2462339, 51.5264549 ], [ 0.2462556, 51.526486 ], [ 0.2462968, 51.526531 ], [ 0.2463958, 51.5266101 ], [ 0.2468422, 51.5268614 ], [ 0.2474026, 51.5270881 ], [ 0.248263, 51.52755 ], [ 0.2488543, 51.5274083 ], [ 0.248935, 51.5279337 ], [ 0.2489369, 51.5286729 ], [ 0.2492903, 51.5287354 ], [ 0.2497721, 51.5287702 ], [ 0.2506707, 51.5288078 ], [ 0.2508241, 51.5288175 ], [ 0.2508897, 51.5286292 ], [ 0.2509443, 51.5284501 ], [ 0.2510241, 51.5282543 ], [ 0.2511502, 51.5279767 ], [ 0.2513981, 51.5275079 ], [ 0.2514255, 51.5271854 ], [ 0.2514752, 51.5268481 ], [ 0.2514912, 51.52656 ], [ 0.2514642, 51.5263627 ], [ 0.2514739, 51.5261503 ], [ 0.2515082, 51.5259698 ], [ 0.2516391, 51.5257011 ], [ 0.2518227, 51.5254475 ], [ 0.2520419, 51.5251861 ], [ 0.2521635, 51.5250795 ], [ 0.2522279, 51.5249811 ], [ 0.2523049, 51.524789 ], [ 0.2523755, 51.524525 ], [ 0.2524561, 51.5240271 ], [ 0.2524478, 51.5238006 ], [ 0.2524069, 51.523555 ], [ 0.2524428, 51.5233474 ], [ 0.2525094, 51.523062 ], [ 0.2525889, 51.5227151 ], [ 0.2526297, 51.5223744 ], [ 0.2527372, 51.522099 ], [ 0.2529238, 51.5217321 ], [ 0.2531084, 51.5213544 ], [ 0.2532582, 51.5210008 ], [ 0.2533552, 51.5206878 ], [ 0.2533914, 51.5204299 ], [ 0.2533943, 51.520196 ], [ 0.253407, 51.5200141 ], [ 0.2534729, 51.51986 ], [ 0.2534767, 51.5198491 ], [ 0.2535582, 51.5196317 ], [ 0.2536575, 51.5193672 ], [ 0.2536895, 51.5190806 ], [ 0.2537451, 51.5184842 ], [ 0.2537694, 51.5182463 ], [ 0.2538064, 51.517885 ], [ 0.2540477, 51.5178974 ], [ 0.2543898, 51.5178486 ], [ 0.2545383, 51.5178206 ], [ 0.2546781, 51.5177918 ], [ 0.2547928, 51.51775 ], [ 0.2548372, 51.5177438 ], [ 0.2549293, 51.5177411 ], [ 0.2550911, 51.5177479 ], [ 0.2552894, 51.5177351 ], [ 0.2555765, 51.5176828 ], [ 0.2556984, 51.5176705 ], [ 0.2557821, 51.5176725 ], [ 0.2558835, 51.5176823 ], [ 0.2559592, 51.5176961 ], [ 0.2560162, 51.5177121 ], [ 0.2561292, 51.517754 ], [ 0.2563888, 51.5178155 ], [ 0.2564555, 51.5178224 ], [ 0.2565247, 51.5178237 ], [ 0.2565792, 51.5178182 ], [ 0.2566743, 51.5177876 ], [ 0.2567143, 51.5177796 ], [ 0.256766, 51.5177768 ], [ 0.2568426, 51.5177807 ], [ 0.2571907, 51.5178235 ], [ 0.2573189, 51.5178516 ], [ 0.2573828, 51.5178603 ], [ 0.2574796, 51.5178647 ], [ 0.2576724, 51.5178592 ], [ 0.2578975, 51.5178333 ], [ 0.2580053, 51.5178285 ], [ 0.2580645, 51.51783 ], [ 0.2582966, 51.5178589 ], [ 0.2585798, 51.5178435 ], [ 0.258624, 51.5178337 ], [ 0.2587779, 51.5177686 ], [ 0.2588567, 51.5177599 ], [ 0.2589001, 51.5177627 ], [ 0.2590195, 51.5177874 ], [ 0.2592626, 51.517807 ], [ 0.2594371, 51.517809 ], [ 0.2594607, 51.5178184 ], [ 0.2594847, 51.5178387 ], [ 0.259476, 51.5179234 ], [ 0.2594334, 51.5179656 ], [ 0.2594202, 51.517991 ], [ 0.2594171, 51.5180162 ], [ 0.2594472, 51.5180714 ], [ 0.2595254, 51.5181364 ], [ 0.2597548, 51.5182561 ], [ 0.2599501, 51.5183009 ], [ 0.2601096, 51.5183194 ], [ 0.2601774, 51.5183496 ], [ 0.2602257, 51.518364 ], [ 0.260275, 51.5183702 ], [ 0.2603571, 51.5183686 ], [ 0.2605146, 51.5183476 ], [ 0.2608557, 51.5182493 ], [ 0.2613759, 51.518072 ], [ 0.2614907, 51.5180032 ], [ 0.2615714, 51.5179729 ], [ 0.2616398, 51.5179572 ], [ 0.2617587, 51.5179432 ], [ 0.2619714, 51.5179292 ], [ 0.2622799, 51.5179296 ], [ 0.262705, 51.5179286 ], [ 0.2636549, 51.5178689 ], [ 0.2637531, 51.5181925 ], [ 0.2638406, 51.5186495 ], [ 0.2638568, 51.5190628 ], [ 0.2639085, 51.5202804 ], [ 0.2639179, 51.5204412 ], [ 0.2639666, 51.5208404 ], [ 0.2640074, 51.5210833 ], [ 0.264041, 51.5212086 ], [ 0.2641388, 51.5214648 ], [ 0.2642283, 51.5216411 ], [ 0.2642974, 51.5217558 ], [ 0.2649813, 51.5229 ], [ 0.2656608, 51.5229408 ], [ 0.2666101, 51.5229549 ], [ 0.2666768, 51.5233115 ], [ 0.2667312, 51.5238267 ], [ 0.2667235, 51.5245121 ], [ 0.2663447, 51.5245491 ], [ 0.2658154, 51.5245737 ], [ 0.2657067, 51.5245911 ], [ 0.2656428, 51.5246094 ], [ 0.2655371, 51.5246591 ], [ 0.2654954, 51.5246905 ], [ 0.2654557, 51.5247335 ], [ 0.2653839, 51.5248554 ], [ 0.2653586, 51.5249548 ], [ 0.2653568, 51.5250052 ], [ 0.2654388, 51.5257276 ], [ 0.2654745, 51.5274059 ], [ 0.2654781, 51.5278276 ], [ 0.2654343, 51.5286297 ], [ 0.2654394, 51.529573 ], [ 0.2653193, 51.5321491 ], [ 0.2659852, 51.5322028 ], [ 0.2660926, 51.532216 ], [ 0.266441, 51.5322641 ], [ 0.267175, 51.5323812 ], [ 0.267641, 51.5324738 ], [ 0.2688607, 51.5327614 ], [ 0.2691998, 51.5328529 ], [ 0.2693777, 51.5328935 ], [ 0.2696529, 51.5329475 ], [ 0.2706781, 51.5330922 ], [ 0.2721052, 51.5331986 ], [ 0.2724415, 51.5332056 ], [ 0.2726245, 51.5332029 ], [ 0.2729335, 51.5331844 ], [ 0.27311, 51.5331656 ], [ 0.2734364, 51.5331197 ], [ 0.273585, 51.5330917 ], [ 0.2738987, 51.5330209 ], [ 0.2740588, 51.5329926 ], [ 0.2742837, 51.532963 ], [ 0.2744976, 51.5329445 ], [ 0.2746429, 51.5329381 ], [ 0.2749315, 51.5329424 ], [ 0.2750458, 51.53295 ], [ 0.2753477, 51.5329892 ], [ 0.2753972, 51.532999 ], [ 0.2757495, 51.5330947 ], [ 0.2761963, 51.5331777 ], [ 0.2763121, 51.5329273 ], [ 0.2773974, 51.5331481 ], [ 0.278377, 51.5333323 ], [ 0.2795266, 51.5335132 ], [ 0.2807408, 51.5337747 ], [ 0.2817339, 51.5339407 ], [ 0.2824691, 51.5339938 ], [ 0.2834473, 51.5340917 ], [ 0.2840126, 51.534122 ], [ 0.2846457, 51.5341807 ], [ 0.2854908, 51.5342119 ], [ 0.2859278, 51.5342718 ], [ 0.2866387, 51.5343299 ], [ 0.2869159, 51.5344225 ], [ 0.2870469, 51.5344469 ], [ 0.2872721, 51.5344812 ], [ 0.2874955, 51.5345083 ], [ 0.2876289, 51.5345219 ], [ 0.2880471, 51.5345524 ], [ 0.2883174, 51.5345642 ], [ 0.2889196, 51.5345543 ], [ 0.2898398, 51.5345579 ], [ 0.2904965, 51.5344839 ], [ 0.2904116, 51.5346591 ], [ 0.290873, 51.5346879 ], [ 0.2913456, 51.534738 ], [ 0.2919577, 51.5347818 ], [ 0.2928749, 51.5348691 ], [ 0.2939787, 51.5349392 ], [ 0.2948759, 51.5350611 ], [ 0.2954957, 51.5351128 ], [ 0.2977267, 51.5353173 ], [ 0.2976992, 51.5356308 ], [ 0.2975805, 51.5360234 ], [ 0.2973889, 51.5367143 ], [ 0.297177, 51.5376609 ], [ 0.297485, 51.5377061 ], [ 0.2989209, 51.5378983 ], [ 0.3008306, 51.5381333 ], [ 0.300764, 51.5384998 ], [ 0.3006946, 51.5387547 ], [ 0.3010486, 51.5387964 ], [ 0.3026345, 51.5389028 ], [ 0.3036508, 51.5389521 ], [ 0.3045173, 51.5390052 ], [ 0.3057062, 51.5391033 ], [ 0.3057077, 51.5391032 ], [ 0.3063251, 51.5391361 ], [ 0.3063569, 51.5390797 ], [ 0.3065939, 51.5390903 ], [ 0.3067966, 51.5391061 ], [ 0.307477, 51.5391575 ], [ 0.3091411, 51.5392407 ], [ 0.3092873, 51.5392792 ], [ 0.3097458, 51.5392783 ], [ 0.3100118, 51.539291 ], [ 0.3104818, 51.5393456 ], [ 0.3104987, 51.5396502 ], [ 0.3114478, 51.5397106 ], [ 0.3119333, 51.5397298 ], [ 0.3123127, 51.5397601 ], [ 0.313014, 51.5397966 ], [ 0.313272, 51.5398221 ], [ 0.3138568, 51.5398655 ], [ 0.3144134, 51.539921 ], [ 0.3152105, 51.5399413 ], [ 0.3152451, 51.5398848 ], [ 0.3157817, 51.5399165 ], [ 0.3163921, 51.53998 ], [ 0.3168616, 51.539995 ], [ 0.3168891, 51.5400817 ], [ 0.3174592, 51.5401208 ], [ 0.3197409, 51.540323 ], [ 0.3205844, 51.5404043 ], [ 0.3215051, 51.5405012 ], [ 0.322413, 51.5405165 ], [ 0.3235066, 51.5405533 ], [ 0.3246902, 51.5406297 ], [ 0.3252565, 51.540649 ], [ 0.3260515, 51.5406575 ], [ 0.3264806, 51.5406445 ], [ 0.3269922, 51.5406641 ], [ 0.3273485, 51.5406939 ], [ 0.32784, 51.5407174 ], [ 0.3291187, 51.5407352 ], [ 0.3296019, 51.5407373 ], [ 0.330094, 51.5407428 ], [ 0.3305996, 51.5407597 ], [ 0.3311939, 51.5407614 ], [ 0.3315619, 51.5407954 ], [ 0.33149, 51.540715 ], [ 0.3314624, 51.5406553 ], [ 0.331383, 51.5403988 ], [ 0.3313794, 51.5401875 ], [ 0.3314009, 51.5400441 ], [ 0.332757, 51.540278 ], [ 0.3339957, 51.5405024 ], [ 0.3340156, 51.5406648 ], [ 0.3338153, 51.5409781 ], [ 0.3338141, 51.5410672 ], [ 0.3338291, 51.5411065 ], [ 0.3338276, 51.5411353 ], [ 0.3338132, 51.5411634 ], [ 0.333794, 51.5411818 ], [ 0.3337347, 51.5412064 ], [ 0.3336005, 51.5412333 ], [ 0.3333048, 51.5412608 ], [ 0.3334644, 51.541647 ], [ 0.333874, 51.5424923 ], [ 0.3336883, 51.5427532 ], [ 0.3334598, 51.5431058 ], [ 0.3330418, 51.5438156 ], [ 0.3329016, 51.5440072 ], [ 0.3325471, 51.5444648 ], [ 0.3318629, 51.5453283 ], [ 0.3314168, 51.5459415 ], [ 0.3306794, 51.5459336 ], [ 0.3301726, 51.5458951 ], [ 0.3294263, 51.5458263 ], [ 0.3290181, 51.5457985 ], [ 0.3288715, 51.5458356 ], [ 0.3290699, 51.5461347 ], [ 0.3294394, 51.5465626 ], [ 0.3291002, 51.5469533 ], [ 0.3290051, 51.5470407 ], [ 0.3289273, 51.5471258 ], [ 0.3288662, 51.5472017 ], [ 0.3288223, 51.5472736 ], [ 0.3287845, 51.5473526 ], [ 0.3287617, 51.5474133 ], [ 0.328701, 51.5476942 ], [ 0.3286283, 51.5478521 ], [ 0.3286054, 51.5478841 ], [ 0.3285253, 51.5479828 ], [ 0.3284052, 51.5481147 ], [ 0.3282811, 51.5482277 ], [ 0.3280603, 51.5483949 ], [ 0.3280178, 51.548438 ], [ 0.3279761, 51.5484973 ], [ 0.3279504, 51.5485598 ], [ 0.3279398, 51.5486329 ], [ 0.3279405, 51.5487039 ], [ 0.3279566, 51.5487926 ], [ 0.3279749, 51.5490099 ], [ 0.3279731, 51.5490891 ], [ 0.3279648, 51.5494346 ], [ 0.3279161, 51.5504868 ], [ 0.327861, 51.5508755 ], [ 0.3278258, 51.5509491 ], [ 0.3277876, 51.550993 ], [ 0.3275166, 51.5511657 ], [ 0.3270458, 51.5514367 ], [ 0.3267543, 51.5515765 ], [ 0.3266337, 51.5516436 ], [ 0.3264037, 51.551802 ], [ 0.3262484, 51.5519246 ], [ 0.3259779, 51.5521647 ], [ 0.3257116, 51.5523733 ], [ 0.3255763, 51.552491 ], [ 0.3254884, 51.5525782 ], [ 0.325427, 51.5526478 ], [ 0.3253788, 51.5527207 ], [ 0.325297, 51.5528698 ], [ 0.3251291, 51.5530566 ], [ 0.3248143, 51.5530502 ], [ 0.3244605, 51.5530725 ], [ 0.3241957, 51.5530562 ], [ 0.323177, 51.5528812 ], [ 0.3226046, 51.552773 ], [ 0.32253, 51.5527537 ], [ 0.3224677, 51.5527478 ], [ 0.3223971, 51.5527492 ], [ 0.3223356, 51.5527603 ], [ 0.3222775, 51.5527803 ], [ 0.3222256, 51.5528101 ], [ 0.3221911, 51.5528396 ], [ 0.3221736, 51.5528651 ], [ 0.3220553, 51.5532892 ], [ 0.3220618, 51.5536434 ], [ 0.3220487, 51.5539809 ], [ 0.3220708, 51.5540192 ], [ 0.3220817, 51.5540621 ], [ 0.3220824, 51.5541053 ], [ 0.3220524, 51.5541679 ], [ 0.3220251, 51.5541972 ], [ 0.3219762, 51.5542288 ], [ 0.3218606, 51.5542814 ], [ 0.3214671, 51.5544025 ], [ 0.3211007, 51.5544871 ], [ 0.3206696, 51.5546054 ], [ 0.3200002, 51.5548317 ], [ 0.3195488, 51.5549765 ], [ 0.3190989, 51.5551212 ], [ 0.3189976, 51.5551438 ], [ 0.3189308, 51.555164 ], [ 0.3188687, 51.5551896 ], [ 0.3188027, 51.5552259 ], [ 0.3187387, 51.5552722 ], [ 0.3186947, 51.5553153 ], [ 0.3186619, 51.5553789 ], [ 0.318589, 51.5559604 ], [ 0.3184926, 51.5565325 ], [ 0.3184071, 51.5567788 ], [ 0.3181744, 51.5569138 ], [ 0.3177297, 51.5571321 ], [ 0.3168782, 51.5575239 ], [ 0.3164723, 51.5576839 ], [ 0.316164, 51.5576936 ], [ 0.3156055, 51.5576606 ], [ 0.3153822, 51.5577531 ], [ 0.3153234, 51.5577875 ], [ 0.3152666, 51.5578336 ], [ 0.3152216, 51.5578867 ], [ 0.3151609, 51.5579967 ], [ 0.3151336, 51.5580844 ], [ 0.3150929, 51.5584477 ], [ 0.3150153, 51.5589366 ], [ 0.3150243, 51.5590003 ], [ 0.3150159, 51.5590346 ], [ 0.3150013, 51.5590583 ], [ 0.3149681, 51.5590877 ], [ 0.3149106, 51.5591195 ], [ 0.3148738, 51.5591328 ], [ 0.3147918, 51.5591389 ], [ 0.3147472, 51.5592549 ], [ 0.3147354, 51.5595051 ], [ 0.3146958, 51.5598611 ], [ 0.3146364, 51.5601411 ], [ 0.3146062, 51.5604555 ], [ 0.3145837, 51.5605513 ], [ 0.3145635, 51.5607783 ], [ 0.3144608, 51.5612579 ], [ 0.314385, 51.5615256 ], [ 0.31437, 51.5616005 ], [ 0.3143147, 51.561732 ], [ 0.3142788, 51.5618784 ], [ 0.3141888, 51.5620672 ], [ 0.3141474, 51.562104 ], [ 0.3141141, 51.5621577 ], [ 0.3141086, 51.5621911 ], [ 0.3141233, 51.5622547 ], [ 0.314134, 51.5622661 ], [ 0.3142091, 51.5622961 ], [ 0.3142176, 51.5623203 ], [ 0.314148, 51.5624286 ], [ 0.3141393, 51.5624549 ], [ 0.3141221, 51.5625721 ], [ 0.3141342, 51.5626385 ], [ 0.3141153, 51.5627225 ], [ 0.3136853, 51.5637445 ], [ 0.3135251, 51.5638286 ], [ 0.3134747, 51.563915 ], [ 0.3134319, 51.564182 ], [ 0.3133365, 51.5645193 ], [ 0.3132946, 51.5649446 ], [ 0.3132232, 51.5651304 ], [ 0.3131707, 51.5653185 ], [ 0.3131027, 51.5654556 ], [ 0.3130752, 51.5655398 ], [ 0.313048, 51.5656294 ], [ 0.313007, 51.5658163 ], [ 0.3099692, 51.56561 ], [ 0.3070414, 51.5654671 ], [ 0.30704, 51.5654671 ], [ 0.306211, 51.565424 ], [ 0.3061956, 51.5655197 ], [ 0.3045243, 51.5653969 ], [ 0.3045478, 51.5652922 ], [ 0.30349, 51.5652329 ], [ 0.302242, 51.5651495 ], [ 0.300796, 51.5650888 ], [ 0.3004671, 51.5650899 ], [ 0.3001828, 51.5650604 ], [ 0.3002115, 51.5650005 ], [ 0.2994442, 51.5649786 ], [ 0.2980654, 51.5648779 ], [ 0.2968819, 51.5648148 ], [ 0.2956282, 51.5647314 ], [ 0.2945237, 51.5646613 ], [ 0.2934549, 51.5645833 ], [ 0.2920409, 51.5644706 ], [ 0.2902618, 51.5642976 ], [ 0.2901736, 51.5644954 ], [ 0.2900298, 51.5648201 ], [ 0.2897653, 51.5654719 ], [ 0.2894776, 51.5659784 ], [ 0.2892578, 51.5664566 ], [ 0.2890329, 51.5670923 ], [ 0.2888116, 51.5675418 ], [ 0.2885988, 51.5681035 ], [ 0.2883661, 51.568555 ], [ 0.2880269, 51.5691579 ], [ 0.2877638, 51.5696378 ], [ 0.2875697, 51.5699968 ], [ 0.2873531, 51.5704237 ], [ 0.2871436, 51.5708226 ], [ 0.2869302, 51.571084 ], [ 0.2867852, 51.5712999 ], [ 0.286773, 51.5713172 ], [ 0.2867543, 51.5713455 ], [ 0.286737, 51.5713755 ], [ 0.2867212, 51.5714055 ], [ 0.2867054, 51.5714355 ], [ 0.2866924, 51.5714654 ], [ 0.286681, 51.5714962 ], [ 0.2866771, 51.5715044 ], [ 0.2866682, 51.5715279 ], [ 0.2866644, 51.5715397 ], [ 0.2866592, 51.5715515 ], [ 0.2866569, 51.5715632 ], [ 0.2866547, 51.571575 ], [ 0.2866538, 51.5715867 ], [ 0.2866526, 51.5715921 ], [ 0.2866518, 51.5716047 ], [ 0.2866521, 51.571611 ], [ 0.286651, 51.5716173 ], [ 0.2866513, 51.5716236 ], [ 0.2866516, 51.5716299 ], [ 0.286652, 51.5716362 ], [ 0.2866523, 51.5716424 ], [ 0.286654, 51.5716487 ], [ 0.2866558, 51.571655 ], [ 0.2866575, 51.5716612 ], [ 0.2866593, 51.5716666 ], [ 0.2866624, 51.5716728 ], [ 0.286667, 51.5716781 ], [ 0.2866716, 51.5716834 ], [ 0.2866762, 51.5716887 ], [ 0.2866823, 51.571694 ], [ 0.2866883, 51.5716993 ], [ 0.2866943, 51.5717037 ], [ 0.2867017, 51.571708 ], [ 0.2867092, 51.5717124 ], [ 0.2867166, 51.5717167 ], [ 0.286724, 51.5717202 ], [ 0.2867328, 51.5717236 ], [ 0.2868408, 51.5718042 ], [ 0.287027, 51.5719769 ], [ 0.2871104, 51.5721443 ], [ 0.2871229, 51.5723635 ], [ 0.2871265, 51.5724066 ], [ 0.2871317, 51.5724542 ], [ 0.2871355, 51.5725009 ], [ 0.2871379, 51.5725485 ], [ 0.287138, 51.572579 ], [ 0.2871369, 51.572615 ], [ 0.2871344, 51.572652 ], [ 0.287132, 51.5726889 ], [ 0.2871266, 51.572725 ], [ 0.2871212, 51.572761 ], [ 0.2871129, 51.5727972 ], [ 0.2871031, 51.5728333 ], [ 0.287092, 51.5728695 ], [ 0.2870907, 51.5728731 ], [ 0.2870766, 51.5729085 ], [ 0.2870625, 51.5729438 ], [ 0.2870455, 51.5729792 ], [ 0.2870271, 51.5730138 ], [ 0.2870071, 51.5730483 ], [ 0.2869872, 51.5730829 ], [ 0.2869644, 51.5731166 ], [ 0.2869401, 51.5731495 ], [ 0.2867248, 51.5734621 ], [ 0.2866254, 51.5735792 ], [ 0.2865175, 51.5735579 ], [ 0.2863472, 51.5735288 ], [ 0.2862688, 51.573578 ], [ 0.2861353, 51.5737641 ], [ 0.2860937, 51.5737685 ], [ 0.2860291, 51.5737769 ], [ 0.2859647, 51.5737872 ], [ 0.2859003, 51.5737974 ], [ 0.2858788, 51.5738014 ], [ 0.2858302, 51.5738105 ], [ 0.2857817, 51.5738204 ], [ 0.2857331, 51.5738304 ], [ 0.285686, 51.5738412 ], [ 0.285639, 51.5738529 ], [ 0.285592, 51.5738655 ], [ 0.2855465, 51.573879 ], [ 0.2855251, 51.5738857 ], [ 0.2854967, 51.5738943 ], [ 0.2854669, 51.5739039 ], [ 0.2854385, 51.5739134 ], [ 0.2854102, 51.5739239 ], [ 0.2853818, 51.5739343 ], [ 0.2853549, 51.5739447 ], [ 0.2853281, 51.5739561 ], [ 0.2853012, 51.5739674 ], [ 0.2852744, 51.5739796 ], [ 0.2852505, 51.5739917 ], [ 0.2852252, 51.5740048 ], [ 0.2852014, 51.5740197 ], [ 0.2851846, 51.5740308 ], [ 0.2851623, 51.5740456 ], [ 0.2851414, 51.5740613 ], [ 0.2851205, 51.574077 ], [ 0.2851011, 51.5740927 ], [ 0.2850832, 51.5741101 ], [ 0.2850653, 51.5741267 ], [ 0.2850489, 51.5741441 ], [ 0.2850324, 51.5741615 ], [ 0.2850175, 51.5741797 ], [ 0.284632, 51.5747529 ], [ 0.2841851, 51.5754532 ], [ 0.2838434, 51.5760363 ], [ 0.2834111, 51.5766841 ], [ 0.2831944, 51.5770534 ], [ 0.2827683, 51.5776238 ], [ 0.2824656, 51.578064 ], [ 0.2820631, 51.5785566 ], [ 0.2820017, 51.5788293 ], [ 0.281754, 51.5788414 ], [ 0.281533, 51.5791253 ], [ 0.2812038, 51.5794978 ], [ 0.2807525, 51.5799679 ], [ 0.2804221, 51.5803178 ], [ 0.2798571, 51.5808819 ], [ 0.2795877, 51.5811218 ], [ 0.2791468, 51.5814838 ], [ 0.2785578, 51.5820033 ], [ 0.2781481, 51.5823827 ], [ 0.2777564, 51.5827473 ], [ 0.2774475, 51.583122 ], [ 0.2765354, 51.5839923 ], [ 0.2765741, 51.5840455 ], [ 0.2763505, 51.5842504 ], [ 0.2759366, 51.5846037 ], [ 0.2756022, 51.5849331 ], [ 0.2753723, 51.5850688 ], [ 0.2753471, 51.5850846 ], [ 0.2750858, 51.5853738 ], [ 0.2747735, 51.5857405 ], [ 0.2746078, 51.5860063 ], [ 0.2742337, 51.5864066 ], [ 0.2738223, 51.586812 ], [ 0.2738209, 51.586812 ], [ 0.2738132, 51.5868599 ], [ 0.273564, 51.5869879 ], [ 0.273245, 51.5871038 ], [ 0.2728594, 51.5872452 ], [ 0.2724336, 51.5874495 ], [ 0.2722007, 51.5876123 ], [ 0.2721086, 51.5877067 ], [ 0.2720715, 51.5877443 ], [ 0.272002, 51.5878851 ], [ 0.2719261, 51.5880412 ], [ 0.2718581, 51.5882413 ], [ 0.2717395, 51.588409 ], [ 0.2715455, 51.588688 ], [ 0.2714446, 51.5888068 ], [ 0.2714418, 51.5888096 ], [ 0.2714183, 51.5888307 ], [ 0.271395, 51.5888537 ], [ 0.2713729, 51.5888757 ], [ 0.2713525, 51.5888994 ], [ 0.2713334, 51.5889223 ], [ 0.2713158, 51.588946 ], [ 0.2712983, 51.5889706 ], [ 0.2712848, 51.5889898 ], [ 0.2712768, 51.5890025 ], [ 0.2712688, 51.5890153 ], [ 0.2712607, 51.589028 ], [ 0.2712541, 51.5890407 ], [ 0.271249, 51.5890543 ], [ 0.2712465, 51.5890616 ], [ 0.2712428, 51.5890742 ], [ 0.2712391, 51.5890869 ], [ 0.2712369, 51.5890995 ], [ 0.2712346, 51.5891113 ], [ 0.2712337, 51.5891239 ], [ 0.271233, 51.5891374 ], [ 0.2712336, 51.58915 ], [ 0.2712357, 51.5891625 ], [ 0.271236, 51.5891697 ], [ 0.2712395, 51.5891822 ], [ 0.2712431, 51.5891947 ], [ 0.2712466, 51.5892073 ], [ 0.2712515, 51.5892197 ], [ 0.2712896, 51.5894043 ], [ 0.2713193, 51.58974 ], [ 0.271102, 51.5899843 ], [ 0.2709348, 51.5902223 ], [ 0.2709004, 51.590285 ], [ 0.2708372, 51.5904067 ], [ 0.270741, 51.5905327 ], [ 0.2706962, 51.5905911 ], [ 0.2704537, 51.5908512 ], [ 0.270255, 51.5910952 ], [ 0.2701042, 51.5915163 ], [ 0.2699023, 51.5922441 ], [ 0.269774, 51.5929723 ], [ 0.2698128, 51.593084 ], [ 0.2698275, 51.5932042 ], [ 0.2698389, 51.5933479 ], [ 0.2697991, 51.5936202 ], [ 0.269764, 51.5938709 ], [ 0.2697113, 51.594175 ], [ 0.269629, 51.5944661 ], [ 0.2695435, 51.5947493 ], [ 0.2693993, 51.5950704 ], [ 0.2693083, 51.5952727 ], [ 0.2693061, 51.5953735 ], [ 0.26935, 51.5955003 ], [ 0.2694659, 51.5956537 ], [ 0.2695978, 51.5958085 ], [ 0.2697158, 51.5959744 ], [ 0.2698246, 51.5961872 ], [ 0.2699312, 51.5963848 ], [ 0.2701095, 51.5966008 ], [ 0.2701751, 51.5968171 ], [ 0.2702514, 51.5970432 ], [ 0.2703122, 51.5973082 ], [ 0.2703603, 51.597693 ], [ 0.27035, 51.5978048 ], [ 0.2703278, 51.598084 ], [ 0.2702967, 51.5983571 ], [ 0.2702384, 51.5985201 ], [ 0.270125, 51.5987947 ], [ 0.2700122, 51.5991386 ], [ 0.2698519, 51.5995725 ], [ 0.2690764, 51.5995425 ], [ 0.2681039, 51.5995865 ], [ 0.2675328, 51.5995724 ], [ 0.2670574, 51.5995942 ], [ 0.2670596, 51.5996382 ], [ 0.266583, 51.5996663 ], [ 0.2653037, 51.5996973 ], [ 0.264494, 51.5997642 ], [ 0.2643714, 51.5997665 ], [ 0.2639789, 51.5998307 ], [ 0.2635737, 51.59987 ], [ 0.2627558, 51.5999748 ], [ 0.2622498, 51.6000224 ], [ 0.2618896, 51.6001246 ], [ 0.2618724, 51.6001286 ], [ 0.2608485, 51.6003875 ], [ 0.2607424, 51.6004039 ], [ 0.2600697, 51.6005239 ], [ 0.2595448, 51.6006257 ], [ 0.258225, 51.6009182 ], [ 0.258204, 51.6010194 ], [ 0.2581525, 51.6011454 ], [ 0.258124, 51.601181 ], [ 0.2580822, 51.6012124 ], [ 0.2580244, 51.6012405 ], [ 0.257959, 51.6012606 ], [ 0.2578874, 51.6012728 ], [ 0.2578138, 51.6012751 ], [ 0.2570416, 51.6012827 ], [ 0.256432, 51.6012207 ], [ 0.2558145, 51.601202 ], [ 0.2555382, 51.6012208 ], [ 0.2552678, 51.6012431 ], [ 0.25479, 51.601335 ], [ 0.2547282, 51.6014864 ], [ 0.2544058, 51.6014791 ], [ 0.2541164, 51.601526 ], [ 0.2539827, 51.601596 ], [ 0.2541016, 51.6016639 ], [ 0.2541337, 51.6017577 ], [ 0.2538802, 51.6018597 ], [ 0.2538903, 51.601918 ], [ 0.253909, 51.6019742 ], [ 0.254167, 51.6020511 ], [ 0.2541678, 51.6020961 ], [ 0.2541403, 51.6022405 ], [ 0.254144, 51.6022863 ], [ 0.2541672, 51.602347 ], [ 0.2541876, 51.602379 ], [ 0.2543464, 51.6024371 ], [ 0.254588, 51.6023875 ], [ 0.2545968, 51.6023909 ], [ 0.2546391, 51.6024288 ], [ 0.2545817, 51.6025809 ], [ 0.2545816, 51.6026367 ], [ 0.2546144, 51.6026873 ], [ 0.2546699, 51.6027294 ], [ 0.2547288, 51.6027517 ], [ 0.2548385, 51.6027514 ], [ 0.2549788, 51.6026381 ], [ 0.2551391, 51.6026673 ], [ 0.2552684, 51.6027413 ], [ 0.2554083, 51.6029122 ], [ 0.2554895, 51.6030644 ], [ 0.2557015, 51.6030585 ], [ 0.2558911, 51.6030675 ], [ 0.2558663, 51.6031507 ], [ 0.2558371, 51.6032025 ], [ 0.2558331, 51.6032376 ], [ 0.2558402, 51.6032645 ], [ 0.2558741, 51.6033079 ], [ 0.2559011, 51.6033272 ], [ 0.2559336, 51.6033427 ], [ 0.2559716, 51.6033519 ], [ 0.256018, 51.6033546 ], [ 0.2560682, 51.6033482 ], [ 0.2561109, 51.6033366 ], [ 0.2561419, 51.6033207 ], [ 0.2561794, 51.6032903 ], [ 0.2562457, 51.603316 ], [ 0.256315, 51.6033453 ], [ 0.2564612, 51.6034981 ], [ 0.2565993, 51.6036042 ], [ 0.2565323, 51.6037089 ], [ 0.2564403, 51.6038042 ], [ 0.2564363, 51.6038412 ], [ 0.2564453, 51.6039057 ], [ 0.2564621, 51.6039522 ], [ 0.2564826, 51.6039878 ], [ 0.2565574, 51.60407 ], [ 0.2566624, 51.6041192 ], [ 0.2566888, 51.6041574 ], [ 0.2567236, 51.6041891 ], [ 0.2567639, 51.6042153 ], [ 0.2568257, 51.6042375 ], [ 0.2569527, 51.6042368 ], [ 0.2571123, 51.6045134 ], [ 0.2572259, 51.6046192 ], [ 0.2571519, 51.6047582 ], [ 0.2571298, 51.6049232 ], [ 0.2571728, 51.6049475 ], [ 0.2572064, 51.604955 ], [ 0.2572426, 51.604957 ], [ 0.2572771, 51.6049536 ], [ 0.2573269, 51.6049383 ], [ 0.2575186, 51.6049004 ], [ 0.2576727, 51.604892 ], [ 0.2578527, 51.6048535 ], [ 0.2579725, 51.6049097 ], [ 0.2580526, 51.6050115 ], [ 0.2581316, 51.6051179 ], [ 0.2581939, 51.605355 ], [ 0.2581974, 51.6055996 ], [ 0.2582188, 51.6057404 ], [ 0.2582102, 51.6060337 ], [ 0.2581154, 51.6061893 ], [ 0.2580924, 51.6063372 ], [ 0.2580531, 51.6065052 ], [ 0.2582936, 51.6065501 ], [ 0.2584179, 51.6065504 ], [ 0.2594054, 51.6067481 ], [ 0.2596561, 51.6067936 ], [ 0.2598868, 51.6068728 ], [ 0.2606734, 51.6071535 ], [ 0.2612179, 51.6073283 ], [ 0.2614372, 51.6074113 ], [ 0.2614651, 51.6074198 ], [ 0.2614929, 51.6074273 ], [ 0.2615046, 51.6074307 ], [ 0.2615338, 51.6074373 ], [ 0.261563, 51.6074431 ], [ 0.2615922, 51.6074488 ], [ 0.2616213, 51.6074536 ], [ 0.2616504, 51.6074585 ], [ 0.261681, 51.6074624 ], [ 0.261694, 51.6074639 ], [ 0.261726, 51.6074669 ], [ 0.2617593, 51.607469 ], [ 0.2617926, 51.607471 ], [ 0.2618244, 51.6074713 ], [ 0.2618577, 51.6074725 ], [ 0.2618909, 51.6074727 ], [ 0.2619169, 51.6074731 ], [ 0.2620051, 51.607475 ], [ 0.2620947, 51.6074751 ], [ 0.2621841, 51.6074734 ], [ 0.2622692, 51.6074708 ], [ 0.2626336, 51.6074224 ], [ 0.2628943, 51.6073778 ], [ 0.2630891, 51.6073174 ], [ 0.2642989, 51.6078301 ], [ 0.2642489, 51.6078976 ], [ 0.2642422, 51.6079085 ], [ 0.2642356, 51.6079203 ], [ 0.2642303, 51.6079312 ], [ 0.2642266, 51.607943 ], [ 0.2642214, 51.6079548 ], [ 0.2642191, 51.6079674 ], [ 0.2642168, 51.6079791 ], [ 0.2642145, 51.6079909 ], [ 0.2642137, 51.6080035 ], [ 0.2642125, 51.6080089 ], [ 0.2642131, 51.6080215 ], [ 0.2642137, 51.6080331 ], [ 0.2642158, 51.6080457 ], [ 0.2642193, 51.6080573 ], [ 0.2642227, 51.6080689 ], [ 0.2642262, 51.6080806 ], [ 0.2642312, 51.6080931 ], [ 0.2642375, 51.6081046 ], [ 0.2642424, 51.6081162 ], [ 0.2642502, 51.6081269 ], [ 0.2642565, 51.6081384 ], [ 0.2642629, 51.60815 ], [ 0.2642737, 51.6081651 ], [ 0.2642831, 51.6081793 ], [ 0.2642939, 51.6081935 ], [ 0.2643061, 51.6082067 ], [ 0.2643183, 51.60822 ], [ 0.264332, 51.6082332 ], [ 0.2643456, 51.6082455 ], [ 0.2643621, 51.6082578 ], [ 0.2643785, 51.6082683 ], [ 0.264386, 51.6082735 ], [ 0.2643993, 51.6082796 ], [ 0.2644127, 51.6082865 ], [ 0.264426, 51.6082925 ], [ 0.2644407, 51.6082985 ], [ 0.2644554, 51.6083037 ], [ 0.2644569, 51.6083045 ], [ 0.2645356, 51.6083183 ], [ 0.264078, 51.6088748 ], [ 0.2638858, 51.60899 ], [ 0.2636485, 51.6090674 ], [ 0.2634725, 51.6091311 ], [ 0.2632314, 51.6091897 ], [ 0.2628104, 51.6092922 ], [ 0.2622467, 51.6096619 ], [ 0.2616078, 51.6101455 ], [ 0.2610066, 51.6106615 ], [ 0.2604191, 51.6111342 ], [ 0.2597774, 51.611678 ], [ 0.2592361, 51.6120922 ], [ 0.259023, 51.6122816 ], [ 0.258861, 51.6124808 ], [ 0.2585601, 51.6128202 ], [ 0.2582764, 51.6129821 ], [ 0.2581118, 51.6131867 ], [ 0.2577437, 51.6140652 ], [ 0.2576656, 51.61418 ], [ 0.2570597, 51.6145739 ], [ 0.2562011, 51.6150571 ], [ 0.2555816, 51.6154117 ], [ 0.2552598, 51.6156229 ], [ 0.254565, 51.6162055 ], [ 0.254277, 51.6164268 ], [ 0.2540404, 51.6166085 ], [ 0.2532668, 51.6171189 ], [ 0.2527678, 51.6174261 ], [ 0.2527354, 51.6174438 ], [ 0.2527074, 51.6174606 ], [ 0.252668, 51.617482 ], [ 0.2526286, 51.6175044 ], [ 0.2521678, 51.6177668 ], [ 0.2516141, 51.618049 ], [ 0.2513957, 51.6181602 ], [ 0.2510711, 51.6183166 ], [ 0.2506534, 51.6185171 ], [ 0.2502654, 51.6187035 ], [ 0.2497528, 51.6189129 ], [ 0.2497274, 51.6189242 ], [ 0.2496778, 51.6189441 ], [ 0.2496438, 51.6189582 ], [ 0.2492162, 51.6191328 ], [ 0.2484508, 51.6194307 ], [ 0.2482849, 51.619495 ], [ 0.2482424, 51.619512 ], [ 0.2480683, 51.6195846 ], [ 0.2479905, 51.6196167 ], [ 0.2478333, 51.6196817 ], [ 0.2476464, 51.6197582 ], [ 0.2475827, 51.6197846 ], [ 0.2473307, 51.6198883 ], [ 0.2466996, 51.6201261 ], [ 0.2463468, 51.6202956 ], [ 0.2457814, 51.6204611 ], [ 0.2453272, 51.6206254 ], [ 0.244319, 51.6210682 ], [ 0.2433637, 51.6215011 ], [ 0.2423956, 51.6219081 ], [ 0.2419478, 51.6221432 ], [ 0.2414886, 51.6223525 ], [ 0.2408286, 51.6226223 ], [ 0.2400256, 51.6229201 ], [ 0.2396551, 51.623026 ], [ 0.2394284, 51.6231158 ], [ 0.2387019, 51.623502 ], [ 0.2382496, 51.6237651 ], [ 0.2380791, 51.6237638 ], [ 0.2380947, 51.623876 ], [ 0.2379466, 51.6239489 ], [ 0.2378803, 51.6239817 ], [ 0.2377175, 51.6240486 ], [ 0.2375735, 51.624117 ], [ 0.2375037, 51.6240788 ], [ 0.2373241, 51.6240705 ], [ 0.2373283, 51.6242143 ], [ 0.2368129, 51.624457 ], [ 0.235952, 51.6248431 ], [ 0.2353963, 51.6251486 ], [ 0.2346699, 51.6255671 ], [ 0.2341589, 51.6258116 ], [ 0.2339574, 51.625917 ], [ 0.2337477, 51.6260883 ], [ 0.2335143, 51.6262789 ], [ 0.2330985, 51.6266078 ], [ 0.2328707, 51.6267371 ], [ 0.2321171, 51.6272191 ], [ 0.2318019, 51.6273915 ], [ 0.231119, 51.627757 ], [ 0.2304509, 51.6281582 ], [ 0.2297641, 51.6285615 ], [ 0.2291176, 51.6289029 ], [ 0.2281979, 51.6293304 ], [ 0.2275288, 51.6296219 ], [ 0.2272469, 51.6297685 ], [ 0.2267949, 51.6300675 ], [ 0.2260817, 51.630554 ], [ 0.2254, 51.6309447 ], [ 0.2246502, 51.6314193 ], [ 0.2242432, 51.6316366 ], [ 0.2240601, 51.6317345 ], [ 0.2235843, 51.6312821 ], [ 0.2228381, 51.6306794 ], [ 0.2222502, 51.63024 ], [ 0.2220494, 51.6301233 ], [ 0.2209735, 51.6298693 ], [ 0.2204347, 51.6297545 ], [ 0.2197837, 51.6296805 ], [ 0.2190418, 51.6294598 ], [ 0.2183784, 51.629279 ], [ 0.2180286, 51.6292182 ], [ 0.2175196, 51.6290902 ], [ 0.2167819, 51.6288092 ], [ 0.2160036, 51.6284633 ], [ 0.2157005, 51.6282918 ], [ 0.2154155, 51.6282253 ], [ 0.2148693, 51.6279892 ], [ 0.2142443, 51.6277645 ], [ 0.2139629, 51.6276538 ], [ 0.2136522, 51.6275634 ], [ 0.2132536, 51.6276258 ], [ 0.212738, 51.627363 ], [ 0.212533, 51.6272778 ], [ 0.212388, 51.6272374 ], [ 0.2122654, 51.6272118 ], [ 0.2120819, 51.6271838 ], [ 0.2122236, 51.6269761 ], [ 0.2113776, 51.6268131 ], [ 0.2108305, 51.6267344 ], [ 0.2103128, 51.6267252 ], [ 0.2099828, 51.6267432 ], [ 0.2095388, 51.6267056 ], [ 0.2094, 51.6267029 ], [ 0.2087125, 51.6267086 ], [ 0.2085021, 51.6266892 ], [ 0.2084351, 51.6266797 ], [ 0.2082599, 51.6266425 ], [ 0.2075825, 51.6264673 ], [ 0.2071371, 51.6263713 ], [ 0.2068734, 51.6262972 ], [ 0.2067471, 51.6262546 ], [ 0.2066675, 51.6262219 ], [ 0.2065757, 51.6261769 ], [ 0.2064761, 51.6261194 ], [ 0.2062713, 51.6259766 ], [ 0.2061122, 51.6258834 ], [ 0.2060025, 51.625827 ], [ 0.2058845, 51.6257771 ], [ 0.205711, 51.6257147 ], [ 0.2054179, 51.6256303 ], [ 0.2047341, 51.6254732 ], [ 0.2039198, 51.6252456 ], [ 0.2035867, 51.6251701 ], [ 0.2034321, 51.6251415 ], [ 0.2031487, 51.6251054 ], [ 0.2029674, 51.6250927 ], [ 0.2026621, 51.6250831 ], [ 0.2019803, 51.6250257 ], [ 0.2010783, 51.6249878 ], [ 0.2006306, 51.6249611 ], [ 0.2002839, 51.6249326 ], [ 0.1993633, 51.6251063 ], [ 0.1986065, 51.6252625 ], [ 0.1969596, 51.625565 ], [ 0.1956148, 51.6256621 ], [ 0.1947474, 51.6257116 ], [ 0.1939447, 51.6255755 ], [ 0.1933643, 51.6255234 ], [ 0.1926649, 51.6254924 ], [ 0.1921646, 51.6254226 ], [ 0.1911687, 51.6252658 ], [ 0.1907594, 51.6251674 ], [ 0.1906018, 51.6251343 ], [ 0.1903968, 51.6251076 ], [ 0.1901563, 51.6250941 ], [ 0.1897868, 51.625101 ], [ 0.1895392, 51.6250004 ], [ 0.1895231, 51.6246958 ], [ 0.1893729, 51.6244873 ], [ 0.1887803, 51.6248716 ], [ 0.1885757, 51.6251236 ], [ 0.1883438, 51.6254103 ], [ 0.1870611, 51.6254755 ], [ 0.1859695, 51.6255193 ], [ 0.186033, 51.6253391 ], [ 0.1860822, 51.6250999 ], [ 0.186157, 51.6248512 ], [ 0.186241, 51.6245565 ], [ 0.1862113, 51.6245399 ], [ 0.1860822, 51.6244686 ], [ 0.1859041, 51.6243703 ], [ 0.1858758, 51.6243825 ], [ 0.1853518, 51.6246333 ], [ 0.1846403, 51.6250089 ], [ 0.1841432, 51.6252484 ], [ 0.1836487, 51.6254213 ], [ 0.1834961, 51.6254331 ], [ 0.1834247, 51.6254803 ], [ 0.1831451, 51.6254954 ], [ 0.1830464, 51.6255764 ], [ 0.1827573, 51.6257229 ], [ 0.1824708, 51.6258056 ], [ 0.1821217, 51.6258462 ], [ 0.1816422, 51.6258507 ], [ 0.1812104, 51.6258236 ], [ 0.1809973, 51.6257799 ], [ 0.1809977, 51.6256972 ], [ 0.1809915, 51.6256892 ], [ 0.1809853, 51.6256803 ], [ 0.1809777, 51.6256724 ], [ 0.1809701, 51.6256644 ], [ 0.180967, 51.62566 ], [ 0.1809579, 51.625652 ], [ 0.1809503, 51.6256441 ], [ 0.1809413, 51.6256371 ], [ 0.1809323, 51.6256291 ], [ 0.1809218, 51.6256221 ], [ 0.1809114, 51.6256151 ], [ 0.180901, 51.625609 ], [ 0.1808891, 51.625603 ], [ 0.1808773, 51.6255978 ], [ 0.1808641, 51.6255935 ], [ 0.1807657, 51.6256196 ], [ 0.1805847, 51.6257327 ], [ 0.1805713, 51.6256646 ], [ 0.1805108, 51.6253366 ], [ 0.1804383, 51.6249684 ], [ 0.1803696, 51.6244696 ], [ 0.180149, 51.6244207 ], [ 0.1799275, 51.6243798 ], [ 0.1797732, 51.6243566 ], [ 0.179413, 51.6243165 ], [ 0.178629, 51.624207 ], [ 0.1778389, 51.6240292 ], [ 0.1777732, 51.624016 ], [ 0.1771679, 51.623896 ], [ 0.1752762, 51.6235848 ], [ 0.1743753, 51.6232643 ], [ 0.1732569, 51.6228983 ], [ 0.1717939, 51.6223957 ], [ 0.1702826, 51.6219084 ], [ 0.169652, 51.6217114 ], [ 0.1688737, 51.6214174 ], [ 0.1687454, 51.6214845 ], [ 0.1684542, 51.621649 ], [ 0.1683299, 51.6217071 ], [ 0.168222, 51.6217486 ], [ 0.1680699, 51.6218009 ], [ 0.1678591, 51.6218624 ], [ 0.1676978, 51.6219031 ], [ 0.1674931, 51.6219437 ], [ 0.1661746, 51.6222882 ], [ 0.1658133, 51.6223767 ], [ 0.1654567, 51.6224427 ], [ 0.1654553, 51.6224427 ], [ 0.1649579, 51.622495 ], [ 0.1644328, 51.6225434 ], [ 0.1639506, 51.6226107 ], [ 0.1634149, 51.6227069 ], [ 0.163092, 51.6227525 ], [ 0.1627745, 51.6227898 ], [ 0.1627571, 51.6227892 ], [ 0.1625027, 51.6225745 ], [ 0.1607685, 51.6228069 ], [ 0.1580236, 51.6231119 ], [ 0.1564838, 51.6232715 ], [ 0.155885, 51.6233185 ], [ 0.1555175, 51.6233378 ], [ 0.1552073, 51.6233453 ], [ 0.154898, 51.6233429 ], [ 0.154584, 51.6233334 ], [ 0.1533553, 51.62332 ], [ 0.1530624, 51.6233271 ], [ 0.1527498, 51.6233158 ], [ 0.1525916, 51.6233016 ], [ 0.152362, 51.6232734 ], [ 0.1510459, 51.6232445 ], [ 0.1498248, 51.6232066 ], [ 0.149057, 51.6232234 ], [ 0.1487883, 51.6232247 ], [ 0.1450034, 51.6233227 ], [ 0.1448374, 51.6233275 ], [ 0.1398554, 51.6234688 ], [ 0.1381569, 51.6235429 ], [ 0.1379145, 51.6235797 ], [ 0.1376459, 51.623581 ], [ 0.1375644, 51.6236005 ], [ 0.1374925, 51.6236081 ], [ 0.137403, 51.6236088 ], [ 0.1372764, 51.6235905 ], [ 0.1362133, 51.6235945 ], [ 0.1361313, 51.6236023 ], [ 0.1360792, 51.6235997 ], [ 0.1359785, 51.6235781 ], [ 0.1357833, 51.6235448 ], [ 0.1355011, 51.6234735 ], [ 0.1341509, 51.6231482 ], [ 0.1330425, 51.6226189 ], [ 0.1326234, 51.6224314 ], [ 0.1323072, 51.6222492 ], [ 0.132191, 51.6222063 ], [ 0.1312629, 51.6219768 ], [ 0.131012, 51.6218959 ], [ 0.1305756, 51.6217384 ], [ 0.1301765, 51.6216071 ], [ 0.1291603, 51.6214412 ], [ 0.1288524, 51.6206959 ], [ 0.128546, 51.6206008 ], [ 0.1283851, 51.6205272 ], [ 0.1281968, 51.6204236 ], [ 0.12804, 51.6202844 ], [ 0.1278794, 51.6202172 ], [ 0.1275922, 51.6201297 ], [ 0.1274421, 51.6201019 ], [ 0.1273835, 51.620085 ], [ 0.1272582, 51.6200315 ], [ 0.1270636, 51.6199172 ], [ 0.1270164, 51.6198974 ], [ 0.1267895, 51.6198331 ], [ 0.1260712, 51.6196411 ], [ 0.1256753, 51.6192688 ], [ 0.125327, 51.6189568 ], [ 0.1251626, 51.6187772 ], [ 0.1249742, 51.6183004 ], [ 0.1248956, 51.6181642 ], [ 0.1247821, 51.6180224 ], [ 0.1243924, 51.617659 ], [ 0.1242651, 51.6175614 ], [ 0.1241714, 51.6175038 ], [ 0.1238739, 51.6173518 ], [ 0.1234702, 51.6171819 ], [ 0.1232925, 51.6171204 ], [ 0.1225052, 51.6167174 ], [ 0.1223006, 51.6166339 ], [ 0.1221892, 51.6165999 ], [ 0.1220181, 51.6165553 ], [ 0.1213521, 51.616276 ], [ 0.1210889, 51.6161756 ], [ 0.1209561, 51.616115 ], [ 0.1208466, 51.6160594 ], [ 0.1203165, 51.6157498 ], [ 0.119901, 51.6155765 ], [ 0.1192802, 51.6153665 ], [ 0.1185796, 51.6153648 ], [ 0.1166933, 51.6169213 ], [ 0.1166831, 51.6169196 ], [ 0.115709, 51.6165065 ], [ 0.1134227, 51.6155504 ], [ 0.1098779, 51.6140872 ], [ 0.1096048, 51.6139599 ], [ 0.1076209, 51.613447 ], [ 0.1070265, 51.6132733 ], [ 0.1059922, 51.6130545 ], [ 0.1055627, 51.6129489 ], [ 0.1049498, 51.6128133 ], [ 0.1040706, 51.612606 ], [ 0.1038109, 51.6125495 ], [ 0.1033875, 51.6134519 ], [ 0.101551, 51.6130612 ], [ 0.1001415, 51.6127231 ], [ 0.0994426, 51.6136034 ], [ 0.0980415, 51.6154198 ], [ 0.0975953, 51.6152039 ], [ 0.0974304, 51.6151367 ], [ 0.0971134, 51.6150273 ], [ 0.0970023, 51.6149996 ], [ 0.0964866, 51.6149054 ], [ 0.0960524, 51.6147926 ], [ 0.0948557, 51.6144021 ], [ 0.0936167, 51.6139701 ], [ 0.0928193, 51.6137163 ], [ 0.0928179, 51.6137164 ], [ 0.092258, 51.6135726 ], [ 0.0927967, 51.6132248 ], [ 0.0933295, 51.612781 ], [ 0.093528, 51.612576 ], [ 0.0936145, 51.6124783 ], [ 0.0936869, 51.6123879 ], [ 0.0939675, 51.6119872 ], [ 0.0943142, 51.6114559 ], [ 0.0945294, 51.6111733 ], [ 0.0946628, 51.6109641 ], [ 0.0947891, 51.610791 ], [ 0.0948086, 51.6107753 ], [ 0.0946657, 51.6107455 ], [ 0.0942094, 51.6106529 ], [ 0.0942041, 51.6105379 ], [ 0.0942079, 51.6103706 ], [ 0.0941576, 51.6102186 ], [ 0.0940485, 51.6100452 ], [ 0.0938818, 51.6098746 ], [ 0.0936899, 51.609753 ], [ 0.0926242, 51.6094753 ], [ 0.0918469, 51.6082131 ], [ 0.0916875, 51.6074785 ], [ 0.0924777, 51.6062891 ], [ 0.0925543, 51.6061951 ], [ 0.0924724, 51.6061732 ], [ 0.0924709, 51.6061723 ], [ 0.0923018, 51.6061376 ], [ 0.091402, 51.6059171 ], [ 0.0904382, 51.6056537 ], [ 0.0902838, 51.6055629 ], [ 0.0902192, 51.6056657 ], [ 0.0899714, 51.6056143 ], [ 0.0896029, 51.6055166 ], [ 0.0893313, 51.6053883 ], [ 0.0889002, 51.6051829 ], [ 0.0888951, 51.604852 ], [ 0.0871184, 51.6044655 ], [ 0.0868716, 51.6046263 ], [ 0.086866, 51.60463 ], [ 0.0867777, 51.6046883 ], [ 0.0866652, 51.6046903 ], [ 0.0864313, 51.6048815 ], [ 0.0855943, 51.6055555 ], [ 0.0855186, 51.6055425 ], [ 0.0854565, 51.6057009 ], [ 0.0852048, 51.6059113 ], [ 0.0848598, 51.6061684 ], [ 0.0844482, 51.6063573 ], [ 0.0838182, 51.6064135 ], [ 0.0833862, 51.6064724 ], [ 0.0832796, 51.606477 ], [ 0.0831742, 51.6064789 ], [ 0.0827858, 51.6064183 ], [ 0.0820009, 51.6066535 ], [ 0.0814927, 51.6067848 ], [ 0.0809476, 51.6068646 ], [ 0.0804675, 51.6069145 ], [ 0.0800099, 51.6069837 ], [ 0.0795124, 51.6070312 ], [ 0.0793454, 51.6070432 ], [ 0.0791434, 51.6070458 ], [ 0.0790535, 51.6070393 ], [ 0.0789227, 51.6070201 ], [ 0.0787944, 51.6069945 ], [ 0.0778825, 51.6067282 ], [ 0.0768841, 51.6064024 ], [ 0.0762698, 51.6061363 ], [ 0.0751527, 51.6055823 ], [ 0.0738144, 51.6050862 ], [ 0.0734869, 51.6049337 ], [ 0.0728055, 51.6046859 ], [ 0.0727913, 51.6046897 ], [ 0.0722303, 51.6048354 ], [ 0.0716641, 51.6049596 ], [ 0.0709888, 51.6050992 ], [ 0.0702953, 51.6052508 ], [ 0.0694924, 51.6055069 ], [ 0.068883, 51.605729 ], [ 0.0680669, 51.6059799 ], [ 0.0676576, 51.6060626 ], [ 0.0672792, 51.6061259 ], [ 0.066639, 51.606211 ], [ 0.0659406, 51.6063195 ], [ 0.0654623, 51.6066004 ], [ 0.0653919, 51.6066412 ], [ 0.0646724, 51.6069209 ], [ 0.0639843, 51.6072235 ], [ 0.0633497, 51.6071159 ], [ 0.0629721, 51.6069103 ], [ 0.0627444, 51.6070474 ], [ 0.0625412, 51.6070582 ], [ 0.0625189, 51.6070757 ], [ 0.0620331, 51.6074466 ], [ 0.0617463, 51.6076513 ], [ 0.0616086, 51.6076708 ], [ 0.0611176, 51.6079276 ], [ 0.061137, 51.6080055 ], [ 0.0606712, 51.6082754 ], [ 0.0599731, 51.6085817 ], [ 0.0592841, 51.6088366 ], [ 0.0583156, 51.6092636 ], [ 0.0574169, 51.6096715 ], [ 0.0564685, 51.6100667 ], [ 0.0559892, 51.6102954 ], [ 0.0540545, 51.6112375 ], [ 0.0534253, 51.6115696 ], [ 0.0531225, 51.6117412 ], [ 0.0528094, 51.6119095 ], [ 0.0526047, 51.6120138 ], [ 0.0518525, 51.6123084 ], [ 0.0515757, 51.6124157 ], [ 0.0508342, 51.6127569 ], [ 0.0500425, 51.6131062 ], [ 0.0490342, 51.6135204 ], [ 0.0488949, 51.6135696 ], [ 0.048789, 51.6135912 ], [ 0.0486815, 51.6135778 ], [ 0.0485398, 51.6135101 ], [ 0.0483902, 51.6133976 ], [ 0.0482052, 51.6132012 ], [ 0.0481869, 51.6132114 ], [ 0.0481199, 51.6132629 ], [ 0.0480676, 51.6133214 ], [ 0.0480358, 51.6133849 ], [ 0.0480256, 51.613448 ], [ 0.0480295, 51.6135028 ], [ 0.048048, 51.6135592 ], [ 0.048081, 51.6136197 ], [ 0.0481223, 51.6136712 ], [ 0.0481751, 51.6137197 ], [ 0.0482318, 51.6137601 ], [ 0.0483846, 51.61385 ], [ 0.0484416, 51.6138976 ], [ 0.0484874, 51.6139517 ], [ 0.0485094, 51.6139908 ], [ 0.048511, 51.6140592 ], [ 0.0485009, 51.6140908 ], [ 0.048478, 51.6141272 ], [ 0.0483372, 51.6142717 ], [ 0.0483278, 51.614289 ], [ 0.0482821, 51.6144597 ], [ 0.0482779, 51.6145281 ], [ 0.0482855, 51.6146009 ], [ 0.0483077, 51.614676 ], [ 0.0483482, 51.6147733 ], [ 0.0484572, 51.61498 ], [ 0.0487172, 51.6153343 ], [ 0.0487642, 51.6153829 ], [ 0.0488272, 51.6154349 ], [ 0.0489253, 51.615497 ], [ 0.0490406, 51.6155553 ], [ 0.0493301, 51.6156635 ], [ 0.0494305, 51.6157112 ], [ 0.0495433, 51.6157785 ], [ 0.0496597, 51.615861 ], [ 0.0497514, 51.6159421 ], [ 0.0498138, 51.6160121 ], [ 0.0499329, 51.6161872 ], [ 0.050003, 51.6162687 ], [ 0.050083, 51.6163446 ], [ 0.05015, 51.6163893 ], [ 0.0501884, 51.6164084 ], [ 0.0505147, 51.6165007 ], [ 0.0507409, 51.6165193 ], [ 0.0513175, 51.6166207 ], [ 0.0513951, 51.6166445 ], [ 0.0514498, 51.6166705 ], [ 0.0515599, 51.6167433 ], [ 0.0516512, 51.6167812 ], [ 0.0517009, 51.6167938 ], [ 0.0517691, 51.6168008 ], [ 0.0519746, 51.6168079 ], [ 0.0521215, 51.6167982 ], [ 0.0522997, 51.6167798 ], [ 0.052423, 51.6167587 ], [ 0.0525315, 51.6167299 ], [ 0.052631, 51.6166949 ], [ 0.0527201, 51.6166519 ], [ 0.0527973, 51.616602 ], [ 0.0529291, 51.6164819 ], [ 0.0529822, 51.6164414 ], [ 0.0531219, 51.6163679 ], [ 0.0531816, 51.616348 ], [ 0.0532447, 51.616337 ], [ 0.0533211, 51.616333 ], [ 0.0534037, 51.6163396 ], [ 0.0534635, 51.6163512 ], [ 0.053559, 51.6163873 ], [ 0.0535975, 51.6164082 ], [ 0.0536605, 51.6164601 ], [ 0.0541118, 51.6166654 ], [ 0.054185, 51.6167189 ], [ 0.0542246, 51.6167641 ], [ 0.0542482, 51.6168077 ], [ 0.0542558, 51.6168472 ], [ 0.0542487, 51.6168815 ], [ 0.0542286, 51.616916 ], [ 0.0541719, 51.6169736 ], [ 0.0541468, 51.6170559 ], [ 0.0541503, 51.6171035 ], [ 0.0541877, 51.6171946 ], [ 0.0542762, 51.6173324 ], [ 0.0543081, 51.6173975 ], [ 0.0543639, 51.6175134 ], [ 0.0543715, 51.6175538 ], [ 0.0543648, 51.6175989 ], [ 0.0543543, 51.6176224 ], [ 0.054261, 51.6177311 ], [ 0.0542222, 51.6177677 ], [ 0.0540103, 51.617936 ], [ 0.0536848, 51.618278 ], [ 0.0535012, 51.6182758 ], [ 0.0533465, 51.6183037 ], [ 0.0532441, 51.6184044 ], [ 0.0530716, 51.6184218 ], [ 0.0523464, 51.6182951 ], [ 0.0513272, 51.618116 ], [ 0.0506076, 51.6179838 ], [ 0.0499179, 51.6178744 ], [ 0.0490952, 51.6177611 ], [ 0.0479255, 51.6175117 ], [ 0.0478342, 51.617409 ], [ 0.0470542, 51.6173471 ], [ 0.0463955, 51.6173469 ], [ 0.046276, 51.6173885 ], [ 0.0461772, 51.6173759 ], [ 0.04613, 51.6172256 ], [ 0.0454057, 51.6172445 ], [ 0.0448317, 51.6171367 ], [ 0.0442895, 51.6170293 ], [ 0.0436788, 51.6169401 ], [ 0.0432238, 51.6168437 ], [ 0.0428857, 51.6167785 ], [ 0.0424894, 51.616638 ], [ 0.0421601, 51.6165106 ], [ 0.0418417, 51.6163678 ], [ 0.0415184, 51.6161809 ], [ 0.041255, 51.6160416 ], [ 0.0410845, 51.6159097 ], [ 0.0409737, 51.6157911 ], [ 0.040876, 51.6156741 ], [ 0.0407614, 51.6157274 ], [ 0.0407585, 51.6157283 ], [ 0.0406286, 51.6157935 ], [ 0.0406455, 51.6158166 ], [ 0.0406887, 51.6158779 ], [ 0.0406773, 51.6158808 ], [ 0.0403824, 51.6159732 ], [ 0.0401516, 51.6160446 ], [ 0.0399878, 51.616096 ], [ 0.040084, 51.6162445 ], [ 0.0401882, 51.6164091 ], [ 0.0384079, 51.6175245 ], [ 0.0383718, 51.6174919 ], [ 0.0377164, 51.6179196 ], [ 0.0375795, 51.6178636 ], [ 0.037519, 51.6178988 ], [ 0.0375051, 51.6181364 ], [ 0.0374514, 51.6183244 ], [ 0.0373604, 51.6183907 ], [ 0.0370305, 51.6186042 ], [ 0.0366743, 51.618908 ], [ 0.0363469, 51.6192428 ], [ 0.0360971, 51.6194369 ], [ 0.0359611, 51.6195301 ], [ 0.0356527, 51.6198061 ], [ 0.0354593, 51.6199704 ], [ 0.0346811, 51.620465 ], [ 0.0345593, 51.6205517 ], [ 0.034277, 51.6207643 ], [ 0.034244, 51.6208008 ], [ 0.034168, 51.620911 ], [ 0.0340008, 51.6210811 ], [ 0.0329941, 51.6219915 ], [ 0.0328774, 51.6221284 ], [ 0.0327554, 51.622242 ], [ 0.0325945, 51.6223599 ], [ 0.0323698, 51.6225041 ], [ 0.0321408, 51.6226493 ], [ 0.0316694, 51.6229308 ], [ 0.0314443, 51.6230993 ], [ 0.0304979, 51.623291 ], [ 0.0307011, 51.6236346 ], [ 0.0298252, 51.6240463 ], [ 0.0296381, 51.6241592 ], [ 0.0295612, 51.6242172 ], [ 0.0294606, 51.6243278 ], [ 0.0294159, 51.6243933 ], [ 0.029304, 51.6246066 ], [ 0.0292924, 51.6246364 ], [ 0.0289371, 51.6246722 ], [ 0.0290645, 51.625099 ], [ 0.0290564, 51.6251117 ], [ 0.0285483, 51.6253813 ], [ 0.0282559, 51.6255626 ], [ 0.0281199, 51.6256234 ], [ 0.0280204, 51.6256593 ], [ 0.0279089, 51.6256873 ], [ 0.0277727, 51.6257103 ], [ 0.0275453, 51.6257295 ], [ 0.0273973, 51.6257492 ], [ 0.0271163, 51.6257972 ], [ 0.0270219, 51.6258195 ], [ 0.0269421, 51.6258434 ], [ 0.0268076, 51.6259059 ], [ 0.0266615, 51.6259984 ], [ 0.0265972, 51.6260481 ], [ 0.0264654, 51.6261699 ], [ 0.0263618, 51.6263084 ], [ 0.0258643, 51.626719 ], [ 0.0248856, 51.6273231 ], [ 0.0245619, 51.6275166 ], [ 0.0239379, 51.6278457 ], [ 0.0229634, 51.628286 ], [ 0.0225486, 51.6284784 ], [ 0.0220221, 51.6287249 ], [ 0.0217927, 51.6288314 ], [ 0.0221343, 51.6294298 ], [ 0.0224813, 51.6297916 ], [ 0.0236907, 51.6306997 ], [ 0.0237251, 51.6307261 ], [ 0.023864, 51.6307956 ], [ 0.0239002, 51.6308957 ], [ 0.0238647, 51.6309089 ], [ 0.0238082, 51.6309369 ], [ 0.023873, 51.6311273 ], [ 0.0238169, 51.631166 ], [ 0.0238465, 51.6312797 ], [ 0.0240471, 51.6318248 ], [ 0.0243034, 51.6323878 ], [ 0.0244462, 51.632674 ], [ 0.0245961, 51.6329583 ], [ 0.0249873, 51.6334695 ], [ 0.0253952, 51.6340947 ], [ 0.0255467, 51.6343807 ], [ 0.0257124, 51.634564 ], [ 0.0256431, 51.6348242 ], [ 0.025415, 51.635025 ], [ 0.0251981, 51.6352482 ], [ 0.0249693, 51.6354967 ], [ 0.0249379, 51.6355387 ], [ 0.0247826, 51.6357823 ], [ 0.0247386, 51.6358667 ], [ 0.0247051, 51.6359581 ], [ 0.0246861, 51.6360502 ], [ 0.0246862, 51.6362138 ], [ 0.0246931, 51.6363378 ], [ 0.024762, 51.6366181 ], [ 0.0247811, 51.6367221 ], [ 0.02481, 51.6368196 ], [ 0.0248532, 51.6369151 ], [ 0.024911, 51.6370103 ], [ 0.0249987, 51.6371302 ], [ 0.0251329, 51.6372879 ], [ 0.0249797, 51.6373535 ], [ 0.0248953, 51.6374377 ], [ 0.0246835, 51.6374513 ], [ 0.0239306, 51.6375497 ], [ 0.0230565, 51.6377167 ], [ 0.0230308, 51.6379186 ], [ 0.0229539, 51.6387247 ], [ 0.0229386, 51.6395172 ], [ 0.0229809, 51.6400453 ], [ 0.0228388, 51.640554 ], [ 0.0227035, 51.6410869 ], [ 0.0226932, 51.6411141 ], [ 0.0218073, 51.6409207 ], [ 0.0218058, 51.6409207 ], [ 0.0200533, 51.6404455 ], [ 0.0193257, 51.6403357 ], [ 0.0180969, 51.6402624 ], [ 0.0173942, 51.6402565 ], [ 0.0167775, 51.6402968 ], [ 0.0163693, 51.6403479 ], [ 0.0158065, 51.6404331 ], [ 0.0151077, 51.6405799 ], [ 0.0148449, 51.6406168 ], [ 0.0146029, 51.6406677 ], [ 0.0144216, 51.6407185 ], [ 0.0141358, 51.6408241 ], [ 0.0139641, 51.6408307 ], [ 0.0134547, 51.6408808 ], [ 0.01278, 51.6410515 ], [ 0.0124444, 51.6411094 ], [ 0.0121538, 51.6411405 ], [ 0.0117112, 51.6411652 ], [ 0.0115668, 51.6411667 ], [ 0.0114877, 51.6411762 ], [ 0.0114319, 51.6411879 ], [ 0.0111452, 51.6412747 ], [ 0.0110266, 51.6413046 ], [ 0.0107343, 51.6413626 ], [ 0.0100159, 51.6414253 ], [ 0.0098723, 51.6414484 ], [ 0.0097687, 51.6414574 ], [ 0.0096633, 51.6414592 ], [ 0.0089478, 51.6414247 ], [ 0.0083962, 51.641471 ], [ 0.0073839, 51.6415863 ], [ 0.0070171, 51.6415935 ], [ 0.0065944, 51.6416448 ], [ 0.0065266, 51.6416469 ], [ 0.0063835, 51.6416466 ], [ 0.0061167, 51.6416602 ], [ 0.0058385, 51.6416433 ], [ 0.0054534, 51.6415977 ], [ 0.0050506, 51.6415741 ], [ 0.0042845, 51.6415404 ], [ 0.003507, 51.6415402 ], [ 0.00347, 51.6416532 ], [ 0.0031831, 51.6416023 ], [ 0.0029879, 51.6416012 ], [ 0.0029475, 51.641636 ], [ 0.0027822, 51.6416568 ], [ 0.0025253, 51.6416648 ], [ 0.0020808, 51.6416472 ], [ 0.0016297, 51.6416765 ], [ 0.0014322, 51.6417527 ], [ 0.0012302, 51.6417606 ], [ 0.0010409, 51.6417612 ], [ 0.0009082, 51.6418003 ], [ 0.0007982, 51.6418615 ], [ 0.0005784, 51.6420235 ], [ 0.0004601, 51.6421272 ], [ 0.0003492, 51.6422343 ], [ 0.0001774, 51.6424368 ], [ 0.0000725, 51.6426463 ], [ -0.0002795, 51.6432539 ], [ -0.0002945, 51.6433396 ], [ -0.0003102, 51.6433768 ], [ -0.0003705, 51.6434515 ], [ -0.0004067, 51.6434818 ], [ -0.0004826, 51.6435317 ], [ -0.0003133, 51.6436349 ], [ -0.000521, 51.6437095 ], [ -0.0008811, 51.6437048 ], [ -0.0011094, 51.6436745 ], [ -0.0018472, 51.6434955 ], [ -0.0021566, 51.6433929 ], [ -0.0029477, 51.6431186 ], [ -0.0036816, 51.6428316 ], [ -0.0040104, 51.6427158 ], [ -0.0040992, 51.6428675 ], [ -0.0042352, 51.6430605 ], [ -0.0043664, 51.643167 ], [ -0.0043953, 51.643199 ], [ -0.004421, 51.6432399 ], [ -0.0044508, 51.6433177 ], [ -0.0045858, 51.6435367 ], [ -0.0055193, 51.6433763 ], [ -0.0056604, 51.6433562 ], [ -0.0058027, 51.6433407 ], [ -0.0060506, 51.6433224 ], [ -0.0062529, 51.643324 ], [ -0.0066833, 51.6433323 ], [ -0.0073072, 51.6434427 ], [ -0.0079312, 51.6435162 ], [ -0.0080372, 51.6435387 ], [ -0.008164, 51.6435813 ], [ -0.0082177, 51.6436074 ], [ -0.0082979, 51.6436591 ], [ -0.0082847, 51.6437614 ], [ -0.0082839, 51.6439448 ], [ -0.0083067, 51.6441502 ], [ -0.0083107, 51.6442897 ], [ -0.0083002, 51.6444963 ], [ -0.0084722, 51.6444966 ], [ -0.008347, 51.6446824 ], [ -0.0082473, 51.6449783 ], [ -0.0080196, 51.6451939 ], [ -0.0079903, 51.6452357 ], [ -0.0079725, 51.6452794 ], [ -0.0079385, 51.6454596 ], [ -0.0080139, 51.6455202 ], [ -0.0077481, 51.6458466 ], [ -0.0073701, 51.6461604 ], [ -0.0076264, 51.646216 ], [ -0.0080033, 51.6463231 ], [ -0.0083628, 51.6463993 ], [ -0.0086188, 51.6464621 ], [ -0.0088457, 51.6464956 ], [ -0.0090083, 51.6465128 ], [ -0.0092404, 51.6465266 ], [ -0.0102022, 51.6465132 ], [ -0.0104026, 51.6462936 ], [ -0.010778, 51.6463692 ], [ -0.0111235, 51.6464003 ], [ -0.0115419, 51.6464199 ], [ -0.0116631, 51.6463914 ], [ -0.0120332, 51.6462565 ], [ -0.0120391, 51.6462224 ], [ -0.012286, 51.6462275 ], [ -0.0122841, 51.6462383 ], [ -0.0121039, 51.6472846 ], [ -0.0121001, 51.6473044 ], [ -0.0118994, 51.6486876 ], [ -0.0118636, 51.6488462 ], [ -0.0116604, 51.6497563 ], [ -0.0116259, 51.6503457 ], [ -0.0116155, 51.6507825 ], [ -0.011707, 51.6515322 ], [ -0.0117443, 51.6517028 ], [ -0.0117771, 51.6518787 ], [ -0.0118027, 51.6520545 ], [ -0.0118224, 51.6522311 ], [ -0.0118363, 51.6524085 ], [ -0.0118445, 51.6525858 ], [ -0.0118441, 51.6525939 ], [ -0.0118462, 51.652647 ], [ -0.0118482, 51.6527001 ], [ -0.0118473, 51.6527531 ], [ -0.0118449, 51.652807 ], [ -0.0118427, 51.6528259 ], [ -0.0118376, 51.6528761 ], [ -0.0118295, 51.6529273 ], [ -0.0118201, 51.6529775 ], [ -0.0118184, 51.6529837 ], [ -0.0118061, 51.6530339 ], [ -0.0117909, 51.6530831 ], [ -0.0117743, 51.6531331 ], [ -0.0117548, 51.6531823 ], [ -0.0117353, 51.6532305 ], [ -0.0114782, 51.6538862 ], [ -0.0111281, 51.654784 ], [ -0.0103876, 51.6565718 ], [ -0.0103827, 51.6565861 ], [ -0.0098286, 51.6579804 ], [ -0.009197, 51.6596252 ], [ -0.0091737, 51.6596608 ], [ -0.0091439, 51.6597133 ], [ -0.0091156, 51.6597659 ], [ -0.0090902, 51.6598185 ], [ -0.0090661, 51.6598721 ], [ -0.009045, 51.6599257 ], [ -0.0090252, 51.6599802 ], [ -0.0090084, 51.6600348 ], [ -0.008993, 51.6600894 ], [ -0.0089805, 51.660144 ], [ -0.008975, 51.66017 ], [ -0.0089672, 51.6602157 ], [ -0.0089609, 51.6602615 ], [ -0.0089545, 51.6603072 ], [ -0.0089511, 51.660353 ], [ -0.0089491, 51.6603988 ], [ -0.0089485, 51.6604447 ], [ -0.0089494, 51.6604906 ], [ -0.0089517, 51.6605365 ], [ -0.008957, 51.6605815 ], [ -0.0089636, 51.6606275 ], [ -0.0089732, 51.6606726 ], [ -0.0089842, 51.6607178 ], [ -0.0089931, 51.6607458 ], [ -0.009011, 51.6607992 ], [ -0.0090319, 51.6608517 ], [ -0.0090556, 51.6609033 ], [ -0.0090823, 51.660955 ], [ -0.0091118, 51.6610068 ], [ -0.0091414, 51.6610577 ], [ -0.0091754, 51.6611077 ], [ -0.0092108, 51.6611578 ], [ -0.0092476, 51.6612069 ], [ -0.0092503, 51.6612115 ], [ -0.0092901, 51.6612598 ], [ -0.00933, 51.6613082 ], [ -0.0093727, 51.6613556 ], [ -0.0094184, 51.6614023 ], [ -0.0094641, 51.661448 ], [ -0.0095127, 51.6614929 ], [ -0.0095628, 51.6615369 ], [ -0.0096159, 51.661581 ], [ -0.009669, 51.6616232 ], [ -0.0097249, 51.6616656 ], [ -0.0098578, 51.6617685 ], [ -0.0102101, 51.6620434 ], [ -0.0106453, 51.6624743 ], [ -0.0108011, 51.6626469 ], [ -0.0110653, 51.6629526 ], [ -0.011086, 51.6629772 ], [ -0.0111204, 51.6630165 ], [ -0.0111563, 51.6630558 ], [ -0.0111907, 51.663095 ], [ -0.0112251, 51.6631343 ], [ -0.0112581, 51.6631735 ], [ -0.0112896, 51.6632136 ], [ -0.0113196, 51.6632546 ], [ -0.0113467, 51.6632964 ], [ -0.0113695, 51.6633381 ], [ -0.0113935, 51.6633844 ], [ -0.011416, 51.6634306 ], [ -0.0114357, 51.6634777 ], [ -0.0114524, 51.6635248 ], [ -0.0114677, 51.6635718 ], [ -0.0114815, 51.6636197 ], [ -0.0114924, 51.6636675 ], [ -0.0114984, 51.6636964 ], [ -0.0115079, 51.6637442 ], [ -0.0115144, 51.6637929 ], [ -0.0115181, 51.6638415 ], [ -0.0115203, 51.6638892 ], [ -0.0115211, 51.6639378 ], [ -0.0114064, 51.6654016 ], [ -0.0113148, 51.6667669 ], [ -0.0113154, 51.6668506 ], [ -0.0113117, 51.6670016 ], [ -0.0113022, 51.6671525 ], [ -0.0112884, 51.6673033 ], [ -0.0112688, 51.6674541 ], [ -0.0112448, 51.6676038 ], [ -0.0112137, 51.6677535 ], [ -0.0112119, 51.6677616 ], [ -0.0111816, 51.6678932 ], [ -0.0111469, 51.6680239 ], [ -0.0111383, 51.6680544 ], [ -0.0111211, 51.6681179 ], [ -0.0111125, 51.6681492 ], [ -0.0111024, 51.6681814 ], [ -0.0110924, 51.6682127 ], [ -0.0110795, 51.6682431 ], [ -0.0110651, 51.6682743 ], [ -0.0110604, 51.6682823 ], [ -0.0110432, 51.6683126 ], [ -0.0110245, 51.6683429 ], [ -0.0110044, 51.6683722 ], [ -0.0109843, 51.6684016 ], [ -0.0109613, 51.6684308 ], [ -0.010937, 51.6684592 ], [ -0.0109062, 51.6685009 ], [ -0.0108537, 51.6685774 ], [ -0.010804, 51.6686548 ], [ -0.0107558, 51.6687322 ], [ -0.0107119, 51.6688106 ], [ -0.0107056, 51.6688222 ], [ -0.010693, 51.6688453 ], [ -0.0106649, 51.6688925 ], [ -0.0106523, 51.6689166 ], [ -0.0106396, 51.6689407 ], [ -0.010627, 51.6689647 ], [ -0.0106158, 51.6689888 ], [ -0.0106061, 51.6690129 ], [ -0.0105993, 51.6690371 ], [ -0.0105924, 51.6690622 ], [ -0.0105923, 51.6690649 ], [ -0.0105878, 51.6690998 ], [ -0.0105849, 51.6691349 ], [ -0.0105848, 51.6691699 ], [ -0.0105876, 51.6692051 ], [ -0.0105918, 51.6692402 ], [ -0.0105975, 51.6692754 ], [ -0.0106046, 51.6693106 ], [ -0.0106058, 51.669316 ], [ -0.010613, 51.6693503 ], [ -0.010623, 51.6693855 ], [ -0.0106346, 51.6694199 ], [ -0.0106475, 51.6694543 ], [ -0.0106619, 51.6694878 ], [ -0.010916, 51.669796 ], [ -0.0112299, 51.6703562 ], [ -0.0112433, 51.6703798 ], [ -0.0112662, 51.6704188 ], [ -0.011289, 51.6704588 ], [ -0.0113119, 51.6704978 ], [ -0.0113186, 51.6705097 ], [ -0.0113333, 51.6705378 ], [ -0.0113532, 51.6705777 ], [ -0.0113703, 51.6706175 ], [ -0.0113767, 51.6706347 ], [ -0.011397, 51.6706998 ], [ -0.0114115, 51.6707657 ], [ -0.0114231, 51.6708316 ], [ -0.0114284, 51.6708748 ], [ -0.0114317, 51.6708982 ], [ -0.0114375, 51.6709649 ], [ -0.0114383, 51.6709793 ], [ -0.0114426, 51.6710459 ], [ -0.011444, 51.6711125 ], [ -0.0114426, 51.671179 ], [ -0.0114383, 51.6712446 ], [ -0.011377, 51.6719162 ], [ -0.0111211, 51.6733344 ], [ -0.0109147, 51.6744793 ], [ -0.0108635, 51.6747895 ], [ -0.0108285, 51.674994 ], [ -0.0107605, 51.6752266 ], [ -0.0106804, 51.6755022 ], [ -0.0105727, 51.6758808 ], [ -0.0105506, 51.675956 ], [ -0.0104763, 51.6761993 ], [ -0.0103763, 51.6764026 ], [ -0.0103503, 51.6766324 ], [ -0.0103548, 51.6766621 ], [ -0.0103845, 51.6768416 ], [ -0.0104601, 51.6772961 ], [ -0.0105966, 51.6779423 ], [ -0.0106926, 51.6784259 ], [ -0.0108033, 51.6789358 ], [ -0.010989, 51.6795181 ], [ -0.0110115, 51.6795985 ], [ -0.0111472, 51.6800675 ], [ -0.0111549, 51.6806845 ], [ -0.0111383, 51.6807328 ], [ -0.0110919, 51.6808669 ], [ -0.0112394, 51.6808685 ], [ -0.011945, 51.6808751 ], [ -0.0122039, 51.6808767 ], [ -0.0140349, 51.6809491 ], [ -0.015069, 51.6809863 ], [ -0.0160218, 51.6809988 ], [ -0.0175099, 51.6810069 ], [ -0.0177977, 51.681009 ], [ -0.0182157, 51.6810422 ], [ -0.0196552, 51.6811393 ], [ -0.0197979, 51.6811489 ], [ -0.0209606, 51.6812908 ], [ -0.0221501, 51.681479 ], [ -0.0229164, 51.6815557 ], [ -0.0231968, 51.6815928 ], [ -0.0233994, 51.6815252 ], [ -0.0241791, 51.6816588 ], [ -0.0244856, 51.6817278 ], [ -0.0247177, 51.6817803 ], [ -0.0252273, 51.6818707 ], [ -0.025977, 51.6819939 ], [ -0.0266285, 51.6820822 ], [ -0.0271288, 51.6821212 ], [ -0.0275872, 51.68219 ], [ -0.0277135, 51.6822479 ], [ -0.0284028, 51.6823296 ], [ -0.0294386, 51.6824297 ], [ -0.0306604, 51.6825419 ], [ -0.0306991, 51.6824176 ], [ -0.0329606, 51.6825067 ], [ -0.032994, 51.6824695 ], [ -0.0331196, 51.6824761 ], [ -0.0334184, 51.6824919 ], [ -0.0342641, 51.6825367 ], [ -0.0342679, 51.6824504 ], [ -0.0345219, 51.6824636 ], [ -0.0369207, 51.6825883 ], [ -0.0370362, 51.6825947 ], [ -0.0370328, 51.6826738 ], [ -0.0371094, 51.6826751 ], [ -0.03711, 51.6826949 ], [ -0.0371097, 51.6827011 ], [ -0.037108, 51.6827398 ], [ -0.0371039, 51.6828027 ], [ -0.037127, 51.6828039 ], [ -0.0371674, 51.6828055 ], [ -0.0396536, 51.6829181 ], [ -0.0410901, 51.6830185 ], [ -0.0414911, 51.683045 ], [ -0.042472, 51.6831099 ], [ -0.0425138, 51.6831124 ], [ -0.0425246, 51.6830298 ], [ -0.0436979, 51.6830943 ], [ -0.0436633, 51.6831585 ], [ -0.0437453, 51.6831707 ], [ -0.0436556, 51.6833391 ], [ -0.043684, 51.6833495 ], [ -0.044153, 51.6834112 ], [ -0.0442693, 51.6834321 ], [ -0.0446932, 51.683431 ], [ -0.0452395, 51.6834419 ], [ -0.0458641, 51.6834172 ], [ -0.0460916, 51.6834075 ], [ -0.0461018, 51.6834068 ], [ -0.0461758, 51.6834017 ], [ -0.0462497, 51.6833976 ], [ -0.0463251, 51.6833952 ], [ -0.0463989, 51.6833938 ], [ -0.0464741, 51.6833932 ], [ -0.0465479, 51.6833944 ], [ -0.046623, 51.6833966 ], [ -0.0466981, 51.6833996 ], [ -0.0467717, 51.6834045 ], [ -0.0468452, 51.6834111 ], [ -0.0468826, 51.6834144 ], [ -0.0469331, 51.6834188 ], [ -0.0469849, 51.6834242 ], [ -0.0470353, 51.6834304 ], [ -0.0470856, 51.6834367 ], [ -0.0471359, 51.6834447 ], [ -0.0471862, 51.6834527 ], [ -0.047235, 51.6834625 ], [ -0.0472407, 51.6834635 ], [ -0.047288, 51.6834742 ], [ -0.0473352, 51.6834858 ], [ -0.047381, 51.6834973 ], [ -0.0474268, 51.6835107 ], [ -0.0474725, 51.683524 ], [ -0.0475167, 51.6835383 ], [ -0.0475609, 51.6835534 ], [ -0.0476036, 51.6835703 ], [ -0.0476178, 51.683575 ], [ -0.0476605, 51.6835919 ], [ -0.0477017, 51.6836097 ], [ -0.0477414, 51.6836283 ], [ -0.0477811, 51.6836479 ], [ -0.0478207, 51.6836683 ], [ -0.0478574, 51.6836887 ], [ -0.0478941, 51.68371 ], [ -0.0481038, 51.6838789 ], [ -0.0483457, 51.6840745 ], [ -0.0486064, 51.6840006 ], [ -0.0486078, 51.6840006 ], [ -0.0487813, 51.6840044 ], [ -0.0489559, 51.6840469 ], [ -0.0490934, 51.6840797 ], [ -0.0492068, 51.6842695 ], [ -0.0498303, 51.6841009 ], [ -0.050222, 51.6839744 ], [ -0.0504903, 51.6838907 ], [ -0.0506619, 51.6838369 ], [ -0.0511131, 51.6837059 ], [ -0.0511438, 51.6836965 ], [ -0.0514904, 51.6835764 ], [ -0.0517208, 51.6835325 ], [ -0.0521874, 51.6834809 ], [ -0.0528717, 51.683379 ], [ -0.0534657, 51.6833591 ], [ -0.0541615, 51.6833266 ], [ -0.0544157, 51.6833344 ], [ -0.0548237, 51.6833331 ], [ -0.055141, 51.6832547 ], [ -0.0554659, 51.6831666 ], [ -0.0559262, 51.6830941 ], [ -0.0566266, 51.6829861 ], [ -0.0570564, 51.6829825 ], [ -0.0572952, 51.6829801 ], [ -0.0578644, 51.6829293 ], [ -0.0587964, 51.6829213 ], [ -0.0588453, 51.6829958 ], [ -0.0590702, 51.683014 ], [ -0.0593218, 51.6828464 ], [ -0.0597675, 51.6828438 ], [ -0.0604634, 51.682876 ], [ -0.0606482, 51.6828845 ], [ -0.0609962, 51.6828983 ], [ -0.0611305, 51.6829041 ], [ -0.0615391, 51.6829567 ], [ -0.0620433, 51.6830055 ], [ -0.0632759, 51.6832066 ], [ -0.0634921, 51.6832938 ], [ -0.063591, 51.6833161 ], [ -0.06377, 51.6833235 ], [ -0.0638089, 51.6833287 ], [ -0.0641308, 51.6833439 ], [ -0.0645414, 51.6834172 ], [ -0.0650806, 51.6835277 ], [ -0.0655075, 51.6836255 ], [ -0.065891, 51.6837245 ], [ -0.0663677, 51.6838429 ], [ -0.0672106, 51.6841266 ], [ -0.0675645, 51.6842736 ], [ -0.0679129, 51.6843818 ], [ -0.0679873, 51.6844019 ], [ -0.0685577, 51.6846289 ], [ -0.0689833, 51.6847933 ], [ -0.0694922, 51.685004 ], [ -0.0700725, 51.6852716 ], [ -0.0707831, 51.6856061 ], [ -0.0716007, 51.6860098 ], [ -0.0720163, 51.6861695 ], [ -0.0724583, 51.6863557 ], [ -0.0730472, 51.6865929 ], [ -0.0739881, 51.6869554 ], [ -0.0742745, 51.6870257 ], [ -0.0750779, 51.6872862 ], [ -0.0755219, 51.6874598 ], [ -0.0759694, 51.6876551 ], [ -0.0764286, 51.6878128 ], [ -0.0768494, 51.6879878 ], [ -0.0774847, 51.6882563 ], [ -0.0778696, 51.6884263 ], [ -0.0781962, 51.688571 ], [ -0.0790209, 51.6889118 ], [ -0.0792945, 51.6889433 ], [ -0.0795078, 51.6889962 ], [ -0.0795277, 51.6890046 ], [ -0.0795562, 51.6890159 ], [ -0.0795861, 51.6890263 ], [ -0.0796161, 51.6890357 ], [ -0.0796375, 51.6890433 ], [ -0.0796546, 51.6890481 ], [ -0.0796703, 51.6890528 ], [ -0.0796875, 51.6890567 ], [ -0.0797047, 51.6890606 ], [ -0.0797162, 51.6890626 ], [ -0.0797436, 51.6890666 ], [ -0.0797709, 51.6890698 ], [ -0.0797997, 51.6890729 ], [ -0.0798242, 51.6890751 ], [ -0.0798516, 51.6890765 ], [ -0.0798805, 51.6890778 ], [ -0.0805312, 51.6891541 ], [ -0.0805962, 51.689157 ], [ -0.0806915, 51.689163 ], [ -0.0807881, 51.6891709 ], [ -0.0808846, 51.6891806 ], [ -0.0809638, 51.6891891 ], [ -0.0809796, 51.6891911 ], [ -0.0810746, 51.6892035 ], [ -0.0811695, 51.6892176 ], [ -0.0812629, 51.6892326 ], [ -0.0812959, 51.6892386 ], [ -0.0814007, 51.6892582 ], [ -0.081504, 51.6892797 ], [ -0.0815642, 51.6892924 ], [ -0.0816101, 51.6893021 ], [ -0.0816574, 51.6893128 ], [ -0.0817032, 51.6893234 ], [ -0.081749, 51.6893359 ], [ -0.0817933, 51.6893483 ], [ -0.081829, 51.6893597 ], [ -0.0818718, 51.6893739 ], [ -0.0819146, 51.6893898 ], [ -0.0819573, 51.6894058 ], [ -0.0819985, 51.6894227 ], [ -0.0820383, 51.6894404 ], [ -0.082078, 51.689459 ], [ -0.082108, 51.6894685 ], [ -0.0823732, 51.6895601 ], [ -0.0826813, 51.6896658 ], [ -0.083384, 51.6898122 ], [ -0.0839362, 51.6899624 ], [ -0.0848469, 51.6900842 ], [ -0.0854, 51.6901427 ], [ -0.0858507, 51.6901581 ], [ -0.0862338, 51.6901671 ], [ -0.0863586, 51.6901574 ], [ -0.0866315, 51.6901349 ], [ -0.0871265, 51.6901313 ], [ -0.0878762, 51.6900563 ], [ -0.088513, 51.689983 ], [ -0.0890259, 51.6899329 ], [ -0.0895214, 51.6899149 ], [ -0.0901762, 51.6898958 ], [ -0.0911414, 51.6899259 ], [ -0.0914831, 51.6899207 ], [ -0.0920568, 51.6899705 ], [ -0.0930873, 51.6900322 ], [ -0.0943151, 51.6900791 ], [ -0.0948028, 51.6901113 ], [ -0.0953207, 51.6901817 ], [ -0.0958817, 51.6903284 ], [ -0.0965606, 51.6904914 ], [ -0.0966743, 51.6904716 ], [ -0.096888, 51.6905515 ] ] ] } }
]
}
